0.0000,87.3840,30.3611,132.9075,37.9154,20.9731,44.0474,68.8003,157.0092,25.2025,35.3983,125.6888,19.3489,41.0190,41.0785,111.6217,58.3184,143.1714,56.0808,172.1111,49.3225,80.5332,27.9671,74.4882,114.6925,139.3182,155.8813,81.9906,127.7636,76.3848,51.6502,27.4620,70.8084,56.1085,67.1710,75.4147,85.0247,85.8883,94.6601,51.2583,69.3636,101.4726,102.5798,37.0417,95.8158,104.4213,146.0799,156.1854,64.6672,59.7968,21.7087,86.8111,14.5971,91.0464,44.3594,50.6131,122.4729,116.9267,79.6245,40.9793,24.6805,117.5953,33.5627,59.0330,22.1875,37.4008,93.0961,44.5403,61.5701,14.7918,137.8120,54.2567,112.9117,74.1710,33.3886,76.9593,50.0620,99.1510,30.2891,73.9544,120.9833,113.3469,101.6217,36.2956,67.9362,8.8782,45.1133,80.6477,60.4834,149.6090,102.0459,100.7483,122.1517,16.7606,2.7742,90.1545,151.2953,108.0987,59.0968,13.9796,149.7997,72.2538,98.8266,109.2206,67.5799,93.1093,94.4084,134.9515,123.9897,146.2756,47.6408,86.0143,51.6451,108.9589,160.9982,69.3808,57.7964,63.2908,114.1665,72.9123,83.6504,117.3607,97.1683,133.2127,34.1686,141.5736,9.4713,60.5549,76.8365,97.1410,115.6227,62.5990,171.7525,93.4408,61.0358,129.0499,64.0783,113.6534,61.2193,87.5461,166.9970,67.4531,114.6887,117.7867,82.1936,126.5445,122.5849,96.0538,75.1809,67.6843,128.6960,71.3025,28.4275,153.7088,66.5235,102.4307,104.6947,67.8804,90.3242,61.4073,57.7234,60.4097,145.8211,123.7445,17.6690,101.8701,55.3586,67.2645,169.7028,86.7288,119.4970,60.2844,15.0129,76.8829,43.5535,59.7594,108.7306,32.2942,31.9858,93.2837,94.3088,126.9691,105.8042,52.0965,91.0994,155.7325,59.3574,25.3560,30.4692,101.2915,153.5666,58.2850,3.7074,33.7905,55.4455,66.3121,62.7013
87.3840,0.0000,64.4099,71.2616,61.4334,71.4142,79.0754,20.9780,79.3172,63.0821,122.0909,59.7696,73.1855,127.6138,123.4351,29.8347,41.5007,72.5461,38.9167,90.8658,38.3375,9.5079,114.4082,78.6883,36.4730,74.7571,87.5599,82.9255,50.1503,39.3095,38.7408,92.9357,52.1345,53.0690,46.9063,36.9406,20.7697,1.4958,27.4099,43.8959,64.7271,64.1942,18.3890,73.9638,56.5277,30.0740,60.7082,138.8079,27.7385,80.4717,102.5341,44.8699,75.2249,107.3919,69.9409,114.1824,95.4651,29.5463,36.5259,46.5044,62.7450,31.3231,64.0016,29.0601,82.5350,63.5350,53.1612,108.1685,57.0881,74.3120,72.4920,35.8784,51.4989,37.9550,78.5205,10.4582,136.8508,165.8515,90.6717,44.4333,80.7682,78.5114,148.8427,60.6318,73.9884,94.5098,44.0836,7.8447,63.0207,67.5701,54.1229,46.5502,91.5815,89.5563,86.8515,39.7135,84.1968,22.9681,68.2591,86.0338,69.9735,44.6074,16.2310,22.7767,153.7763,69.9561,62.8809,57.9206,129.4759,104.5648,63.0554,71.8074,65.0334,124.0690,83.0654,130.9703,45.7183,25.0190,45.8280,22.5660,7.9443,67.5138,160.6321,86.4471,60.3745,56.5770,78.9818,65.7793,23.6587,31.5603,52.5168,47.8635,175.9457,30.8855,51.7085,47.0726,42.6362,90.4405,61.7777,132.5614,82.6546,114.2241,45.4180,30.4030,28.7972,82.5747,70.6824,50.8422,60.4062,20.6252,87.0286,101.5035,62.7744,74.8569,81.5632,15.6478,17.3525,81.6451,55.5463,108.1693,41.0654,39.6108,70.5032,107.1652,104.8714,42.4746,74.0249,22.7748,85.2649,150.7743,32.1458,31.3210,97.7244,70.7675,127.2951,28.1403,73.3492,114.9933,68.5169,57.0470,10.3617,60.2737,27.4530,52.1675,19.0171,69.3176,63.8805,67.0945,60.1917,88.9993,145.2955,29.2997,83.7195,69.6256,32.3168,118.6020,48.6135
30.3611,64.4099,0.0000,122.2987,39.9790,30.2686,23.6703,43.8178,140.5915,11.2441,60.2842,95.7679,11.1743,65.4906,71.4381,84.7043,49.3290,129.5323,44.8186,153.9922,27.4857,59.7506,52.6722,48.2585,96.8854,127.9108,125.7835,88.5806,110.7112,66.8824,25.7260,51.7084,40.5116,25.7819,36.8352,65.0206,68.3121,62.9707,78.9115,22.5499,71.1661,96.8562,76.9482,48.1730,89.7370,87.4163,125.0409,162.1582,48.7225,36.4607,38.9954,56.5610,27.4838,104.4003,52.1457,76.9593,93.8627,93.3386,49.8768,24.6260,18.1130,95.7110,37.2574,40.2096,18.1390,41.1327,86.3709,45.3472,60.8992,26.1273,126.0543,28.5977,82.9321,44.3413,47.9731,54.6633,78.9433,104.5045,52.5794,66.6882,117.2126,110.8202,125.6778,37.3633,41.1832,39.2180,32.0644,56.8405,62.7659,130.8155,93.7980,90.1874,93.0878,42.4081,31.4987,60.2387,139.3266,86.9110,31.4679,22.9845,121.2703,41.9734,78.4413,84.3069,90.7106,63.6722,64.3287,106.1532,136.0262,143.4680,51.0817,57.2537,23.3425,89.5089,131.9282,70.2360,27.7192,39.4148,84.7566,45.9833,62.8030,109.9567,125.2944,127.9559,4.2992,120.8108,26.8772,32.1916,61.1835,82.2898,85.6975,32.2627,185.2435,64.4981,57.7537,109.9872,56.2643,115.1958,31.9812,79.4819,139.6173,89.4038,100.2504,94.0605,53.3570,96.4510,114.8511,87.9371,45.4432,43.7847,124.9528,87.5847,28.9015,136.6668,75.9931,80.0494,80.9700,77.0915,84.9764,51.9974,48.3548,31.1061,130.2764,128.3331,46.9897,72.0840,30.0760,42.0675,149.4738,114.7539,96.0721,33.8729,35.3066,48.6016,73.8460,40.4442,78.8192,51.2817,6.2044,87.9008,69.3130,97.0856,87.4634,48.9301,63.9134,133.6990,30.5870,5.1249,6.3167,105.4932,129.5390,38.4170,27.0546,42.2020,36.5786,60.8327,32.3480
132.9075,71.2616,122.2987,0.0000,95.4354,112.0822,142.8297,87.9143,36.3429,115.5761,167.2145,119.1008,126.8546,172.7327,155.3519,85.1753,75.0699,16.8315,78.4226,53.9700,95.7174,68.8745,160.3391,148.8984,38.1451,7.0800,138.1749,73.0396,30.5964,56.7313,100.8525,123.1209,122.6849,120.5792,116.9134,58.0544,56.0213,71.8591,45.6592,108.1990,70.0004,36.7207,77.8172,101.4657,38.9846,41.2740,53.8663,84.2807,73.7286,148.1223,153.3517,115.8773,118.3151,93.2372,93.7335,133.1080,164.8491,64.8649,107.7845,97.9810,111.4018,55.8236,99.7619,82.8057,138.3592,96.3994,40.8013,167.3809,73.4695,118.1549,6.8422,98.5718,115.8064,108.8980,106.9638,75.3382,174.0133,226.6238,119.1163,58.9825,29.8330,36.1653,143.6183,96.7479,143.5315,136.5106,91.0880,77.6631,76.9532,43.2036,31.2951,32.4069,160.5347,126.0622,131.0881,110.1684,18.9755,54.9809,136.4395,138.1694,110.1247,115.3651,56.0220,72.9381,198.9225,141.0827,133.7007,106.7747,96.1280,39.8147,87.7984,143.0465,131.4730,194.9381,122.5908,192.5344,113.2786,88.5070,107.5700,92.5238,66.8750,19.3464,166.6041,23.7597,119.3850,50.9444,123.4547,134.3489,61.6889,41.5954,115.6269,116.9271,130.3903,100.1210,72.4867,40.3310,68.8950,50.6930,130.5835,199.1480,107.5153,120.6511,25.9515,65.5711,100.0192,148.7532,15.1444,37.1227,131.2802,85.6404,29.6160,101.9803,104.5910,36.9168,85.0093,62.1984,67.6121,83.9721,44.5831,172.7778,75.8182,107.4184,26.1067,63.8300,147.1494,109.9494,141.1068,89.4157,61.7444,159.3492,63.8046,96.7996,147.0665,141.5348,160.1625,82.8536,142.8156,165.0135,128.0121,41.9907,76.5432,118.8904,44.8309,80.9810,88.4250,63.5640,132.2481,122.6371,116.3405,61.4186,215.5638,84.9903,130.0065,101.5075,86.1770,182.4604,117.7218
37.9154,61.4334,39.9790,95.4354,0.0000,16.9521,63.5081,49.2323,121.5757,29.0079,71.7848,113.0817,37.9035,77.3168,64.1576,90.1343,22.9925,106.5625,23.1392,137.5402,32.3005,52.5960,64.9269,86.1383,81.1631,101.9985,143.3170,48.7902,93.2678,39.6382,39.6376,32.0767,70.1995,57.5300,64.1969,39.1389,52.3276,60.0424,60.5051,45.0146,32.7359,63.5924,79.2867,13.0345,57.9172,70.7031,114.4154,122.9544,34.1422,76.1341,59.2273,79.8410,23.4501,64.9548,12.9092,52.9401,126.7551,89.4087,70.0421,23.2390,22.2833,87.8741,4.3599,33.4363,49.2261,2.1848,55.2580,78.0849,23.8624,23.5934,100.6026,40.6024,101.4309,65.8441,17.1060,51.5518,80.5292,135.7620,29.3877,36.5125,83.2744,75.8330,93.3993,2.6245,78.9975,41.0878,19.5946,56.8511,23.8554,115.8858,64.3477,63.6443,124.9030,31.4939,35.8728,80.1760,114.0451,78.1000,69.1547,45.9393,130.4119,67.5481,68.5609,84.1838,103.6168,95.7536,93.5751,117.0129,96.1192,108.8617,11.2743,91.4321,61.1245,129.3240,143.0185,103.8970,54.2712,43.3788,99.6438,56.1402,55.3796,79.4842,100.5583,95.3616,39.9839,109.7579,28.6700,68.9693,44.0544,62.2412,103.6155,60.4786,145.4006,78.9035,23.1513,96.0535,27.3538,77.5473,67.3025,117.6077,144.0880,56.7792,78.9385,90.4141,68.7028,123.8858,84.7195,58.3916,77.9142,46.5990,91.0231,49.9860,11.6812,118.6941,36.1299,74.2454,78.1646,37.1820,52.4114,90.0266,22.7855,52.8309,110.0631,89.4172,51.7887,90.0467,69.3698,48.4511,136.7933,90.3785,91.6162,45.7346,52.6500,84.1893,68.5178,34.5373,108.1631,70.2088,45.9513,55.3689,70.6902,114.0653,73.1119,14.4854,72.0744,124.8633,66.9321,37.0593,34.1803,66.5337,167.2987,34.3043,35.4124,8.2129,31.2890,97.5311,61.0258
20.9731,71.4142,30.2686,112.0822,16.9521,0.0000,52.0146,55.3164,137.0962,19.4306,55.3790,116.9716,24.3033,60.9654,52.0470,98.1664,38.0278,122.7157,36.4949,152.6193,35.7972,63.5335,48.3103,78.5144,95.5455,118.5569,147.4607,63.1818,108.2259,55.7675,40.8940,23.8851,67.4753,53.2579,62.3450,54.9595,66.0427,69.9392,75.1426,43.6161,48.9742,80.5388,88.1160,19.0506,74.8428,85.1437,127.9125,137.7164,46.2104,66.3183,42.3207,80.4373,6.5475,75.6990,25.0358,48.7961,123.0027,100.5817,71.6355,25.9697,13.4102,100.2117,12.6107,42.3561,34.4499,16.5680,72.1341,62.2915,40.7130,6.9265,117.0957,42.8661,104.6264,66.6706,17.8285,61.0140,66.2070,119.1900,23.5007,53.1003,100.1552,92.6231,95.7346,15.3532,71.4195,24.9214,27.3896,65.5377,40.0374,130.4783,81.1276,80.0474,121.8085,18.1862,19.0138,82.2433,130.5674,90.5163,61.6439,29.8097,137.7604,66.6658,81.0410,93.9943,87.4418,92.2560,91.6088,123.5431,108.1143,125.6176,27.1117,86.6103,53.4707,118.8084,149.7608,87.9556,52.1701,49.3912,104.2985,60.9633,66.5602,96.3912,97.6736,112.3000,31.9967,123.3193,11.7464,62.1503,57.7252,77.3241,107.0967,58.0429,156.9039,83.2093,40.0630,110.2001,43.4164,93.6405,61.4248,103.2820,153.2512,59.2462,94.5671,101.5184,72.2234,123.2241,101.6180,75.1455,73.9253,53.4312,107.8898,57.7919,8.7441,133.9846,48.6743,85.6353,88.7019,49.9356,69.3529,75.9689,37.5419,52.6751,125.7468,104.6375,35.7569,93.2242,60.2372,54.0800,150.9992,87.1670,102.9990,48.8540,35.7171,78.3629,55.8846,43.2785,106.3366,53.2665,35.2520,72.3139,79.5604,118.1095,86.9858,31.1605,78.5378,137.9778,60.3865,25.9134,26.1444,81.8951,159.8027,42.2606,18.4998,14.0783,39.1728,82.6567,58.4051
44.0474,79.0754,23.6703,142.8297,63.5081,52.0146,0.0000,58.2487,157.8876,34.5121,62.0403,95.6526,28.0059,66.1080,82.2535,93.0812,72.0794,148.5798,67.2347,169.9412,47.1995,76.6492,55.5379,31.2148,114.2142,148.0314,123.8138,112.2105,128.1662,88.9259,42.2357,70.1954,37.8966,27.4889,38.1218,86.8602,87.3749,77.7915,98.0570,35.5320,94.8151,119.5369,87.7198,70.7649,112.1853,105.5510,139.1590,185.8169,69.2810,15.7973,40.0148,56.3855,47.6588,127.3875,75.3772,94.4924,80.3320,105.8680,53.7089,47.2075,41.3301,109.8790,60.5581,60.0434,22.0824,64.5500,108.7163,31.0840,84.4921,46.4564,146.0480,44.7604,83.0311,48.5367,69.7923,70.7007,84.1408,86.7992,72.0242,89.2984,139.8730,133.7739,145.0044,60.9068,25.4590,52.1666,54.8144,71.2313,86.4361,146.6451,115.6010,111.2981,80.7323,59.7882,46.2781,62.1611,159.0487,102.0375,19.0831,30.7988,125.0662,43.2624,94.5952,95.6543,87.5775,53.4022,57.1509,109.6908,159.3397,166.1549,74.6798,45.1330,15.8128,66.8066,134.0315,51.9215,34.1074,55.6175,87.2623,57.4403,79.4466,131.7702,141.0840,150.1760,24.8456,135.2670,45.1255,21.6918,81.1436,101.7810,85.9672,34.5933,208.4480,69.7421,81.1755,126.0738,79.0315,138.6707,24.5415,56.7396,145.4460,109.6505,119.4487,106.4084,59.9371,88.1361,136.5024,109.8836,37.8822,59.4014,147.5582,109.8025,52.1756,153.6219,99.3372,94.3941,93.8897,100.4728,107.6587,29.9526,71.0611,39.9663,148.2686,151.9739,56.0001,73.7721,12.8516,56.4727,163.8388,130.6897,108.6767,48.0107,40.2490,35.7209,83.3984,59.9762,69.9701,49.5000,17.5689,110.5332,81.3938,97.1138,104.7427,72.4848,73.1131,146.7075,21.7970,26.5993,29.8469,129.1472,109.6311,57.8394,42.0802,65.0459,56.7710,39.9029,34.1300
68.8003,20.9780,43.8178,87.9143,49.2323,55.3164,58.2487,0.0000,99.7239,43.8008,102.6886,63.9642,53.1780,108.1262,106.9636,43.0519,35.5892,91.4727,30.9045,111.7532,19.7457,19.1814,94.9865,61.1293,56.2225,92.2903,94.1004,82.5654,70.1416,42.9491,18.1095,78.4428,35.5125,33.0754,29.3284,40.3242,32.1925,19.6289,42.2603,22.9246,63.0066,73.0652,33.8068,62.2667,65.0759,48.2165,81.6262,146.7592,22.7992,60.7529,82.4307,35.2995,58.0059,105.3581,60.2308,101.6848,86.7994,49.5210,24.9977,29.3524,44.7020,52.2219,50.6514,16.7779,61.9506,51.4161,61.4197,87.1935,53.2465,56.9230,90.1424,15.2451,52.6968,23.3894,65.9150,12.8081,118.7955,144.9614,76.8935,46.4325,91.9757,88.0098,141.5505,47.7063,55.6195,76.5381,29.7734,13.1852,58.5125,88.4549,65.3371,59.0313,83.7325,73.3753,68.6256,33.2199,102.5851,43.9136,48.7709,66.0010,82.4489,28.8329,36.3707,40.7458,133.9846,57.8344,52.5062,68.3790,131.4346,117.3598,54.2937,57.4300,44.6960,107.5055,94.5687,110.0861,25.6695,5.9714,50.4201,7.6877,21.6281,80.6051,149.7581,99.7873,39.6847,77.5360,61.0969,46.5435,28.9418,46.3722,54.7060,29.0158,179.7325,29.8782,47.7832,67.8312,39.9905,97.5588,42.7111,112.6072,98.3971,105.4314,62.9592,50.2476,20.6960,78.6435,84.5906,60.6483,44.4465,3.3407,99.0168,95.5784,47.2308,95.4019,77.1294,36.5594,37.1527,77.5689,62.3541,87.6111,34.7160,19.6408,90.3901,113.5771,86.4623,41.5097,54.0046,1.7969,106.2189,139.5255,52.2552,10.3434,77.9737,54.3250,110.4669,15.6644,65.5747,94.8482,47.6557,64.6128,25.7180,64.9063,46.8144,44.4841,23.2649,89.9761,44.4921,46.8758,40.0785,92.9734,134.0463,15.2016,65.0940,56.9224,18.0303,97.9470,29.8118
157.0092,79.3172,140.5915,36.3429,121.5757,137.0962,157.8876,99.7239,0.0000,136.2020,192.2871,109.7148,147.3535,197.9028,184.5608,79.9230,99.0840,19.5178,100.9299,17.7967,113.1088,81.3467,184.9676,156.8828,43.7816,30.2978,121.4886,107.7506,29.8843,82.0736,116.1211,151.8876,130.4032,132.3783,125.7583,82.4370,72.6639,80.4730,62.4884,122.3697,101.5013,70.9950,77.2382,129.9398,71.0219,53.2549,30.5286,115.9513,93.0487,159.7602,175.8005,118.8758,142.7738,129.1083,122.7117,165.0155,161.7895,59.0301,113.2141,118.0945,133.4376,51.4679,125.6631,100.5846,158.1179,122.9640,71.6625,185.7182,102.5200,142.3347,29.6010,113.4163,110.4265,115.9991,135.4892,87.1878,202.0048,244.3268,148.2084,85.9976,66.0765,72.4712,179.4098,122.3192,152.7667,162.0171,112.3981,87.0570,107.0561,16.3187,62.3540,59.4960,156.9563,153.0534,155.6141,112.1293,24.6202,56.9023,147.5215,159.6847,91.3921,122.7747,63.3664,69.9053,224.4527,143.4141,135.1106,93.0305,132.1394,69.6901,116.0449,147.4855,144.2899,200.5291,101.8655,209.5222,125.0107,102.3828,101.3563,101.8202,78.4735,54.9134,201.4125,57.9432,136.9989,30.8594,147.6206,144.9858,80.5060,59.8684,109.3336,127.0771,163.5273,101.2379,100.1454,32.6979,94.2357,87.0064,140.9544,211.8625,82.2946,154.6168,42.6386,59.1527,105.0869,142.3585,51.3407,67.0566,137.9516,98.4913,64.8286,136.3490,128.7919,5.1210,118.1168,65.0772,67.8318,117.2322,76.1024,187.3299,99.5544,118.8989,11.8308,99.5157,172.8508,108.0365,153.3416,101.4790,26.5658,193.6955,56.6933,109.8847,170.0197,148.3034,189.2005,100.2408,140.8895,188.0307,145.5778,74.0847,79.9658,109.0582,53.2588,107.3400,91.3491,35.4042,143.1328,142.1187,135.3160,97.5769,212.9008,102.2170,153.7213,128.7198,104.2977,197.6657,127.8109
25.2025,63.0821,11.2441,115.5761,29.0079,19.4306,34.5121,43.8008,136.2020,0.0000,59.0420,101.2065,11.3027,64.5441,65.1793,86.4605,41.0716,123.9521,37.1911,150.4154,24.7446,57.0031,51.3487,59.2148,92.9110,121.4957,131.5726,77.7667,106.4700,59.2251,26.4480,42.0664,48.7762,34.2560,44.1280,57.6301,63.5388,61.5936,73.8327,26.5919,60.8398,88.1581,77.6069,36.9431,81.3613,82.9909,122.8580,151.6822,43.2029,47.7045,39.9039,63.1158,17.8201,93.1780,40.9636,67.3667,103.7240,92.5766,55.1844,18.1113,6.8804,93.8943,26.0924,35.9380,22.8255,30.0434,78.1408,52.1269,50.8433,16.4549,119.7544,29.0705,88.5401,49.8705,36.9150,52.7939,75.2552,111.2273,42.4491,58.3303,108.4488,101.7170,115.1490,26.4164,52.0932,33.4438,24.4963,56.0273,52.2494,127.4878,86.0978,83.2055,102.6574,33.6900,25.4045,65.8149,133.1653,84.6399,42.2782,23.5347,124.6359,48.8344,75.6559,84.4382,90.7133,73.1111,72.9202,109.8448,124.8970,134.5975,40.2184,67.2512,34.0951,100.7222,135.9421,77.7550,34.1594,38.4737,89.3153,47.7115,60.1304,102.1343,116.0762,119.6365,12.5663,118.4623,18.8129,42.7258,55.8076,76.8610,91.1751,39.6611,174.0777,68.4463,48.1723,106.7044,47.8414,105.2745,42.0217,89.2005,141.8215,78.6744,94.8130,93.3929,57.2063,104.8251,107.1603,80.1366,54.7666,42.9147,116.2258,76.3729,17.7139,132.5394,64.8692,78.4495,80.2474,65.9885,76.3502,61.5857,40.1892,35.8625,125.4710,117.9638,42.8465,77.3296,41.2829,42.2159,146.9275,105.5334,95.2133,35.0840,34.7114,58.9377,68.1510,36.4643,87.5979,52.3273,16.9864,79.3164,69.4510,102.4429,83.6788,39.0864,65.9021,132.1029,40.9559,8.1430,6.7959,95.0810,140.5874,34.7084,21.5083,30.9582,32.2108,69.7413,39.9291
35.3983,122.0909,60.2842,167.2145,71.7848,55.3790,62.0403,102.6886,192.2871,59.0420,0.0000,154.8963,49.7593,5.6223,31.5291,144.7660,93.3462,178.0944,91.3764,207.4924,83.7677,115.6330,7.7021,92.3206,150.0900,173.7812,184.2515,109.8800,163.1301,111.1352,84.8591,48.5908,97.3918,83.6813,95.3818,110.3347,120.4227,120.5994,130.0164,82.8034,100.7634,134.3079,136.4283,67.2993,129.2955,139.8109,181.3437,181.5114,100.0599,76.2747,22.3658,115.1652,49.5197,112.7502,75.2117,59.0278,141.4873,151.6084,109.6657,76.0576,59.8293,152.6760,67.4725,94.1968,43.8248,70.8351,126.8377,41.3653,94.4533,49.9576,172.3697,87.6379,142.0353,104.1010,62.2804,111.7486,23.1238,76.1504,52.9015,108.2877,153.0464,145.0202,107.4854,70.5756,87.2979,30.7050,80.4996,115.0676,92.2711,185.0072,136.0660,135.3600,142.3169,42.0564,36.6739,119.6880,185.8221,143.2636,80.8486,37.3008,181.4914,100.7461,134.0658,143.4136,32.1903,115.4410,118.8495,166.3117,145.0526,177.4258,80.0570,107.1306,75.3986,114.0015,191.9072,56.2280,87.4221,97.4921,144.6256,105.8923,118.7599,150.8863,92.8888,165.6951,64.5739,176.8619,44.6899,83.1829,112.2274,132.4278,144.8916,90.9603,189.6073,124.6964,94.7837,164.4375,98.7806,143.2057,85.2669,81.2277,199.8569,81.0571,149.8584,152.4304,113.6087,150.1585,156.1461,130.1375,99.3110,101.9402,160.5982,91.8697,63.5061,189.0443,93.6919,137.3594,139.2874,95.0997,123.6940,62.4371,92.8119,91.3338,181.0255,151.0256,20.2270,131.6207,74.8865,101.0485,205.0619,83.8217,154.2341,93.4233,24.9814,97.7338,29.4362,94.8725,131.9882,13.7973,58.8831,126.5912,128.3986,156.2791,141.1959,86.2588,124.0023,190.8665,82.7739,56.2680,62.7812,129.6909,162.7210,93.3006,38.8612,66.0164,90.5547,61.4439,90.8362
125.6888,59.7696,95.7679,119.1008,113.0817,116.9716,95.6526,63.9642,109.7148,101.2065,154.8963,0.0000,106.9243,159.6936,166.3630,34.3125,98.1174,113.0829,94.0922,112.2789,81.7145,68.6644,147.5479,74.1974,81.2204,119.8902,30.4892,142.4748,89.7550,99.0446,76.0886,140.7765,57.9573,71.2152,59.5191,96.6296,80.1606,60.4515,84.1052,74.6222,123.7862,122.3393,44.0642,126.0979,115.1029,81.5549,79.9663,196.0103,84.1023,86.5458,132.6480,39.7570,118.1777,166.6489,124.1777,164.9244,54.9267,54.3287,46.0754,91.6439,104.5667,63.3795,114.1908,80.5027,111.0723,115.2594,111.9781,126.0097,115.1983,116.9098,117.5437,74.1384,12.8677,51.5194,129.4781,65.6785,174.6531,173.2263,139.7478,104.0555,136.4576,135.7690,205.3769,111.4220,74.8954,134.3532,93.5062,59.8161,120.9006,93.5677,111.1689,103.0978,49.7965,134.2082,126.3571,35.5465,125.4177,65.0005,77.0064,118.1381,32.9650,54.1655,67.7259,46.6892,182.9035,49.9850,42.2120,19.9608,189.2049,157.3220,118.0981,58.1990,80.3961,104.3754,38.9413,140.9302,68.0488,69.7264,14.0326,56.9507,67.6942,121.8218,213.3966,139.2617,91.6959,78.8902,119.9955,74.1775,83.2792,87.6333,10.0717,63.9741,235.1823,34.1815,109.6725,81.1624,100.9236,148.8962,71.1111,130.8443,55.5637,169.3863,94.8052,53.7048,44.7980,33.2741,123.6723,109.0026,58.5468,66.8336,141.5922,158.9015,109.7186,104.6039,139.6866,59.4292,53.1356,139.9458,114.8091,115.5806,97.4043,65.3695,106.4380,165.7363,142.7357,23.8787,84.0694,64.6447,99.8941,203.0709,55.6974,68.2518,130.3278,65.0324,169.1821,79.3703,38.3263,143.8554,96.1424,116.0214,49.7477,1.5172,76.6483,107.9101,42.5410,80.5088,73.8626,100.5208,95.2905,148.5628,104.6833,79.1379,122.1433,120.5688,81.9934,125.8121,64.0709
19.3489,73.1855,11.1743,126.8546,37.9035,24.3033,28.0059,53.1780,147.3535,11.3027,49.7593,106.9243,0.0000,55.0988,60.3994,95.0070,52.1934,135.2400,48.4454,161.4033,35.0706,67.6241,42.0824,56.5780,103.9514,132.7918,136.9572,86.4474,117.5781,70.4241,35.1860,42.7673,51.4708,36.7908,47.9816,68.8734,74.6964,71.7122,85.0502,33.2117,70.4850,98.9783,86.7826,43.3071,92.3256,94.1131,133.4084,160.8123,54.4290,42.9983,29.3486,67.7311,19.6529,99.9933,48.6601,67.6680,103.6703,102.5065,60.9861,29.3344,16.2427,104.2733,34.3143,46.8922,11.7259,38.5028,89.1609,41.1184,60.8835,18.4582,131.0544,38.0018,94.0943,55.4643,41.9233,63.0748,67.8500,100.0626,44.2596,69.3568,119.2041,112.2994,117.4630,35.4613,49.7430,28.2271,35.7910,65.8714,61.6916,138.3994,97.2494,94.4729,103.1603,32.7857,20.7288,71.3869,144.4673,95.1716,40.4710,12.8521,132.1161,53.1406,86.3439,93.9138,80.8070,73.9519,75.0737,117.0632,132.3222,145.2666,49.1463,67.0927,32.7107,94.7652,142.9200,66.8748,38.8781,48.2508,95.8103,56.1341,70.7379,113.2404,115.4610,130.5699,15.2515,129.0666,17.4688,41.6774,67.0407,88.1212,96.8531,43.4108,181.1893,75.4087,58.6436,117.5868,58.8855,115.2072,42.0631,79.7357,150.1415,81.7741,106.0832,103.2805,64.2153,107.2118,118.2943,91.2728,55.9131,52.7005,126.9887,81.9482,26.2232,143.6404,72.6061,88.7122,90.1332,73.8185,87.2274,52.1964,51.3375,42.0523,136.6831,127.3203,35.8191,83.2134,37.6043,51.4937,157.6197,104.9476,105.1920,43.6970,24.8547,58.1204,62.7183,47.3463,89.4365,41.8086,12.9521,90.2042,78.8826,108.2370,94.6638,49.4416,74.2479,142.4400,40.3364,6.5501,13.1015,104.4371,137.0743,45.4995,16.2346,37.9194,43.1600,59.6633,43.4774
41.0190,127.6138,65.4906,172.7327,77.3168,60.9654,66.1080,108.1262,197.9028,64.5441,5.6223,159.6936,55.0988,0.0000,33.5160,150.0806,98.9476,183.6766,96.9956,213.1146,89.2818,121.2073,13.2136,95.9465,155.7113,179.3151,188.8975,114.7628,168.7520,116.7103,90.2488,53.4277,102.0298,88.5038,100.2128,115.9245,126.0437,126.1232,135.6380,88.0342,106.0332,139.6815,141.8373,72.5834,134.7401,145.4331,186.9366,185.9263,105.6779,79.9230,27.0484,119.9407,55.1320,116.9113,80.5055,62.2560,144.9635,157.1202,114.6555,81.6395,65.4250,158.2428,73.0136,99.7830,48.6994,76.3386,132.3105,43.4413,99.8733,55.5765,177.9141,93.0401,146.8431,109.0934,67.4956,117.2849,21.4060,73.2837,57.7593,113.8266,158.3204,150.2569,109.5789,76.1366,91.1621,36.2291,86.1165,120.5581,97.5955,190.6272,141.5628,140.9166,145.9468,47.3314,42.2917,124.5929,191.3612,148.8434,85.0591,42.5181,186.5894,105.5867,139.6572,148.8633,26.5682,119.4728,123.1320,171.3776,149.0012,182.5744,85.4635,111.0550,79.8853,115.6466,196.8916,55.8012,92.4403,102.9688,149.5993,111.2245,124.3349,156.3246,93.5755,171.0087,69.7873,182.4591,50.3111,87.4700,117.8495,138.0452,149.7129,95.8279,193.0040,129.7990,100.2797,170.0536,104.3553,148.2018,89.6958,81.4608,205.1045,84.5028,155.4659,157.9368,118.7494,154.2279,161.5861,135.6432,103.6524,107.4196,165.8481,96.0317,69.1177,194.6644,98.5608,142.9072,144.7904,99.9675,129.1310,64.2819,98.4178,96.4738,186.6350,155.7383,25.6325,136.5267,78.9137,106.4761,210.6714,84.8634,159.7528,98.7911,30.2551,101.6892,30.6897,100.4525,136.0683,16.7913,63.8595,132.0198,133.8421,161.0877,146.8133,91.7967,129.3044,196.4384,87.1533,61.5802,68.1571,134.5786,164.6961,98.8697,44.4742,71.4490,96.1354,62.3675,95.6798
41.0785,123.4351,71.4381,155.3519,64.1576,52.0470,82.2535,106.9636,184.5608,65.1793,31.5291,166.3630,60.3994,33.5160,0.0000,149.9838,87.1306,168.3285,86.9996,201.0235,87.2354,115.3723,32.3233,113.4502,145.2408,162.2838,196.6795,89.7119,157.0176,102.6622,91.0832,32.6811,111.8700,97.1827,108.2256,102.6036,116.4616,121.9645,124.5580,91.7432,85.6130,119.8574,140.1129,54.6218,116.3823,134.7865,178.5678,156.8093,97.5316,97.8801,44.8255,127.7958,48.9875,87.1771,61.9527,30.2660,162.3151,152.4663,120.3033,77.7107,62.5145,151.6573,60.6042,94.3764,60.5130,62.4359,114.6369,69.7543,82.2973,50.1212,161.2269,93.4471,153.6566,114.9222,49.0756,113.0522,20.5152,106.7564,36.3982,98.5633,136.6042,128.1773,76.0933,64.1052,107.3587,32.2248,79.3586,117.5676,78.4104,179.8046,124.2303,125.3708,162.3326,33.8793,40.0947,130.9033,174.3214,141.8999,99.1522,51.8696,189.1758,113.2707,132.3652,146.0408,51.0120,133.6709,135.3460,174.6406,118.0954,158.9889,68.5161,126.2204,92.1214,141.8091,200.8235,87.5207,98.7360,101.1199,154.4574,112.0437,118.3492,137.3596,62.1822,149.6673,75.1946,173.9130,46.4704,100.8816,108.1628,126.0680,156.3188,103.6555,160.4572,133.5096,84.4158,160.1685,90.8422,123.5006,101.8905,111.8310,205.2052,52.6233,142.0772,153.4211,122.2959,167.4591,142.5606,118.6900,115.9838,105.2821,143.6921,66.6927,60.6611,182.0093,73.9122,137.4287,140.6889,75.2538,110.7699,90.5808,86.9431,100.9941,172.8526,128.6447,26.2647,142.4923,94.5785,105.6150,200.8516,52.6885,154.8314,99.5465,42.3607,116.9209,4.9233,95.3131,149.5440,43.1647,72.7753,113.4081,131.5780,167.6094,137.2694,77.6523,129.9945,188.9665,99.8662,66.4127,71.1206,109.1339,189.2418,94.3061,44.4401,56.3523,91.2198,91.3212,103.7690
111.6217,29.8347,84.7043,85.1753,90.1343,98.1664,93.0812,43.0519,79.9230,86.4605,144.7660,34.3125,95.0070,150.0806,149.9838,0.0000,71.2322,80.4401,68.3150,86.0188,62.7972,39.3422,137.0882,82.1778,47.1039,86.4015,58.8669,111.8581,56.6577,68.1324,60.0768,120.8237,57.6959,65.6240,55.3577,65.9543,48.2592,30.9856,50.5938,62.1949,94.2096,88.7708,11.5346,102.9476,81.8154,47.3083,52.7134,161.9019,57.2772,89.3945,123.6885,41.8935,101.0508,136.5760,99.4052,143.0737,82.0703,21.3173,39.9743,72.2876,87.7399,30.0757,92.2738,56.8018,102.3668,92.2876,78.8779,124.0101,86.8849,99.9739,84.0388,57.3955,31.1132,44.7122,107.2173,38.7248,161.6786,178.1864,118.9260,73.5075,102.2380,101.8206,178.6763,89.0473,79.7949,119.5186,71.6023,33.2835,92.8318,64.6117,77.3195,69.2051,77.3453,116.3036,111.5663,34.7895,92.8440,30.6967,77.5374,107.5897,40.3477,50.7234,33.9301,12.3826,175.3955,64.6389,56.0774,28.1977,156.9384,123.0549,92.6406,69.9705,77.4082,122.4317,53.2815,143.8163,59.5695,48.8641,22.4735,38.8854,37.4496,87.5341,190.1017,104.9688,80.4094,50.2856,104.1209,74.6319,53.0232,53.8706,30.5925,58.5148,201.9229,24.4587,81.5293,48.8996,72.4451,115.3198,70.6803,139.9640,55.3856,143.9707,60.5381,20.9809,33.1468,63.9653,89.3613,75.5661,63.1545,44.7371,107.2902,131.3158,89.8578,74.8418,111.3085,25.3881,18.9953,111.3531,82.0622,119.1436,70.7477,54.4452,74.8089,132.1562,129.2880,28.3249,84.4561,44.4733,76.0915,180.1385,23.3465,51.4442,119.8262,72.8490,153.5160,55.7354,60.9670,135.8941,87.2560,82.9953,19.6901,34.3179,42.3537,81.8175,20.7910,57.0630,73.3577,88.5036,82.0302,115.9872,133.2608,56.3107,107.9157,98.2188,59.4315,129.8317,59.0192
58.3184,41.5007,49.3290,75.0699,22.9925,38.0278,72.0794,35.5892,99.0840,41.0716,93.3462,98.1174,52.1934,98.9476,87.1306,71.2322,0.0000,84.8530,5.4114,114.7720,27.4280,32.0824,86.1514,87.5177,58.1761,81.2761,127.4828,47.4279,70.4229,18.3499,35.2285,54.8388,66.0093,56.9028,59.4502,17.1288,29.4950,40.2747,37.5340,42.8041,27.7754,47.5408,59.8750,33.8640,40.4358,47.7163,91.4815,116.0784,14.1262,81.3135,78.3230,70.4072,43.8619,69.7729,28.7583,73.6573,121.0300,67.7037,60.0525,24.8835,36.4022,65.4404,26.8063,19.2378,63.8643,24.7028,37.1296,93.1985,17.6742,43.5343,79.6823,34.4757,87.6343,57.2883,39.0102,32.9182,103.3839,152.2553,51.8140,17.3676,67.8984,61.6973,107.7441,23.3710,80.7712,62.9418,17.3018,38.7442,22.9741,92.9440,45.0574,42.6937,118.3441,54.3322,56.7358,68.7988,93.1671,55.6942,71.6169,63.1349,111.4694,61.1250,46.2130,63.6869,125.4559,90.8459,86.7154,99.0743,96.6640,94.1680,21.6939,88.5685,64.5941,133.4174,124.5123,118.7907,51.2113,30.9747,84.1798,43.2714,34.4550,61.0637,119.2367,78.7003,47.3005,86.8159,48.8544,70.4923,21.3474,39.4187,89.4032,56.9760,145.5133,64.7545,12.2800,73.0610,6.9548,67.5411,67.6937,128.6478,123.4381,72.7402,56.5394,68.7479,56.2774,114.1741,66.1025,39.0797,74.7859,32.3189,75.6294,60.8200,29.8998,96.0350,41.7066,52.5892,57.1431,42.0746,35.6563,101.2787,1.0730,47.3613,87.7189,82.1797,73.7721,76.7268,74.0806,35.5978,113.8060,109.4823,69.7402,37.0619,72.1139,83.1535,91.5088,20.2456,100.4713,90.1248,55.4415,38.5734,51.5497,98.8986,50.1554,10.7606,55.6618,102.0076,68.2745,48.6614,43.0501,60.1255,165.9944,21.4499,55.2271,30.8492,19.8502,110.1333,57.7038
143.1714,72.5461,129.5323,16.8315,106.5625,122.7157,148.5798,91.4727,19.5178,123.9521,178.0944,113.0829,135.2400,183.6766,168.3285,80.4401,84.8530,0.0000,87.4294,37.2083,102.2424,72.3616,170.9735,151.2342,36.2742,11.2240,129.1502,88.8500,23.9042,66.9788,106.3515,135.7818,124.6764,124.5481,119.3937,67.7777,61.3538,73.4435,50.6793,113.2255,83.9331,52.1353,75.0612,113.8837,52.9779,43.2612,40.5138,98.7131,80.9476,152.2240,162.8558,115.5261,128.6925,109.7540,106.3859,147.4641,162.0917,59.1990,108.4952,105.9424,120.4762,50.3724,110.7900,89.3570,146.4347,107.7608,54.0774,174.8789,86.0318,128.3862,10.1636,103.8274,111.5521,110.4338,119.4347,78.6649,186.3986,233.9881,131.9366,70.2293,46.6211,52.9562,160.1012,107.5792,146.4340,147.5145,99.6054,79.7920,90.1325,28.0439,44.5264,43.0752,157.5114,137.7986,141.5629,109.2513,12.4039,52.5174,140.1890,147.1342,99.9661,117.1289,56.3751,68.8773,210.1053,140.6663,132.7863,98.6857,112.8227,52.8379,100.0163,143.6436,136.0370,196.3759,111.7322,199.4565,117.1414,93.1264,102.8235,94.8995,69.8501,35.5588,182.5492,39.2166,126.2526,38.5410,133.7068,137.8648,68.3814,47.2486,110.9553,120.0471,145.6847,98.6532,84.2589,31.9225,79.3311,67.5179,133.9389,204.0108,94.7039,136.1047,29.2836,59.6700,100.4419,144.3612,31.8382,49.7482,132.8470,89.6883,45.7831,117.6364,114.7498,20.3019,99.9203,60.5680,64.9025,98.9670,58.3195,178.4327,85.4589,111.0906,9.9541,80.3454,158.2913,107.2111,145.4544,93.1279,45.1520,175.0410,57.5108,101.1402,156.8021,143.2331,173.0601,89.2003,140.4245,174.8458,134.9185,56.0556,75.6760,112.6716,45.1005,92.1124,87.6024,49.0080,135.8685,130.4770,123.8767,78.1066,213.2270,91.2860,140.0577,113.2474,92.9572,188.4740,120.8202
56.0808,38.9167,44.8186,78.4226,23.1392,36.4949,67.2347,30.9045,100.9299,37.1911,91.3764,94.0922,48.4454,96.9956,86.9996,68.3150,5.4114,87.4294,0.0000,116.1967,22.0495,29.7645,84.0378,82.1359,59.0514,84.4351,123.7209,52.6579,71.8046,22.1230,29.8204,55.1994,60.6300,51.5129,54.0760,20.4411,29.6301,37.5972,38.6904,37.4126,33.0217,52.3037,57.1329,35.1748,44.9939,48.6502,91.6994,121.4527,11.2071,76.1229,75.4287,65.3886,41.9010,74.6458,31.0914,75.3562,115.7963,66.3181,55.0497,20.2061,33.1034,64.7666,26.4034,14.2534,60.0104,25.1105,41.5803,89.2161,22.7029,41.4191,82.7491,29.0715,83.3325,52.1279,39.9689,29.6400,102.5144,148.3932,52.5024,22.0693,72.6389,66.6507,111.3866,22.9033,75.4085,61.3299,12.8234,35.3245,27.6841,93.9837,49.0593,46.0298,113.1659,53.6352,54.7048,64.0163,96.2038,54.9934,66.2984,59.8552,108.6532,55.8280,45.4511,61.4972,123.5577,85.5310,81.5115,95.8747,101.9361,98.9209,24.3893,83.1790,59.3521,128.0911,121.5497,114.6701,45.7999,26.0047,80.2337,38.5454,32.4226,65.1854,121.7987,83.1523,42.5625,87.0711,46.6945,65.1382,21.2961,41.0616,85.1910,51.5709,150.8454,60.4324,17.4654,73.7411,12.0256,72.8411,62.3101,123.9005,121.4124,75.8919,58.6667,67.3323,51.5868,109.2956,70.1341,43.1552,69.3912,27.7068,80.3319,64.8597,27.9640,97.6710,46.2278,51.1499,55.2525,46.6844,40.4298,96.6281,4.3491,41.9801,89.7574,87.5661,72.1571,72.2962,68.8816,30.7732,114.5475,111.8860,68.4978,31.7791,69.3895,77.7421,91.2333,15.3188,95.3601,87.4366,50.8581,43.2986,48.6490,94.9220,50.5703,13.8298,51.8332,101.9877,62.9186,44.5034,38.6027,65.5365,160.6001,16.3227,52.8216,31.3162,14.5248,105.6471,52.2972
172.1111,90.8658,153.9922,53.9700,137.5402,152.6193,169.9412,111.7532,17.7967,150.4154,207.4924,112.2789,161.4033,213.1146,201.0235,86.0188,114.7720,37.2083,116.1967,0.0000,126.6504,94.2597,200.0671,166.2214,57.5385,47.6569,119.5999,125.5016,44.3953,98.3628,128.9083,168.3468,140.1183,143.6182,136.0168,98.5107,87.1548,92.1565,77.5069,134.6552,118.8043,88.7557,85.5965,146.4363,88.5786,67.6990,33.3147,131.0419,107.6083,170.5058,190.2509,126.9478,158.0900,146.8972,139.3732,182.2073,166.1733,66.6258,122.4525,132.3949,148.1194,60.6377,141.5281,114.5151,171.8166,139.0267,89.0685,198.6876,119.3387,157.5726,47.1663,126.1188,114.9791,125.8213,151.9668,99.6640,218.0691,256.7082,164.7677,102.5720,83.5401,90.1345,197.2053,138.1266,162.6720,177.5105,127.1428,98.7100,124.0612,23.2987,79.8770,76.5766,161.1780,169.0263,170.8544,119.9652,40.1032,67.9081,158.2306,173.9501,89.3962,132.5434,75.6669,77.7367,239.6824,150.6085,142.0804,93.9488,149.3077,84.9395,132.5790,155.5093,155.7046,208.3158,98.1249,221.8288,136.3713,115.0323,105.8584,112.8936,91.2387,72.6953,219.1342,74.7384,150.2196,35.9979,162.8117,155.5646,95.2807,75.3533,113.4795,137.8053,178.9963,109.1014,116.6848,44.0375,110.3209,104.5101,151.4992,222.5039,76.2645,172.2325,58.9850,66.4649,114.4387,145.5011,69.0425,84.3902,147.0887,110.9114,81.8421,154.0398,144.1591,19.1276,135.6411,75.6923,77.1974,134.7831,93.5591,198.8890,115.1645,130.3012,29.3724,116.5405,188.3435,114.3058,164.4038,113.5423,14.8560,211.3498,63.9626,122.0711,184.6721,157.2859,205.6026,114.0610,146.2167,202.5937,158.6696,91.6281,89.7774,111.4134,66.7424,123.5005,100.3831,32.1897,153.8375,155.8944,149.0106,115.3145,216.7986,115.9410,168.7289,144.9051,118.2477,209.3860,138.5005
49.3225,38.3375,27.4857,95.7174,32.3005,35.7972,47.1995,19.7457,113.1088,24.7446,83.7677,81.7145,35.0706,89.2818,87.2354,62.7972,27.4280,102.2424,22.0495,126.6504,0.0000,32.5825,76.0800,60.0898,69.4234,101.0689,112.1563,73.6522,83.2308,42.3017,8.0709,59.2873,39.5368,29.4800,33.1307,40.0659,40.9176,36.8491,51.5672,15.3895,54.2645,73.4267,53.3314,45.0215,65.7887,59.9341,98.3381,143.5016,22.0818,54.5368,64.3657,47.5587,38.2642,94.0869,44.6120,83.2101,95.7295,67.8408,37.7525,9.9532,24.9894,69.2400,32.7421,12.9453,45.1663,34.4024,62.2181,72.7469,43.6010,37.1773,99.1400,8.3574,69.6826,33.5819,47.9398,28.0742,99.1949,131.7551,58.0655,43.5182,93.5867,88.0774,125.6997,30.2925,53.3630,56.8761,13.3575,31.3561,47.6307,103.5382,68.5988,64.1024,93.5171,53.7341,49.0156,47.9819,112.2924,60.1010,44.3290,47.8682,102.0411,35.7911,51.3163,59.8988,115.4478,64.9549,61.9158,87.7494,122.9157,119.7956,39.9280,61.8241,37.6382,106.0865,113.9681,97.2309,24.0883,14.0164,68.7241,25.1886,35.6867,84.7308,131.7642,103.3527,24.0223,93.9982,41.3943,43.1022,34.1152,55.0686,72.0068,30.0962,172.0812,47.6712,38.8678,82.7061,33.9944,94.8462,40.2658,103.8244,118.1298,89.0584,72.9659,68.6642,36.9507,91.6707,89.3889,62.9957,48.0128,18.3700,101.1556,81.4745,28.0697,109.2045,64.9512,53.7368,55.5255,65.6728,61.6822,77.1086,26.3554,21.1734,102.8060,109.6077,66.9418,58.2492,47.2898,18.3813,122.5682,121.3988,70.4712,13.5705,59.4112,55.9155,90.7217,13.0422,76.3200,76.8272,32.6817,64.4329,44.9980,82.7889,60.0216,32.3658,42.8085,107.4336,40.8807,29.2820,22.3732,87.4822,139.0801,10.9663,45.6276,39.1865,9.5715,86.7448,30.7754
80.5332,9.5079,59.7506,68.8745,52.5960,63.5335,76.6492,19.1814,81.3467,57.0031,115.6330,68.6644,67.6241,121.2073,115.3723,39.3422,32.0824,72.3616,29.7645,94.2597,32.5825,0.0000,107.9977,80.0269,37.5921,73.1342,96.8708,73.8217,51.5422,30.4880,34.7891,84.3784,53.9337,52.2204,48.0538,28.0143,14.0740,8.4415,23.3253,41.1231,55.3878,57.3376,27.8804,64.9252,49.4644,29.1048,65.8550,131.9387,18.5595,79.9019,96.8489,49.7853,67.7620,98.1460,60.6517,105.1200,101.3047,37.0951,40.3960,39.5861,55.8681,37.0633,55.3868,21.5118,77.6697,54.6583,45.9447,104.5174,47.5948,66.9383,70.9759,32.0702,59.7415,40.5573,69.6170,6.4637,129.4543,162.9811,81.9487,35.3955,75.0445,72.0166,139.3348,51.9599,74.6999,87.2536,36.1621,10.1889,53.5203,71.0652,48.1960,41.1981,97.6917,81.5456,79.7912,45.5580,83.4081,27.6527,67.9501,80.3767,79.4385,46.7742,18.7352,31.7390,147.5748,74.2307,67.8108,67.4188,120.9103,99.7356,53.7061,75.0238,63.6840,126.1851,92.5587,128.1779,44.8256,21.0491,54.6515,23.8464,3.1299,62.6942,151.2911,81.8600,55.9602,61.4671,71.8057,65.7213,14.6580,27.5113,60.9795,48.1082,167.8765,38.0305,42.2048,50.2391,33.1394,83.1255,61.8735,131.6534,91.6479,104.7659,43.7797,38.0565,33.5169,89.8553,66.3621,44.2209,62.6729,17.3494,81.7181,92.0011,54.8114,77.2151,72.0888,22.1042,25.5704,72.1869,47.8530,106.3146,31.6861,38.8196,71.6231,99.6907,97.8000,50.0360,73.0958,20.7920,89.9956,141.4811,39.4725,28.8200,91.6941,72.8166,119.3582,20.7760,79.3552,109.2981,64.4322,49.6285,19.8106,69.2403,28.1110,42.7920,26.7599,75.2341,63.6733,61.8538,54.9343,80.7619,150.2698,22.3470,76.9260,60.8082,25.0931,116.5188,48.8988
27.9671,114.4082,52.6722,160.3391,64.9269,48.3103,55.5379,94.9865,184.9676,51.3487,7.7021,147.5479,42.0824,13.2136,32.3233,137.0882,86.1514,170.9735,84.0378,200.0671,76.0800,107.9977,0.0000,86.2247,142.6234,166.8503,177.0237,104.6164,155.7276,104.0658,77.1626,43.7316,90.2114,76.3463,88.0304,103.1959,112.9554,112.9172,122.6266,75.1690,94.6334,127.8731,128.7279,61.2136,122.6658,132.3719,173.7411,177.0684,92.5610,70.2034,15.5273,107.8494,42.2896,108.8863,69.0742,57.1368,135.4775,143.9205,102.1802,68.4359,52.2394,145.0304,60.5867,86.5822,36.5147,64.0831,120.1252,37.7199,87.9283,42.6545,165.4019,79.9392,134.6819,96.6156,56.3973,104.0742,28.6493,78.8125,47.9477,101.3654,146.8525,138.9219,107.0210,63.6025,80.9423,24.0690,72.9954,107.3718,86.0143,177.5217,129.2725,128.3574,136.1343,36.1565,29.4157,112.2638,178.8701,135.6365,74.1253,29.7043,173.9198,93.3831,126.4607,135.7118,39.6701,108.8516,111.9957,158.7620,141.4960,171.5101,73.5950,100.6687,68.3959,110.2759,184.4099,55.7143,79.9249,89.7930,137.1428,98.2103,111.1257,144.2627,94.4883,159.3961,56.9554,169.2694,37.3533,76.3727,104.7874,125.0993,137.5263,83.5808,186.9189,117.1289,88.0227,156.9193,91.7200,137.6518,78.3056,79.5344,192.2040,78.5910,142.6073,144.7402,106.0195,143.4980,149.5153,123.3184,92.4188,94.2417,154.4578,88.0763,56.2621,181.6759,88.4966,129.6941,131.5958,89.9031,117.0903,58.7559,85.5892,83.7505,173.7560,146.0457,14.3915,124.1919,68.3817,93.3468,197.5081,84.9957,146.5494,85.7314,17.3728,91.2539,31.3688,87.2466,125.3307,10.9400,51.4439,120.0096,120.6965,148.9211,133.6881,79.3589,116.3300,183.2273,75.8678,48.6007,55.0895,124.3833,158.4729,85.6584,31.3500,59.5094,82.9301,59.0123,83.4771
74.4882,78.6883,48.2585,148.8984,86.1383,78.5144,31.2148,61.1293,156.8828,59.2148,92.3206,74.1974,56.5780,95.9465,113.4502,82.1778,87.5177,151.2342,82.1359,166.2214,60.0898,80.0269,86.2247,0.0000,115.0988,152.9975,99.1720,132.7865,128.5584,101.1770,52.4300,99.3077,26.5842,30.6371,31.9962,98.7135,93.3180,77.8060,103.3127,44.7325,113.8425,132.3601,80.6461,95.9125,124.4821,108.4115,133.4948,203.5877,79.8911,16.0460,70.7966,40.3706,75.4928,151.0733,98.9201,124.2331,49.2620,99.6559,43.7947,64.9193,65.8588,105.8444,84.2256,70.6148,53.0618,87.6790,120.8267,55.6028,103.1334,74.1667,150.7914,53.6662,62.8758,40.9490,96.1297,73.5639,114.8723,99.1027,100.5610,103.1725,152.0452,147.2463,173.7919,83.5490,7.1551,82.9245,71.8987,71.5626,106.4670,143.4539,125.8531,119.9635,50.0069,89.3398,76.4932,47.4512,162.8172,100.0676,17.0273,61.7893,106.3252,34.1876,94.8840,88.5861,115.1345,25.5316,32.1086,91.4375,181.6089,177.8753,96.4660,16.6320,25.1829,46.5630,113.0794,66.9332,36.9739,61.5633,69.5122,56.4950,82.0729,141.4697,171.6406,160.5944,46.8078,130.2989,74.0211,17.2931,89.3508,107.4590,65.7221,32.2609,230.9525,57.8153,98.7247,124.1867,94.0289,154.8293,19.8266,58.0873,128.2817,137.6455,123.5551,99.8910,51.8735,59.4975,145.6012,120.7737,19.1616,63.6825,159.3482,135.3350,76.1784,152.1364,122.0532,91.8507,89.2570,123.0063,120.9138,41.7168,86.4450,42.1822,148.8628,169.6973,87.2067,56.6526,19.1305,59.7394,157.6975,161.1786,102.3720,53.3116,71.4369,9.5033,114.6096,70.0551,41.8063,79.1568,43.8483,123.5050,76.9271,75.7146,106.1366,91.3412,65.8566,139.0522,19.4446,52.8747,52.7943,147.5004,81.4047,68.1042,72.1088,89.7784,68.4848,51.7026,31.4600
114.6925,36.4730,96.8854,38.1451,81.1631,95.5455,114.2142,56.2225,43.7816,92.9110,150.0900,81.2204,103.9514,155.7113,145.2408,47.1039,58.1761,36.2742,59.0514,57.5385,69.4234,37.5921,142.6234,115.0988,0.0000,40.0198,102.1030,80.6094,13.9526,43.6508,72.3459,112.7607,88.5193,89.1525,83.3783,43.1274,29.6685,37.4646,20.6857,78.6823,68.1973,48.4923,39.8201,91.1755,43.7435,10.4600,34.1900,117.0208,50.0917,116.7330,132.7196,79.3679,100.8214,105.0458,84.7397,129.2242,127.0613,27.5294,72.2212,74.8667,90.5936,18.8417,84.9505,57.0669,114.5302,82.8190,42.1946,141.9493,65.8276,100.2511,37.6627,69.6517,77.6635,74.2254,96.5859,43.5473,161.4674,200.5554,109.4821,48.7153,57.3046,58.7238,152.9425,81.4855,110.4614,120.3395,69.6462,43.9481,71.2962,34.9475,36.4047,29.0589,122.6538,112.4543,113.5111,73.2265,48.2525,16.9104,104.5802,116.4439,75.9287,80.9446,20.2420,34.8127,182.2711,104.5610,96.8100,70.2631,118.4932,76.2097,77.6475,107.3835,100.9102,160.1040,89.1201,165.7652,81.7482,58.6402,69.4458,58.9909,34.7686,42.1424,170.6738,58.3047,93.2496,29.5189,105.4520,102.1588,37.8900,19.7169,77.4897,84.2628,159.8071,62.7957,62.1457,14.9915,54.6073,73.5898,98.1814,168.7453,78.5079,122.8914,14.0367,28.3832,64.1702,110.6149,43.0847,37.5452,96.6094,54.8225,61.3712,106.3576,86.9703,39.7820,86.3101,24.5636,29.5727,85.7915,46.6081,143.7886,58.4438,75.6468,34.1758,89.9375,131.1508,72.0717,110.1331,57.9495,55.6303,161.8567,27.0506,66.2632,127.1354,107.0007,149.6616,56.6596,105.1371,145.0560,101.8127,46.0892,39.5222,81.0832,9.4825,67.7048,51.4852,45.2670,100.2203,98.5565,91.7109,78.1158,177.9895,58.5910,111.2740,88.8898,60.7967,154.0534,85.0222
139.3182,74.7571,127.9108,7.0800,101.9985,118.5569,148.0314,92.2903,30.2978,121.4957,173.7812,119.8902,132.7918,179.3151,162.2838,86.4015,81.2761,11.2240,84.4351,47.6569,101.0689,73.1342,166.8503,152.9975,40.0198,0.0000,137.6241,80.0676,30.2455,62.9912,105.9016,129.9949,126.6197,125.1812,121.0057,64.1832,60.8112,75.4670,50.2377,113.1167,77.0126,43.7998,79.8133,108.2864,45.9617,44.7012,50.8298,87.6914,79.2167,152.8117,159.5990,118.9474,124.7384,100.0142,100.5873,140.1731,167.0757,65.5739,111.2255,103.7556,117.4993,56.5377,106.3092,88.1265,144.2261,103.0134,47.6696,173.1160,80.2854,124.5443,2.3663,103.5382,117.3374,112.6393,113.7976,79.5795,180.8621,232.3563,126.0129,65.4953,35.8842,42.7016,150.3980,103.2480,147.8167,143.0862,97.0009,81.4985,83.8741,39.0174,38.1100,38.5982,162.6493,132.7773,137.5451,113.0100,12.0824,56.9073,140.9971,144.2700,108.9701,119.2035,59.0481,74.3764,205.5625,144.1798,136.5970,106.6053,101.8419,42.0975,94.5705,146.5208,136.2876,198.7738,121.1024,198.1254,117.8303,93.2377,108.8735,96.5103,70.9444,26.3733,173.5827,27.9927,124.8867,48.3988,129.8543,138.8257,66.9563,46.3344,116.9834,121.2382,134.5100,102.7207,79.1490,39.5313,75.2465,56.8584,135.0005,204.1282,104.9428,127.7095,29.4452,66.1855,103.3311,150.2906,21.9644,43.8465,135.0823,90.1720,34.6199,109.0206,110.9473,31.4908,92.0889,64.5264,69.5595,91.0521,51.5371,177.9816,81.9900,111.8928,21.1177,69.2544,153.7600,112.0811,145.8663,93.8491,56.3134,166.3754,64.2361,101.4660,153.3649,145.4008,167.0847,88.1120,145.1561,171.3465,133.5381,48.9843,79.2690,119.5916,47.6758,87.5225,91.2272,59.8469,136.7562,128.4204,122.0294,68.0740,218.0053,90.2404,136.3655,108.2037,91.5780,187.7799,122.0273
155.8813,87.5599,125.7835,138.1749,143.3170,147.4607,123.8138,94.1004,121.4886,131.5726,184.2515,30.4892,136.9572,188.8975,196.6795,58.8669,127.4828,129.1502,123.7209,119.5999,112.1563,96.8708,177.0237,99.1720,102.1030,137.6241,0.0000,170.4063,107.6547,126.6753,106.5770,171.2620,86.8703,100.7601,89.1667,124.3964,107.0262,88.4564,109.2492,104.9809,152.2567,147.1879,70.1181,156.3477,140.4626,104.8060,91.0137,219.0229,113.3712,113.1271,161.9127,69.3080,148.6331,194.9494,154.1724,195.3559,66.0454,74.6627,76.3899,122.0955,135.0329,83.2829,144.5387,110.4362,140.5104,145.4990,137.6203,153.3264,144.1839,147.3592,135.3811,104.6233,43.0324,81.7583,159.8308,94.6616,204.4813,196.5598,170.2090,131.9291,159.1985,159.6468,235.1072,141.7171,101.2074,164.5967,123.7795,88.7939,150.0013,105.2843,135.4683,127.3477,61.3216,164.6729,156.6252,65.7764,140.9563,87.6406,104.8114,147.8589,30.2656,83.8922,92.5263,70.2638,211.3876,73.6995,67.5147,31.9007,215.7946,177.6793,147.9316,82.5561,109.0993,120.6712,23.6400,165.9154,98.1109,99.9390,43.6816,87.2648,95.4689,144.1266,243.7512,160.1408,121.7820,91.4824,150.3775,102.1259,111.2030,112.3034,40.4280,93.6979,260.3660,64.5262,138.6955,98.1141,129.7722,173.6326,99.4534,152.6750,47.5474,199.3678,116.1338,73.7578,75.2734,44.0199,145.1718,134.1443,86.0015,96.8566,163.4736,188.2848,140.1835,116.6150,168.7345,83.8571,77.4596,168.9086,140.8953,140.8576,126.8299,95.7111,121.0162,190.4160,172.7709,54.3116,111.6461,94.8717,105.4566,233.4523,75.0721,98.7220,159.9378,90.7288,199.4188,109.3040,58.3474,172.7735,125.8081,141.7553,77.2195,29.3709,99.6161,137.5476,71.8882,87.7236,102.1127,130.6188,125.5643,174.8201,108.0131,109.1965,152.3698,150.8927,112.1139,150.5953,93.7231
81.9906,82.9255,88.5806,73.0396,48.7902,63.1818,112.2105,82.5654,107.7506,77.7667,109.8800,142.4748,86.4474,114.7628,89.7119,111.8581,47.4279,88.8500,52.6579,125.5016,73.6522,73.8217,104.6164,132.7865,80.6094,80.0676,170.4063,0.0000,86.9531,43.7445,81.7107,61.3352,113.0412,102.6700,106.5321,46.0121,63.6730,82.1217,64.1445,88.8251,19.6529,36.7595,100.4072,44.9768,37.8884,72.3178,113.4717,74.5347,59.8946,124.2286,103.5370,117.7079,69.3961,24.9320,38.1491,63.0218,168.4491,101.5286,107.3489,67.8703,71.0735,95.7881,52.1412,66.6349,97.4099,47.9770,38.6308,125.4116,30.1001,70.0472,79.7406,81.3914,133.0862,104.7124,48.8312,77.1146,109.9484,181.0359,57.0044,38.4934,48.5225,40.0148,72.7457,51.3599,125.7738,81.4108,60.9978,82.8817,26.3225,108.8478,46.4772,52.1195,165.7687,68.6401,79.3811,115.6977,91.2945,87.5177,116.1399,92.9089,150.2109,108.4734,79.8985,101.6502,138.6821,138.1462,134.1429,139.9701,49.3116,69.3151,37.5484,135.4593,108.4286,177.3608,163.6824,150.9432,97.7373,78.3151,128.4514,90.2312,74.9874,53.6967,93.7015,61.5645,88.1492,109.0254,74.1781,115.5005,59.2734,62.5807,134.5371,103.7314,98.4315,110.5468,35.1927,94.1240,42.5942,33.8186,113.2061,166.1561,157.5786,47.8115,70.5902,102.6252,103.0625,161.1559,58.2815,43.4562,121.6446,79.2346,54.9324,28.9798,60.3768,106.8336,16.2047,88.3360,94.3631,14.7999,34.0874,138.6436,48.4178,94.4289,96.1606,41.7646,90.2308,122.6850,117.2494,82.7643,130.0808,86.3096,102.6366,84.4359,96.8611,129.4301,94.6282,67.6117,147.8560,112.5612,94.6417,35.0856,93.2197,143.0616,77.1109,41.4968,100.2034,124.7108,113.3422,85.8446,82.5736,19.8158,212.7175,68.8772,80.6181,49.1079,67.1747,145.7599,104.4203
127.7636,50.1503,110.7112,30.5964,93.2678,108.2259,128.1662,70.1416,29.8843,106.4700,163.1301,89.7550,117.5781,168.7520,157.0176,56.6577,70.4229,23.9042,71.8046,44.3953,83.2308,51.5422,155.7276,128.5584,13.9526,30.2455,107.6547,86.9531,0.0000,54.4818,86.2826,124.3843,101.9774,103.0166,96.9894,54.4158,42.9671,51.2070,33.1189,92.6344,76.9643,51.9018,51.1953,102.5641,49.0806,23.4832,26.9773,113.8671,63.4187,130.5559,146.1797,91.9749,113.7020,110.5165,95.7416,139.4981,138.1897,35.5398,85.3356,88.3800,103.9082,26.5919,97.2092,70.7499,128.2722,94.8041,48.5029,155.8370,76.0992,113.1943,27.9313,83.5959,87.7496,87.6197,108.0585,57.4914,173.7827,214.4919,120.9219,59.0461,55.6547,59.0495,159.6987,93.7909,124.0764,133.1152,82.8889,57.7399,81.1999,22.9779,40.6472,35.0689,133.6175,124.7275,126.4787,85.5806,36.2791,28.8859,118.3753,129.9835,79.5473,94.3719,33.9667,44.9847,195.3200,117.0294,109.0589,76.4307,120.3031,70.3564,88.8001,120.2844,114.8144,173.1851,92.1072,179.7095,95.6187,72.5910,79.0966,72.7137,48.7199,40.8715,179.1103,53.4901,107.1147,22.9158,118.4425,115.9209,50.9792,31.0268,87.2275,98.0090,158.6789,74.9028,72.9934,9.8130,66.1824,74.3976,111.9257,182.6018,78.1053,131.5005,16.4246,36.0882,77.2267,120.6200,40.0665,43.6383,109.9026,68.7722,58.0487,114.1607,99.7654,26.0701,94.6616,37.0601,41.0823,93.9840,53.1154,157.7276,70.7957,89.5117,20.3533,89.8144,143.9482,83.3104,123.9997,71.8755,44.4322,170.6832,34.0587,80.2080,140.4932,120.2975,161.5378,70.3866,116.5249,158.4660,115.6960,51.8726,52.2206,89.4224,23.4312,79.3767,64.0583,38.0701,114.0053,112.2799,105.4618,81.3513,189.3228,72.3511,124.4056,100.7516,74.4702,168.0016,98.7614
76.3848,39.3095,66.8824,56.7313,39.6382,55.7675,88.9259,42.9491,82.0736,59.2251,111.1352,99.0446,70.4241,116.7103,102.6622,68.1324,18.3499,66.9788,22.1230,98.3628,42.3017,30.4880,104.0658,101.1770,43.6508,62.9912,126.6753,43.7445,54.4818,0.0000,49.1277,69.9897,77.4170,70.7571,70.9057,2.6321,20.1353,38.5931,23.5309,56.9265,26.6659,31.2417,56.6664,48.1087,23.4998,33.5143,77.8016,103.8432,21.3132,96.8093,96.6290,77.8610,61.8348,68.4529,41.2837,85.5734,129.5912,59.2679,67.7363,42.2575,54.7396,54.8647,43.8297,30.5831,82.0493,40.9352,19.9167,111.3106,22.2569,61.5969,61.4416,47.5806,90.2100,66.3135,53.6233,34.6611,119.9349,170.4525,66.4621,5.5929,51.2929,46.0752,112.4902,40.6008,94.8053,80.5359,34.9464,40.1292,27.9269,77.4040,26.9372,24.3931,126.3488,71.0370,74.6829,74.6846,74.9283,45.6928,86.2476,81.4832,106.9062,71.3910,37.1341,58.2062,143.1266,100.7504,95.3939,96.2776,90.4394,77.4946,34.3183,99.8564,79.8872,147.6411,120.3273,136.7915,64.2094,40.3996,85.0622,50.1405,31.3674,43.0771,127.9284,61.2508,64.4674,73.1175,66.9143,84.7399,15.8338,23.9534,91.4675,69.3260,137.7287,68.1909,18.5581,58.5979,12.3550,54.6369,81.5162,145.6626,115.8344,80.2378,39.4653,60.3659,62.1257,119.7576,48.0112,21.0549,86.4158,39.7099,58.8547,65.0276,47.9779,79.3725,44.6465,45.2004,50.9843,44.4234,19.7607,118.5309,19.1321,59.3249,70.4862,70.6461,91.3142,80.2978,89.5681,43.7011,98.7043,118.8012,60.7568,48.2149,90.3748,95.6748,107.2421,31.1219,108.0651,108.3565,72.8718,22.3311,49.5388,99.5724,37.2057,25.2818,57.2127,88.7753,82.5217,66.6218,60.6984,50.5954,176.8955,33.0879,73.3883,46.6463,33.0402,127.6792,70.1085
51.6502,38.7408,25.7260,100.8525,39.6376,40.8940,42.2357,18.1095,116.1211,26.4480,84.8591,76.0886,35.1860,90.2488,91.0832,60.0768,35.2285,106.3515,29.8204,128.9083,8.0709,34.7891,77.1626,52.4300,72.3459,105.9016,106.5770,81.7107,86.2826,49.1277,0.0000,64.7408,31.4782,21.8020,25.1030,46.7655,45.1586,37.3177,55.8324,7.8006,62.2936,80.3658,51.5979,52.0599,72.6048,63.4086,99.4336,151.2033,28.1526,47.9027,64.3586,40.3854,42.3022,102.1099,52.2012,89.2328,87.7623,67.6246,30.9818,16.4878,28.6590,70.0627,39.6181,18.6831,43.8647,41.6748,68.9873,69.7812,51.6452,41.0841,103.8899,2.8718,63.7391,26.3807,54.5603,29.2592,101.7010,128.2098,63.9142,50.7995,100.3617,95.1441,132.9236,37.4684,45.8386,59.7840,21.2869,31.1217,55.7013,105.6507,74.8549,69.8454,85.6269,58.2350,51.7646,41.4890,116.8348,61.4183,37.1200,47.9673,98.2650,27.9838,53.2415,58.7619,115.9708,56.9350,54.0954,83.5840,130.9818,126.4687,47.7940,53.7565,30.9902,98.6673,109.7477,93.4361,16.0532,13.8860,63.5845,21.2651,37.7291,90.8732,138.0030,109.7142,21.6397,95.2550,44.6656,35.6700,39.2435,59.5952,66.2028,22.0272,180.1360,42.5276,46.8552,84.8730,41.6214,102.3993,32.6201,98.2960,115.4038,96.1895,77.2145,68.3559,31.4111,84.2770,95.3782,69.4246,39.9440,18.1442,107.8425,89.2081,33.9787,112.0041,72.9520,54.3885,55.2517,73.6909,68.7438,72.1406,34.1604,13.2715,106.2349,117.3528,69.2907,52.3312,40.7091,16.3782,123.9396,127.5685,70.3525,8.6416,60.0314,47.9522,94.2843,18.3529,68.5953,76.7611,29.8331,71.4202,43.7350,77.2386,62.8646,40.4342,39.4605,107.9875,33.4467,28.8140,22.0955,95.3493,131.0387,16.2500,47.9538,46.0540,16.1324,82.1227,22.7102
27.4620,92.9357,51.7084,123.1209,32.0767,23.8851,70.1954,78.4428,151.8876,42.0664,48.5908,140.7765,42.7673,53.4277,32.6811,120.8237,54.8388,135.7818,55.1994,168.3468,59.2873,84.3784,43.7316,99.3077,112.7607,129.9949,171.2620,61.3352,124.3843,69.9897,64.7408,0.0000,90.8052,76.3222,85.9261,69.9702,84.3106,91.5044,92.0772,67.4207,53.9771,88.2212,110.3605,21.9501,84.2499,102.3214,146.3066,133.3472,66.0892,85.6165,45.9045,104.2747,24.3337,65.6861,29.4269,25.3123,145.5332,121.3546,95.5205,49.3444,36.9654,119.9505,28.9923,64.1704,49.1171,30.1946,82.3282,71.1235,49.7840,25.7070,128.8682,66.6387,128.4798,90.5441,16.3984,82.7728,50.9266,121.8831,4.3400,65.8908,105.9154,97.6583,74.8112,32.4366,92.4055,22.6127,49.2306,87.7361,46.2404,147.2098,91.8894,92.7680,144.6227,10.7069,24.7915,106.1269,142.0609,110.1764,82.9343,41.3689,160.7828,90.3835,100.6368,115.7073,77.7986,115.1037,114.9606,146.8202,98.5707,129.5255,35.8501,108.9436,74.9334,136.1178,173.0106,94.8655,75.7993,72.4737,127.9810,84.4627,87.2417,105.5001,74.0420,118.8291,54.3072,141.6358,25.2991,83.8548,76.0773,93.4764,130.9309,81.5428,145.3748,106.9021,51.7428,127.7210,58.2416,94.8401,83.6550,114.5884,175.4523,40.0020,109.3963,122.3470,95.9942,146.7740,110.7403,86.2560,96.7704,76.2932,113.2735,45.1722,31.2507,149.3285,45.1333,106.2089,109.9236,46.5400,78.6093,88.8103,54.7326,76.5301,140.1890,102.4540,29.4142,117.0679,80.3715,77.3256,168.3252,63.5064,123.6050,72.5671,39.7806,100.2959,37.3208,65.1970,129.6531,52.6689,55.4821,81.3311,101.7481,141.8983,104.9727,45.0739,101.7048,156.8436,82.2922,46.7489,48.8403,81.1509,179.7314,64.5173,28.4334,24.0014,61.3951,93.2709,81.8588
70.8084,52.1345,40.5116,122.6849,70.1995,67.4753,37.8966,35.5125,130.4032,48.7762,97.3918,57.9573,51.4708,102.0298,111.8700,57.6959,66.0093,124.6764,60.6300,140.1183,39.5368,53.9337,90.2114,26.5842,88.5193,126.6197,86.8703,113.0412,101.9774,77.4170,31.4782,90.8052,0.0000,14.7386,6.5757,74.8508,67.5543,51.2813,77.2580,25.1902,93.5156,108.1921,54.7795,81.8922,100.2233,81.9649,107.6832,181.0306,56.2221,31.7215,75.0448,18.4900,66.5943,133.5658,83.0253,116.0690,56.5594,73.7678,17.9092,47.0907,54.0709,79.5702,69.4538,47.5217,53.7304,72.1009,96.5556,68.7368,82.9419,65.2268,124.3942,31.6514,45.2289,14.4043,83.5234,47.5004,117.9704,120.6092,90.9352,80.1244,127.3897,123.1499,162.5094,67.8295,22.5654,79.6832,52.7176,45.1224,87.1501,117.2009,100.8269,94.5278,54.7818,82.3234,72.0102,24.5318,136.3081,73.5396,20.1793,61.3779,87.2547,7.6286,68.3128,62.8110,124.9471,25.5773,24.1572,71.8930,162.3462,152.8656,79.0741,22.5971,22.4413,72.2641,96.1475,86.5091,15.9284,37.0321,49.4275,30.1614,55.8112,116.1071,164.8405,135.2934,37.0456,104.3174,66.9859,17.2311,64.3425,81.4440,48.1542,9.7226,211.4109,33.3602,77.9844,97.7197,71.9322,131.8907,13.5691,82.7145,107.9759,125.7271,97.1770,74.0799,25.7156,56.0922,120.0403,96.0390,9.0050,38.3747,134.4928,120.1477,62.5095,125.6924,104.3868,65.3354,62.9700,105.1453,97.1260,61.5613,64.9652,18.6501,122.2880,147.4298,86.8523,35.9197,27.3065,34.3251,132.1028,154.3000,76.5280,29.3460,73.2578,18.8843,114.1097,46.7555,38.8694,85.9903,39.4154,99.5444,50.5161,59.3961,79.5875,71.8984,39.8129,113.8167,16.3664,45.6082,42.0624,125.9216,100.0226,45.0583,67.5601,75.7008,46.1915,72.2356,9.2093
56.1085,53.0690,25.7819,120.5792,57.5300,53.2579,27.4889,33.0754,132.3783,34.2560,83.6813,71.2152,36.7908,88.5038,97.1827,65.6240,56.9028,124.5481,51.5129,143.6182,29.4800,52.2204,76.3463,30.6371,89.1525,125.1812,100.7601,102.6700,103.0166,70.7571,21.8020,76.3222,14.7386,0.0000,11.7093,68.3387,64.5654,51.9063,74.9788,14.1007,83.5039,101.9908,60.3367,68.5850,94.1689,81.2907,112.2539,172.9579,49.5620,27.6817,61.4555,31.5052,52.0390,121.9426,70.4391,101.6215,69.8781,78.7001,26.7507,35.0995,39.8611,83.1691,56.3060,40.1780,39.8573,59.2953,90.5297,58.3961,72.7982,50.6675,123.0655,23.1774,58.3544,21.3490,69.8002,45.8832,103.7477,113.7150,76.6139,72.5864,121.8535,116.8243,148.7320,55.0427,24.0617,64.9784,41.6734,45.3267,76.4148,120.3775,95.9829,90.5067,68.5578,67.6661,57.2796,36.1756,135.6183,75.8229,15.8779,47.1094,98.8340,17.0861,69.0800,68.3150,112.2188,39.0132,38.7400,83.4849,151.7542,147.8494,67.1695,33.9396,12.1514,76.9067,108.5806,78.9489,7.4112,32.1198,61.3353,30.7260,54.7013,111.8312,150.3155,130.8366,22.3247,108.4925,52.2830,14.0309,59.7325,78.9898,61.2148,7.4388,201.0418,42.6410,68.2469,100.0862,63.3920,124.1977,10.8183,79.5928,118.6012,112.0170,95.9484,79.1976,32.5015,70.7872,116.1614,90.7211,20.7231,35.0120,129.2567,107.4548,48.9076,127.9242,92.7546,67.9276,66.9144,93.6192,90.4454,55.2910,55.8308,13.5059,123.3252,139.0790,72.3370,48.0907,20.9831,31.4299,136.9233,139.7710,81.5104,23.7914,59.1863,26.8559,99.4859,39.6900,53.3714,72.8661,25.0566,93.0831,54.3211,72.5987,79.8022,61.1748,45.6438,119.4899,11.8359,30.8721,27.4889,116.9505,110.2360,37.6794,52.8356,62.3643,37.8968,65.8481,7.1966
67.1710,46.9063,36.8352,116.9134,64.1969,62.3450,38.1218,29.3284,125.7583,44.1280,95.3818,59.5191,47.9816,100.2128,108.2256,55.3577,59.4502,119.3937,54.0760,136.0168,33.1307,48.0538,88.0304,31.9962,83.3783,121.0057,89.1667,106.5321,96.9894,70.9057,25.1030,85.9261,6.5757,11.7093,0.0000,68.3474,61.4891,45.9575,71.3620,19.2537,86.9878,101.7461,51.2607,76.1105,93.7855,76.4509,103.9447,174.4745,49.6836,34.6465,73.1646,19.8619,61.9048,127.2108,76.9622,111.0980,62.7011,70.0817,15.5991,40.9975,49.0034,75.3798,63.6368,40.9489,51.5571,66.1399,90.1175,69.2056,76.4320,60.5504,118.8036,25.1453,46.6550,10.6685,77.9612,41.5942,115.3147,122.9546,85.8455,73.5673,121.0303,116.7011,156.8860,61.8758,27.0884,76.0026,46.3850,39.6263,80.6970,112.9489,94.5346,88.3502,60.7111,77.8144,68.1746,24.5143,130.8911,68.8599,22.4582,58.7016,87.3192,5.3801,63.1365,59.3181,123.8609,31.8321,29.5048,71.9517,155.8416,146.5901,72.8345,29.1727,22.3103,78.1977,96.9147,88.4746,10.1941,30.5515,49.7094,24.5277,50.0767,109.9163,159.9480,129.0907,33.0374,100.4154,62.6821,19.6613,58.0137,75.5242,49.5101,4.5727,204.8806,31.6380,71.4485,93.1455,65.3573,125.3445,15.6030,86.4907,107.3739,120.0902,91.5656,70.4729,22.3928,60.8804,113.9189,89.6791,15.5237,32.0793,128.1764,114.0668,56.9472,121.1258,98.0547,60.7211,58.8352,98.7928,90.6301,63.9954,58.4081,12.1069,117.3362,140.8613,83.7150,36.4077,29.1752,28.0539,128.5044,149.4210,72.8736,22.7836,70.8355,25.0288,110.6810,40.1877,44.2112,84.5518,36.6618,93.0682,46.2394,60.8978,74.3004,65.4643,36.2766,110.5514,18.1437,41.8168,37.5706,119.3465,106.5965,38.4838,63.7891,69.9496,39.6243,74.6772,4.5595
75.4147,36.9406,65.0206,58.0544,39.1389,54.9595,86.8602,40.3242,82.4370,57.6301,110.3347,96.6296,68.8734,115.9245,102.6036,65.9543,17.1288,67.7777,20.4411,98.5107,40.0659,28.0143,103.1959,98.7135,43.1274,64.1832,124.3964,46.0121,54.4158,2.6321,46.7655,69.9702,74.8508,68.3387,68.3474,0.0000,18.2410,36.1860,22.6870,54.5586,28.5025,33.6567,54.4616,48.1906,25.8425,32.8398,77.1722,106.4573,18.8239,94.5229,95.4308,75.2293,60.9162,70.6285,41.6141,86.2173,126.9591,57.6506,65.1044,40.4195,53.3490,53.5579,43.2477,28.1623,80.4511,40.5470,22.2221,109.6449,23.2533,60.6242,62.5674,45.1623,87.7027,63.6930,53.6629,32.0759,119.6095,168.8325,66.5428,7.5532,53.6013,48.5344,114.1684,39.9422,92.3748,79.8144,33.2276,37.5774,29.0804,77.2545,28.8000,25.6479,123.7179,70.6199,73.7855,72.0666,76.0496,44.2421,83.8771,80.1190,104.9348,68.7928,35.4736,56.2236,142.3912,98.1323,92.7632,94.1268,92.9610,79.7558,34.5416,97.2731,77.5942,145.2002,118.3323,135.0525,61.7405,37.8246,82.6345,47.5086,28.9967,44.9760,129.1324,63.3418,62.5071,72.4831,65.9456,82.3363,13.3594,23.5650,88.9850,66.8113,140.3242,65.6274,19.0817,58.1140,11.8147,57.2511,79.0814,143.5993,114.2238,81.5225,39.7997,58.7454,59.5021,117.1616,49.8325,23.0242,83.8518,37.0896,61.1180,66.6581,46.9873,79.5966,46.2969,43.3722,49.0433,46.1361,22.2878,116.5361,17.8113,56.8056,70.9378,73.2767,90.6213,77.7422,87.2874,41.0858,98.4554,119.9060,59.2234,45.6821,89.2396,93.1455,107.1368,28.6675,105.4354,107.2532,70.9646,24.8001,47.2117,97.1728,36.2553,24.9911,54.7044,88.0652,80.1204,64.9102,58.8779,53.1995,174.2864,30.6593,72.3484,46.3945,30.7226,125.7633,67.5956
85.0247,20.7697,68.3121,56.0213,52.3276,66.0427,87.3749,32.1925,72.6639,63.5388,120.4227,80.1606,74.6964,126.0437,116.4616,48.2592,29.4950,61.3538,29.6301,87.1548,40.9176,14.0740,112.9554,93.3180,29.6685,60.8112,107.0262,63.6730,42.9671,20.1353,45.1586,84.3106,67.5543,64.5654,61.4891,18.2410,0.0000,20.4651,10.6903,52.3065,46.7288,43.5853,36.9081,63.2786,35.8275,19.4897,62.1171,118.2421,20.4618,92.1044,103.2126,63.8368,71.2020,88.4900,57.6182,102.6531,115.2651,39.5727,54.4640,45.4341,60.9722,36.2084,55.8889,28.1062,85.5629,54.1301,32.4168,113.6404,40.9937,70.6098,58.7666,42.7444,72.2543,54.4783,68.4894,20.2248,132.1404,172.6708,81.3082,25.6754,60.9800,58.1172,132.3863,52.3933,87.7154,90.7526,39.9896,24.1552,46.9439,64.5925,34.1340,27.1600,111.5828,83.2520,83.8584,59.4503,71.6770,26.5853,80.4333,87.0335,86.7712,60.5550,17.4205,38.0759,152.6028,88.2957,81.8740,76.3087,109.0934,85.7030,50.4277,88.9503,75.4979,139.6850,100.1956,138.1047,57.2863,32.4875,66.3363,37.6936,13.3762,48.7035,146.7917,67.8887,64.9396,57.4738,75.7964,78.3803,8.3340,14.4791,73.2165,61.1435,155.2291,51.3899,36.2262,44.1635,27.4906,69.7026,74.6605,143.3184,96.1026,99.3688,32.1108,40.6606,47.5556,103.2153,52.5002,30.3275,76.3940,29.7138,67.6469,84.8631,57.4091,69.0328,64.5185,25.1323,30.8492,64.3733,34.7959,117.2974,29.5784,51.4844,62.0443,86.4058,101.5479,63.1654,85.1067,33.5911,84.9569,137.3834,41.2796,40.7800,97.5449,86.4241,120.7622,27.8854,93.2611,115.5044,73.5988,36.2795,30.4180,80.5781,20.9470,39.7989,39.6865,72.5403,76.2640,69.5566,62.8210,68.4067,164.3424,29.9522,81.6064,60.3098,31.7720,127.2268,61.9429
85.8883,1.4958,62.9707,71.8591,60.0424,69.9392,77.7915,19.6289,80.4730,61.5936,120.5994,60.4515,71.7122,126.1232,121.9645,30.9856,40.2747,73.4435,37.5972,92.1565,36.8491,8.4415,112.9172,77.8060,37.4646,75.4670,88.4564,82.1217,51.2070,38.5931,37.3177,91.5044,51.2813,51.9063,45.9575,36.1860,20.4651,0.0000,27.6179,42.5534,63.8016,64.0056,19.6027,72.6040,56.2861,30.7658,62.1188,138.6500,26.4398,79.3648,101.0607,44.5010,73.7356,106.5227,68.6471,112.8218,95.3309,31.0416,35.9459,45.0097,61.2494,32.7470,62.5815,27.5881,81.0917,62.1494,52.8816,106.8016,56.0250,72.8209,73.2144,34.4585,51.9384,37.1798,77.1355,8.9664,135.3580,164.5525,89.2591,43.6445,80.8215,78.4107,147.7194,59.2193,73.0230,93.0160,42.6178,6.5905,61.9420,68.8583,54.1084,46.6269,91.5018,88.0853,85.3562,39.5183,85.0267,24.2860,67.1706,84.5595,71.1971,43.7889,17.2445,24.2029,152.2908,69.5090,62.5442,59.0045,128.8763,104.7956,61.7865,71.1875,63.8357,123.3156,84.2502,129.6725,44.5389,23.5683,46.4739,21.5265,7.2929,67.7192,159.3496,86.7097,58.9457,57.9683,77.4876,64.7160,22.8539,31.8019,53.0309,46.8087,175.4985,30.9719,50.6213,48.3105,41.5678,90.1672,60.7274,131.4397,84.0501,113.0122,46.0788,31.8987,28.3348,82.7606,70.9767,50.6855,59.6311,19.1882,87.1633,100.4172,61.3048,76.0432,80.5274,17.0787,18.8450,80.6281,55.1595,106.9475,39.8192,38.4276,71.5542,106.8602,103.3759,42.7003,72.8761,21.4243,86.6571,149.4737,33.6390,29.9707,96.2405,69.9739,125.8182,26.6625,73.2362,113.5206,67.1100,56.7265,11.3789,60.9869,28.3447,50.9139,19.2216,70.7743,62.7987,65.6312,58.7257,88.4906,145.0096,27.8101,82.2239,68.2295,30.8313,117.3624,47.5648
94.6601,27.4099,78.9115,45.6592,60.5051,75.1426,98.0570,42.2603,62.4884,73.8327,130.0164,84.1052,85.0502,135.6380,124.5580,50.5938,37.5340,50.6793,38.6904,77.5069,51.5672,23.3253,122.6266,103.3127,20.6857,50.2377,109.2492,64.1445,33.1189,23.5309,55.8324,92.0772,77.2580,74.9788,71.3620,22.6870,10.6903,27.6179,0.0000,62.9262,49.3998,38.2479,40.0444,70.5266,31.2302,10.2489,54.5207,112.2450,30.6299,102.5846,113.3211,72.0811,80.5841,89.0503,64.2046,108.9034,122.8726,37.4332,63.2105,55.7259,70.9493,31.8594,64.3331,38.7062,96.0368,62.1436,28.3898,124.2539,45.7758,80.0760,48.1618,53.3942,77.5057,63.7660,75.9201,29.7729,140.8938,183.3207,88.8154,28.9012,53.5118,51.8493,135.1347,60.8813,97.8798,100.0137,49.9098,32.6769,51.4513,55.4219,27.2210,19.3381,118.9639,91.8539,93.3609,67.1123,61.0053,23.3844,90.8204,97.2586,86.6495,70.0680,16.7229,39.0160,162.2056,96.9676,90.1390,77.7445,106.7345,77.1781,57.0768,98.1777,86.0529,149.5101,100.1448,148.7776,67.6517,43.0002,70.7157,47.1427,21.6255,40.1086,151.3858,59.0989,75.5838,49.8312,85.3273,88.7019,18.0368,4.2223,78.1131,71.2758,151.3337,58.1404,41.7687,35.6481,33.9699,64.8131,84.9261,153.9296,93.5082,103.6468,21.4222,38.5256,55.8469,109.4498,43.3988,24.9765,85.9781,39.9966,59.6378,87.9193,66.6540,59.0587,67.5956,25.3988,31.7896,67.2346,31.8904,127.9730,37.8362,61.7663,51.6383,81.6569,110.8439,69.3788,95.6289,43.7565,76.2998,142.3139,38.4922,51.2356,107.5331,96.1399,128.9867,38.5263,100.7520,125.5423,84.2474,32.5377,35.3680,84.3432,13.6913,47.0305,46.1778,65.3808,86.6095,80.0382,73.3501,65.7013,172.6224,40.6076,91.3205,68.2061,42.3380,137.9146,72.0715
51.2583,43.8959,22.5499,108.1990,45.0146,43.6161,35.5320,22.9246,122.3697,26.5919,82.8034,74.6222,33.2117,88.0342,91.7432,62.1949,42.8041,113.2255,37.4126,134.6552,15.3895,41.1231,75.1690,44.7325,78.6823,113.1167,104.9809,88.8251,92.6344,56.9265,7.8006,67.4207,25.1902,14.1007,19.2537,54.5586,52.3065,42.5534,62.9262,0.0000,69.5469,88.1655,54.7898,56.8569,80.3997,70.0901,104.4609,158.8579,35.9057,40.2182,61.4992,36.8645,43.8832,108.6421,57.8353,92.4021,81.7495,71.8652,28.5946,21.9193,30.5013,75.0631,44.3834,26.4447,40.2245,46.9300,76.7795,64.3144,58.8552,42.5710,111.0712,9.6591,61.9485,23.3256,58.7729,35.1844,100.9044,122.0906,67.0671,58.5764,108.1501,102.9443,137.6520,42.6608,38.0790,59.8107,27.9269,36.0765,62.6528,111.3591,82.5710,77.4390,79.9056,59.9448,51.7890,39.2321,123.9055,66.8380,29.3212,45.5181,98.9102,23.1309,59.1338,62.3549,113.2011,50.7604,48.7493,83.8912,138.0115,134.2428,53.9934,46.9100,23.3555,90.8897,109.8298,87.2288,9.2662,20.1201,62.9082,23.6924,43.9153,98.5546,141.2805,117.4377,18.2508,100.4155,45.3983,27.8827,46.7413,66.7823,64.5856,15.4764,187.2466,42.2645,54.2178,90.6933,49.2982,110.1204,24.9067,91.0120,117.0705,100.8564,84.2201,72.5164,31.0385,79.8295,103.0179,77.1757,33.1745,23.8786,115.6205,94.9579,37.7853,118.1326,79.4361,59.4307,59.5968,80.2410,76.5433,65.2308,41.7323,9.2755,112.7462,124.9786,68.6172,50.7492,33.0614,21.1297,129.0864,130.7798,74.6437,12.5869,57.8223,40.6148,94.6200,26.0672,63.4368,73.7050,25.3011,79.2209,47.5037,75.8662,69.2108,47.3756,41.4089,112.5778,25.6586,26.6620,20.7910,102.8713,123.9110,23.9874,47.6521,50.6990,23.9292,75.3967,16.0508
69.3636,64.7271,71.1661,70.0004,32.7359,48.9742,94.8151,63.0066,101.5013,60.8398,100.7634,123.7862,70.4850,106.0332,85.6130,94.2096,27.7754,83.9331,33.0217,118.8043,54.2645,55.3878,94.6334,113.8425,68.1973,77.0126,152.2567,19.6529,76.9643,26.6659,62.2936,53.9771,93.5156,83.5039,86.9878,28.5025,46.7288,63.8016,49.3998,69.5469,0.0000,34.2854,82.6809,33.4650,31.0865,58.7478,102.2029,91.0072,40.4509,106.0188,91.0401,98.0866,55.4975,42.8720,25.5657,63.5631,148.8012,85.9028,87.7270,49.1080,54.4779,81.1828,36.7315,46.9849,81.9242,32.5519,29.8945,110.8118,10.7105,55.8675,76.1198,61.8684,114.0313,85.0597,38.5762,58.1571,104.7965,168.1624,49.7893,21.0796,52.2874,44.2886,85.8773,35.0680,106.9004,70.6344,41.9463,63.9933,8.9398,99.7718,39.4069,42.3383,146.1160,58.7107,67.0003,96.1881,88.9654,72.2175,97.3896,78.5631,133.4255,88.8485,63.7943,84.7165,131.3897,118.5407,114.4907,122.4072,68.9150,77.0033,21.8644,115.9899,89.8571,158.9441,146.8094,136.6130,78.3441,58.6767,109.7546,70.6849,56.8701,51.7483,102.4893,65.0266,70.2706,97.5819,60.6197,96.5981,41.1915,48.8258,115.5844,84.2810,117.8954,91.3465,15.5605,82.7073,23.1468,44.8123,94.1430,149.9906,142.4472,54.7214,60.7134,87.0018,83.5740,141.6394,56.9480,34.4448,102.1780,59.6842,59.8408,38.5253,44.3294,99.7063,18.2044,71.8441,77.5456,17.8450,25.6228,122.3742,28.7679,74.8810,89.6716,57.1694,80.5693,103.4583,98.9266,63.1639,121.2800,93.8054,87.3340,64.8000,84.3610,110.1556,90.4728,47.9661,128.2135,101.2744,77.3373,28.0392,75.0871,124.4372,63.0031,22.6315,81.3217,113.3815,94.4151,68.9822,64.9719,34.3340,193.3313,49.2244,67.3388,35.5880,47.5449,130.1477,84.9820
101.4726,64.1942,96.8562,36.7207,63.5924,80.5388,119.5369,73.0652,70.9950,88.1581,134.3079,122.3393,98.9783,139.6815,119.8574,88.7708,47.5408,52.1353,52.3037,88.7557,73.4267,57.3376,127.8731,132.3601,48.4923,43.7998,147.1879,36.7595,51.9018,31.2417,80.3658,88.2212,108.1921,101.9908,101.7461,33.6567,43.5853,64.0056,38.2479,88.1655,34.2854,0.0000,78.2871,67.2348,7.9898,42.8002,78.8601,74.6568,52.4710,127.9634,122.8032,106.9236,87.0414,58.9419,59.3202,96.5662,158.5953,73.6146,97.1608,72.4025,82.7963,66.1808,67.9283,61.8129,110.7037,64.0865,11.6476,140.0919,39.9773,87.1444,43.2646,78.8134,115.3869,96.3812,72.5468,62.8984,139.0774,198.7329,84.0578,30.2392,20.3578,14.9586,108.8275,65.4041,126.0311,103.8058,64.8401,67.5264,42.1873,72.8153,12.1203,20.0189,155.0258,92.4063,99.3380,102.8955,55.4454,59.8520,117.4857,108.8826,123.2311,101.8550,54.8407,76.9527,165.3498,130.7487,124.8292,115.4691,70.0584,46.6311,54.2804,130.4414,111.0575,178.8564,136.6390,165.8451,95.3863,71.2014,108.8700,79.7563,56.9587,17.6949,130.4508,31.7890,94.8171,74.6607,92.2618,115.9799,44.2133,34.9183,116.1365,100.3822,113.1942,94.9662,40.7020,60.1390,40.5948,26.5655,112.7381,176.1724,126.9991,84.0353,36.1771,74.6460,90.7445,146.7599,22.7820,13.3931,117.1955,69.9815,28.1013,65.5027,74.1871,70.1713,48.3160,63.4316,69.8481,47.2618,11.8857,148.8194,48.5331,90.3717,59.4381,43.4094,114.0821,106.6686,120.7163,74.0373,93.7767,122.9091,73.9898,79.2221,116.2410,126.6559,124.7285,62.3238,136.6871,133.7439,102.9801,9.0137,73.1895,122.5882,48.0360,49.9141,83.1997,89.9704,113.7622,95.9762,90.5645,29.7187,206.9952,64.3132,99.0001,68.3638,64.2623,157.6170,101.1709
102.5798,18.3890,76.9482,77.8172,79.2867,88.1160,87.7198,33.8068,77.2382,77.6069,136.4283,44.0642,86.7826,141.8373,140.1129,11.5346,59.8750,75.0612,57.1329,85.5965,53.3314,27.8804,128.7279,80.6461,39.8201,79.8133,70.1181,100.4072,51.1953,56.6664,51.5979,110.3605,54.7795,60.3367,51.2607,54.4616,36.9081,19.6027,40.0444,54.7898,82.6809,78.2871,0.0000,91.9898,71.1182,38.0802,52.9145,152.0465,46.0161,85.8933,115.8676,41.6640,91.3654,125.0899,88.2120,132.1825,87.2725,19.0164,36.9520,62.4691,78.3060,25.7767,81.6080,46.1917,94.9284,81.4210,68.0630,118.2056,75.3715,90.3470,77.4513,48.7974,38.3363,40.7308,96.3919,27.7352,152.5230,173.9483,108.3048,62.0141,92.6860,91.7393,167.1912,78.3168,77.3313,110.2055,61.1627,22.6349,81.3246,63.0237,67.1219,59.0695,82.8376,106.2994,102.3420,34.8930,87.3739,22.9113,73.7169,99.5410,51.5948,47.3121,23.7440,8.0585,167.5386,66.2490,58.0721,39.7294,145.8383,114.5208,81.3788,70.2977,72.4324,123.3262,64.6787,139.2548,53.6489,39.3180,30.8588,31.0994,25.9223,78.3061,178.9223,96.3253,72.6995,49.6528,94.7081,70.9162,41.4918,43.5843,38.5560,53.7168,191.2554,24.0142,70.0305,44.8570,60.9400,104.8495,66.8628,137.4718,65.1552,132.6081,52.3514,19.3008,29.0828,71.1138,80.5494,64.9701,61.5001,34.9848,98.1259,119.8065,79.6540,72.3063,99.7801,15.8568,10.2539,99.8207,71.0752,115.1558,59.4217,48.0077,70.6283,121.6923,120.2316,32.2755,80.3169,35.4024,77.3356,169.0173,21.7567,43.1290,111.6291,71.6914,143.7841,45.1641,65.4300,128.2161,80.0897,72.1442,8.6149,44.3015,33.5086,70.5146,15.0047,59.3051,69.3821,80.3797,73.6929,104.9664,138.2863,45.9333,98.8755,87.4282,49.0510,125.8157,54.3281
37.0417,73.9638,48.1730,101.4657,13.0345,19.0506,70.7649,62.2667,129.9398,36.9431,67.2993,126.0979,43.3071,72.5834,54.6218,102.9476,33.8640,113.8837,35.1748,146.4363,45.0215,64.9252,61.2136,95.9125,91.1755,108.2864,156.3477,44.9768,102.5641,48.1087,52.0599,21.9501,81.8922,68.5850,76.1105,48.1906,63.2786,72.6040,70.5266,56.8569,33.4650,67.2348,91.9898,0.0000,62.7672,80.7737,124.9520,119.3471,46.3681,84.6052,58.6694,92.4191,24.7684,56.6976,7.9268,40.2185,138.3117,101.3771,82.7582,35.5727,30.1347,99.3044,12.4861,46.3856,53.4266,10.8506,60.6724,80.6276,28.0011,25.5912,107.1062,53.2326,114.3993,78.4076,5.5558,64.2724,72.5931,136.1712,18.3578,43.9423,85.7475,77.7387,80.8875,14.7485,88.7620,37.3001,32.5930,69.6759,25.0556,125.4400,70.1826,70.8439,136.6737,25.2526,34.4691,92.9926,120.3648,89.5571,78.8950,48.1857,143.2645,79.7441,80.0672,96.6362,98.1151,107.3154,105.6013,129.9708,89.0639,110.3032,13.9005,102.4954,70.7297,137.4469,155.9359,106.0328,66.0241,56.4087,112.6765,69.1496,67.5964,84.2090,87.5355,98.4290,49.1203,120.2686,29.3168,79.0477,55.2051,71.7461,116.6054,72.1889,137.8830,91.9172,29.7944,106.1615,36.5684,76.8560,77.7965,122.2060,156.5620,44.1309,87.4694,102.4051,81.6513,136.3102,89.4688,64.4723,89.2268,59.6261,93.3043,39.4500,19.8047,127.4024,29.8501,86.2174,90.4265,31.1569,57.1198,94.9716,33.9253,65.0933,118.2389,86.7127,47.1056,103.0015,78.2246,61.4783,146.6374,77.3797,103.4862,58.5455,51.9763,94.8068,59.2703,47.4956,120.2694,68.2337,53.6286,59.9188,83.4186,127.0875,83.6515,23.5513,85.0824,135.6312,77.1236,44.3034,43.1343,64.2621,177.3134,47.3188,35.6591,6.2210,44.3160,101.4438,72.6831
95.8158,56.5277,89.7370,38.9846,57.9172,74.8428,112.1853,65.0759,71.0219,81.3613,129.2955,115.1029,92.3256,134.7401,116.3823,81.8154,40.4358,52.9779,44.9939,88.5786,65.7887,49.4644,122.6658,124.4821,43.7435,45.9617,140.4626,37.8884,49.0806,23.4998,72.6048,84.2499,100.2233,94.1689,93.7855,25.8425,35.8275,56.2861,31.2302,80.3997,31.0865,7.9898,71.1182,62.7672,0.0000,36.8926,75.7291,82.4766,44.6156,120.3075,116.9140,98.9786,81.2772,61.6296,54.9479,94.5113,150.6726,67.5759,89.1911,65.1790,76.2375,60.5901,62.2766,53.9995,104.0448,58.6086,3.6681,133.4329,34.9083,81.2908,45.0351,70.9961,107.8663,88.3919,68.2137,54.9579,135.1732,192.2868,80.2021,23.0711,27.7980,22.9395,110.6273,59.5511,118.1918,98.6488,57.6735,59.6515,38.0212,71.0317,8.7270,14.6903,147.1307,87.6743,93.7882,95.0131,57.9600,53.6203,109.7191,102.6008,117.1950,93.8690,47.9448,70.2049,160.6776,122.7631,116.8674,108.8812,75.8259,54.0330,49.3329,122.4572,103.3866,170.9995,130.6554,159.1151,87.5121,63.2478,101.5243,71.7731,49.1787,21.5971,130.8137,38.2805,87.5564,71.3466,86.4901,108.1734,36.2276,28.2502,108.6867,92.4606,120.1442,87.2128,34.7803,56.5258,33.5518,33.9334,104.8959,168.8841,122.0104,83.6667,32.7669,68.6328,82.8189,139.0427,26.8527,6.4219,109.2256,61.9955,35.4015,65.6661,68.0730,69.6314,47.0964,56.6059,63.0089,46.2128,5.6480,141.6186,41.3915,82.4507,59.2416,50.7186,109.1077,98.9817,113.0652,66.0520,92.3580,122.8224,68.1604,71.2965,110.4219,118.7118,121.2021,54.4823,128.7901,128.1076,95.8194,3.0783,65.7183,115.3950,42.0657,43.8264,75.5026,86.9500,105.9586,89.0653,83.4731,34.8753,199.0103,56.4919,93.1895,63.2920,56.5361,150.5599,93.2507
104.4213,30.0740,87.4163,41.2740,70.7031,85.1437,105.5510,48.2165,53.2549,82.9909,139.8109,81.5549,94.1131,145.4331,134.7865,47.3083,47.7163,43.2612,48.6502,67.6990,59.9341,29.1048,132.3719,108.4115,10.4600,44.7012,104.8060,72.3178,23.4832,33.5143,63.4086,102.3214,81.9649,81.2907,76.4509,32.8398,19.4897,30.7658,10.2489,70.0901,58.7478,42.8002,38.0802,80.7737,36.8926,0.0000,44.3330,114.6435,39.9494,108.9694,122.6996,74.6069,90.4742,97.0555,74.4170,119.0367,124.0537,30.8153,66.5855,64.8976,80.4545,23.7488,74.4938,47.3345,104.8685,72.3612,34.7297,132.6501,55.7622,89.9250,42.4515,60.8062,76.4005,67.9403,86.1690,35.4084,151.0215,191.4939,99.0643,38.7324,54.9302,54.8462,144.1015,71.0308,103.3934,109.9662,59.4534,36.8525,61.3415,45.3359,30.8205,22.7821,119.8776,102.0014,103.1972,68.9702,54.4687,17.1722,96.9588,106.5012,80.4434,74.5198,14.9162,35.0412,171.9989,99.8088,92.4618,72.9549,112.6355,76.4902,67.3011,101.8761,92.7879,154.0765,93.8695,156.7945,73.8859,49.9703,68.8330,51.9245,26.6057,40.2945,161.0657,58.2795,83.9014,39.6441,95.1450,94.6660,27.5850,9.9295,76.6242,76.9044,155.6886,59.1204,51.9077,25.4005,44.2129,68.9638,90.7653,160.7582,85.4539,113.2876,15.3555,31.8502,58.7656,109.0507,42.4795,30.4795,90.3868,46.4439,60.1005,97.1536,76.5935,49.5529,76.9400,22.2580,28.4313,76.4983,38.8349,135.3208,47.9871,67.8443,42.8964,85.6793,120.7853,69.4774,102.1933,49.8671,66.0904,152.1090,31.2789,57.9067,117.0321,100.7154,139.2032,47.0086,101.9450,134.9941,92.5222,38.8256,35.5461,81.6125,5.2384,57.2791,47.2959,55.2636,92.6515,88.8669,82.0752,71.7594,174.5197,49.0058,101.0307,78.4371,51.0445,145.4518,77.6841
146.0799,60.7082,125.0409,53.8663,114.4154,127.9125,139.1590,81.6262,30.5286,122.8580,181.3437,79.9663,133.4084,186.9366,178.5678,52.7134,91.4815,40.5138,91.6994,33.3147,98.3381,65.8550,173.7411,133.4948,34.1900,50.8298,91.0137,113.4717,26.9773,77.8016,99.4336,146.3066,107.6832,112.2539,103.9447,77.1722,62.1171,62.1188,54.5207,104.4609,102.2029,78.8601,52.9145,124.9520,75.7291,44.3330,0.0000,138.1241,81.7368,138.5787,162.6840,93.8770,132.7633,137.3159,118.7245,163.3616,133.2049,33.9161,89.8654,105.3131,121.5146,29.4046,118.0059,87.1630,143.1314,116.1792,74.8555,168.7748,100.0083,132.0626,48.9675,96.5766,81.8797,93.5402,130.2918,70.4207,194.1098,225.8929,143.1713,82.9037,81.6560,85.6869,186.1658,114.5100,130.2416,152.3608,101.0931,68.4419,105.4856,14.2706,67.4560,61.3574,128.2547,145.3331,145.1623,86.8514,51.1606,38.2376,126.3385,146.1975,61.0162,100.1834,47.2805,44.9196,213.3674,117.3291,108.7859,62.6631,147.0465,92.9183,111.5898,122.3632,124.4033,175.0758,71.9622,191.0477,105.1825,85.6306,72.7499,81.7262,62.7276,67.3198,204.6843,77.6218,121.0500,4.6896,137.1115,123.5933,70.4353,53.9010,80.4925,106.0630,184.0824,76.0355,96.2395,19.5085,88.4532,101.0485,119.5268,190.3380,54.1942,156.9243,42.9753,33.6201,81.9710,112.9790,65.8594,70.0173,114.3343,81.2934,83.1003,140.0842,119.2048,25.6046,120.2210,45.0726,45.3396,119.6439,79.4328,167.4856,91.6344,99.2163,31.1632,116.0669,163.0682,80.9914,132.7484,83.4204,24.6811,195.9620,31.1581,91.9433,157.5456,124.4348,182.8791,86.5213,113.0005,175.1391,129.2251,78.4204,57.9473,79.2141,41.3345,101.4074,67.8729,11.2454,121.9673,127.5051,120.5788,108.3263,184.0452,88.1807,142.5272,122.3295,90.8314,178.0847,106.7229
156.1854,138.8079,162.1582,84.2807,122.9544,137.7164,185.8169,146.7592,115.9513,151.6822,181.5114,196.0103,160.8123,185.9263,156.8093,161.9019,116.0784,98.7131,121.4527,131.0419,143.5016,131.9387,177.0684,203.5877,117.0208,87.6914,219.0229,74.5347,113.8671,103.8432,151.2033,133.3472,181.0306,172.9579,174.4745,106.4573,118.2421,138.6500,112.2450,158.8579,91.0072,74.6568,152.0465,119.3471,82.4766,114.6435,138.1241,0.0000,124.8326,196.8008,177.5123,181.2874,143.9099,69.6369,112.6823,126.8586,233.0421,144.3630,171.3463,139.7172,145.1484,135.8599,126.5124,133.5834,171.8984,122.3132,86.0009,199.9192,101.4447,144.5769,89.3436,150.1835,189.7432,170.1426,122.8129,137.3354,177.2483,254.8126,129.1770,100.9073,59.8344,60.4019,104.6682,125.4595,196.8472,154.8220,132.2920,142.1238,99.4396,126.7016,85.0244,93.0033,229.5685,141.9017,153.5195,177.4753,91.4179,131.6466,187.6193,167.4226,192.6609,175.2024,128.3125,149.6824,207.6968,204.5863,199.0521,187.1287,42.0031,46.2644,111.6853,203.5697,180.3718,249.4049,205.5971,225.3796,167.0216,144.1425,182.8705,153.7966,131.6152,74.9050,134.5666,60.5804,161.2574,135.2081,148.6384,186.5617,118.3780,108.5099,190.3498,172.5305,48.1671,169.6176,105.2605,123.6543,109.5825,49.2064,183.7612,240.5468,191.7010,105.2983,102.9913,145.2785,165.2117,221.3820,74.2315,87.9686,189.9950,143.5427,55.9309,90.2414,134.6244,118.3679,89.6623,136.5936,142.9311,88.3056,84.4881,212.9790,117.1514,162.6320,108.6637,33.9580,162.7584,181.2739,189.6441,147.5431,142.5003,132.2988,144.0627,151.6915,170.8894,198.8983,161.4763,134.3043,211.2278,185.8022,168.3172,82.4279,147.5575,196.1383,119.7165,113.4917,157.8236,147.5162,184.3461,159.8175,155.9775,56.6735,280.7334,136.0757,154.9974,123.6413,135.3033,220.2652,173.2904
64.6672,27.7385,48.7225,73.7286,34.1422,46.2104,69.2810,22.7992,93.0487,43.2029,100.0599,84.1023,54.4290,105.6779,97.5316,57.2772,14.1262,80.9476,11.2071,107.6083,22.0818,18.5595,92.5610,79.8911,50.0917,79.2167,113.3712,59.8946,63.4187,21.3132,28.1526,66.0892,56.2221,49.5620,49.6836,18.8239,20.4618,26.4398,30.6299,35.9057,40.4509,52.4710,46.0161,46.3681,44.6156,39.9494,81.7368,124.8326,0.0000,76.0455,82.7697,58.0952,51.0547,83.1298,42.2074,86.5606,109.4735,55.2775,47.7761,25.0982,40.5123,54.1365,37.1312,9.4705,65.5002,36.1725,40.9712,94.0197,31.1802,50.3938,77.3411,26.4048,73.8319,45.7372,51.0998,18.7988,112.4160,153.2214,63.5283,23.9769,72.2961,67.3584,121.8675,33.6607,73.5763,70.6499,19.5656,24.6181,36.8064,84.9618,46.7225,42.0224,106.4888,63.8863,63.5841,55.8089,90.6044,44.3939,65.1829,66.6428,97.5846,50.4302,34.8789,50.2901,132.2237,80.0203,75.1259,85.0096,108.6455,98.3448,35.3692,78.7381,59.1212,126.3887,110.5502,118.9108,42.9175,19.3497,70.1353,30.4046,21.2555,62.7879,132.9114,81.5699,45.6763,77.1636,55.5181,63.5777,12.6125,33.7290,75.5186,48.0169,156.9530,51.0217,25.6467,64.3846,17.3137,75.6716,60.2803,125.8875,110.2065,86.7343,51.7116,56.2782,43.1687,101.2654,67.3756,41.2728,65.2063,19.4589,79.7301,74.9162,37.4839,89.4769,55.5937,40.1225,44.0758,55.8829,41.0735,99.1810,13.5356,38.0205,82.2682,91.3419,81.3944,63.0888,68.8378,23.2066,105.0808,123.0370,57.5159,26.9358,77.0832,74.3772,101.6555,9.8730,88.3640,95.0474,54.3226,43.6223,37.5889,84.8596,41.1370,24.5480,41.5956,91.7690,61.3668,49.5304,42.9505,70.3322,155.9683,11.9201,61.2131,42.3514,12.5104,108.7560,48.7981
59.7968,80.4717,36.4607,148.1223,76.1341,66.3183,15.7973,60.7529,159.7602,47.7045,76.2747,86.5458,42.9983,79.9230,97.8801,89.3945,81.3135,152.2240,76.1229,170.5058,54.5368,79.9019,70.2034,16.0460,116.7330,152.8117,113.1271,124.2286,130.5559,96.8093,47.9027,85.6165,31.7215,27.6817,34.6465,94.5229,92.1044,79.3648,102.5846,40.2182,106.0188,127.9634,85.8933,84.6052,120.3075,108.9694,138.5787,196.8008,76.0455,0.0000,54.8051,49.2404,62.5091,140.8267,88.5298,110.1279,65.2746,104.7273,49.4698,57.0869,54.5715,109.8832,73.6421,66.5755,37.8792,77.4216,116.7216,40.3621,95.4301,61.2457,150.7083,49.8613,74.4622,45.1825,84.1417,73.5611,98.8468,88.9079,87.2515,97.9815,148.1021,142.5917,160.4060,73.5097,11.9388,67.9623,64.5606,72.8166,98.0478,147.3603,122.7574,117.6450,66.0480,75.3284,61.9800,55.8785,163.2952,102.9942,12.2760,46.5913,117.6196,38.7669,96.5917,93.9518,99.5509,40.3716,45.6195,102.3964,172.2492,174.2784,87.0166,31.6024,16.9315,53.1992,125.4392,55.0503,35.0835,59.6169,79.9922,57.9400,82.3742,138.7667,156.8763,157.6144,36.1709,135.0137,60.3900,14.9867,86.9113,106.5611,77.3908,32.7301,221.5332,65.0812,91.5571,127.3061,88.1441,148.7744,19.0520,52.1054,138.9451,124.7578,123.6169,105.1189,56.9045,74.9543,143.2354,117.3056,28.1433,62.6690,155.6409,123.9646,65.3227,155.2323,112.2563,94.9614,93.3947,113.3161,116.2091,29.8921,80.2528,41.1398,150.8886,162.8475,71.6154,66.5930,7.2495,59.1116,163.1496,146.4759,107.5198,51.3491,55.6756,22.5876,98.8796,66.2531,56.9788,63.1371,31.0691,118.9688,80.7719,88.0499,107.4194,83.4016,70.8964,145.1595,16.6711,40.4186,41.9635,140.2257,94.1159,64.1527,57.7236,78.6609,63.8031,40.5423,32.0194
21.7087,102.5341,38.9954,153.3517,59.2273,42.3207,40.0148,82.4307,175.8005,39.9039,22.3658,132.6480,29.3486,27.0484,44.8255,123.6885,78.3230,162.8558,75.4287,190.2509,64.3657,96.8489,15.5273,70.7966,132.7196,159.5990,161.9127,103.5370,146.1797,96.6290,64.3586,45.9045,75.0448,61.4555,73.1646,95.4308,103.2126,101.0607,113.3211,61.4992,91.0401,122.8032,115.8676,58.6694,116.9140,122.6996,162.6840,177.5123,82.7697,54.8051,0.0000,92.8975,35.7862,111.3123,66.0599,64.7665,120.0586,131.8353,87.6681,57.8562,42.4243,133.5995,54.9143,75.8355,21.6863,58.8783,114.0717,26.2008,83.0335,35.6600,157.9982,67.2041,119.7959,82.1103,54.7560,92.4077,44.1359,77.5083,49.5563,94.6361,142.4757,134.9223,115.9874,57.4120,65.4342,23.3050,63.4370,95.2034,82.1431,167.3720,122.8145,121.0103,120.6546,36.0306,24.2055,97.5568,171.4799,124.4484,58.6202,16.5042,159.6907,78.5390,115.5350,123.1183,51.7151,93.3279,96.5459,144.4444,144.2720,167.8904,69.2663,85.1432,53.0370,97.0577,169.8853,48.9610,65.4917,77.5888,122.5920,84.9704,99.9712,138.3680,106.4748,154.5827,43.2845,158.3153,30.5744,60.8972,95.2948,116.1401,122.6648,68.7849,191.2744,102.9282,82.1844,146.6002,84.4838,135.3602,62.9156,69.7942,178.4738,84.5215,133.9692,132.6014,91.9483,127.9865,143.5600,116.8032,76.9866,82.0354,150.2100,91.0181,48.9071,172.2438,87.8954,118.0542,119.4590,89.2690,111.4922,46.2076,77.6195,69.6993,164.8913,145.3015,19.8977,109.4897,52.8560,80.7236,186.8160,96.5485,134.5276,72.7404,6.6995,75.7278,44.9581,76.3682,109.8175,12.4631,36.9043,114.4671,108.0933,134.0407,123.5371,73.0880,102.8984,171.7782,60.4406,35.5548,42.3893,122.9305,144.4669,74.6003,23.8218,55.4880,72.1111,48.5453,68.6328
86.8111,44.8699,56.5610,115.8773,79.8410,80.4373,56.3855,35.2995,118.8758,63.1158,115.1652,39.7570,67.7311,119.9407,127.7958,41.8935,70.4072,115.5261,65.3886,126.9478,47.5587,49.7853,107.8494,40.3706,79.3679,118.9474,69.3080,117.7079,91.9749,77.8610,40.3854,104.2747,18.4900,31.5052,19.8619,75.2293,63.8368,44.5010,72.0811,36.8645,98.0866,106.9236,41.6640,92.4191,98.9786,74.6069,93.8770,181.2874,58.0952,49.2404,92.8975,0.0000,80.6773,140.0125,92.1309,129.1793,51.7701,60.3912,10.3596,56.8553,67.3648,67.4097,79.9973,51.1796,71.3494,81.9234,95.3869,87.1986,88.0537,79.3496,116.6323,39.2387,26.9258,14.0116,94.9220,44.0255,135.1749,137.9632,103.8264,81.6275,124.8154,121.7135,173.2298,77.7632,38.6196,95.6014,60.7115,39.6994,93.0304,104.6248,97.9708,90.8158,48.5002,96.7149,87.7030,7.1041,127.6148,63.0916,38.3843,78.5630,68.8164,14.5962,59.9253,49.2845,143.2479,25.2325,18.0670,53.4736,166.7000,149.2180,87.1027,28.6371,40.8476,81.6632,77.6802,104.2889,29.0710,39.4326,30.9944,27.7910,50.7124,112.1250,178.0445,131.1769,52.6439,90.9511,81.8729,35.4541,62.9101,76.2820,29.8220,24.3906,215.0280,17.8480,82.6848,86.3622,75.2134,132.1935,31.9942,98.3691,89.7725,136.5354,89.9327,60.4987,16.2896,44.1953,115.4694,93.9511,21.6253,38.6381,131.3989,128.7733,74.1716,113.9616,111.3108,54.9660,51.1763,111.8718,96.8199,79.0905,69.4650,27.7721,111.8818,148.4543,103.5155,17.4880,45.5468,34.9642,117.7732,167.5619,63.0053,34.4131,90.6841,30.9784,130.3596,50.1617,30.2808,104.1146,56.5200,98.8668,39.8562,41.1615,71.2736,78.3253,27.9282,98.9117,34.7910,61.4705,56.7931,128.1909,100.5757,49.0719,83.3681,86.4370,51.1974,89.6855,24.4205
14.5971,75.2249,27.4838,118.3151,23.4501,6.5475,47.6588,58.0059,142.7738,17.8201,49.5197,118.1777,19.6529,55.1320,48.9875,101.0508,43.8619,128.6925,41.9010,158.0900,38.2642,67.7620,42.2896,75.4928,100.8214,124.7384,148.6331,69.3961,113.7020,61.8348,42.3022,24.3337,66.5943,52.0390,61.9048,60.9162,71.2020,73.7356,80.5841,43.8832,55.4975,87.0414,91.3654,24.7684,81.2772,90.4742,132.7633,143.9099,51.0547,62.5091,35.7862,80.6773,0.0000,81.0105,31.2694,49.6445,121.2208,104.6239,72.3757,28.9031,13.6451,104.6926,19.1285,46.3221,28.7921,23.1149,78.5265,56.0156,47.2499,1.3736,123.2435,44.5629,105.6428,67.1970,22.5621,64.7704,61.6973,112.6656,25.1077,59.3575,106.6912,99.1694,98.3005,21.7289,68.4940,19.5979,31.7188,68.9624,46.5639,135.7684,87.4525,86.1805,120.2891,16.0657,12.8738,83.0267,136.7245,95.0688,58.8837,23.5135,140.1992,66.5288,85.6669,97.5652,81.6792,90.7709,90.7334,125.7245,113.6382,132.1651,33.6408,84.6483,50.8037,114.4000,151.9275,81.5999,51.8688,52.1992,105.8724,63.0879,70.8394,102.8024,98.2765,118.8116,29.9739,128.2052,5.2206,59.6751,62.9332,82.9244,108.2056,57.4596,162.2041,84.8285,46.5011,115.3466,49.5115,100.1238,59.3582,97.4637,156.3454,62.2861,100.3433,105.5305,73.6830,122.6438,108.0206,81.4588,72.4399,56.4226,114.4288,62.4776,13.9866,139.5647,54.6013,89.8375,92.5733,55.8938,75.8083,70.3199,43.3057,53.1287,131.5068,110.9549,30.3518,94.3216,56.8024,56.6371,156.1019,87.7320,107.1090,50.6530,29.2000,76.0788,52.4673,47.1613,105.4016,46.8445,31.7038,78.7746,82.8955,119.3685,92.0960,37.5149,81.0071,142.6565,58.0577,22.6441,24.5515,88.2604,156.4465,45.9255,11.9651,20.3398,42.9218,76.6756,57.7392
91.0464,107.3919,104.4003,93.2372,64.9548,75.6990,127.3875,105.3581,129.1083,93.1780,112.7502,166.6489,99.9933,116.9113,87.1771,136.5760,69.7729,109.7540,74.6458,146.8972,94.0869,98.1460,108.8863,151.0733,105.0458,100.0142,194.9494,24.9320,110.5165,68.4529,102.1099,65.6861,133.5658,121.9426,127.2108,70.6285,88.4900,106.5227,89.0503,108.6421,42.8720,58.9419,125.0899,56.6976,61.6296,97.0555,137.3159,69.6369,83.1298,140.8267,111.3123,140.0125,81.0105,0.0000,52.3153,57.2600,189.7785,126.4514,129.6860,86.8738,86.2978,120.6187,67.1902,88.8921,109.7990,63.5005,62.8605,135.5854,52.1133,81.9829,100.0754,102.2312,156.8695,126.5782,58.4971,101.0286,107.6116,187.4879,61.8117,63.0767,65.3369,57.5394,50.3846,67.5585,143.9392,88.0618,80.8483,106.8649,46.9822,131.7572,69.8775,76.2082,187.4177,75.2897,88.2794,138.5716,110.3620,112.4306,134.1047,103.7780,175.1180,129.7146,104.8248,126.5193,138.1020,159.0405,155.7359,164.7304,32.9709,80.0010,54.7757,155.5455,126.0785,193.8999,188.5834,160.1500,117.8282,100.6490,152.6165,113.0427,99.4811,74.2062,75.1706,77.3742,104.8146,132.9637,84.9954,133.8649,83.7476,87.3929,158.4468,123.9847,81.2118,134.1314,57.5982,118.1554,65.9152,45.6887,132.0426,178.2119,182.4215,36.2373,94.3417,127.5475,126.0352,183.9283,78.0982,67.5800,141.8127,102.0754,69.9962,20.8835,75.5065,128.7268,29.2075,113.2448,119.2426,28.4205,58.4462,151.2882,70.6652,115.2404,117.8573,44.0541,94.8382,146.2164,134.1992,105.3585,152.6550,69.5875,127.5376,105.9897,104.9357,148.7746,91.8396,89.9412,169.8362,118.2839,110.0863,59.0559,117.7303,167.2895,101.9150,61.9045,124.1936,148.5161,131.7998,100.8298,98.9158,32.1720,232.0838,90.9452,90.6380,62.3435,88.8636,157.1537,124.6156
44.3594,69.9409,52.1457,93.7335,12.9092,25.0358,75.3772,60.2308,122.7117,40.9636,75.2117,124.1777,48.6601,80.5055,61.9527,99.4052,28.7583,106.3859,31.0914,139.3732,44.6120,60.6517,69.0742,98.9201,84.7397,100.5873,154.1724,38.1491,95.7416,41.2837,52.2012,29.4269,83.0253,70.4391,76.9622,41.6141,57.6182,68.6471,64.2046,57.8353,25.5657,59.3202,88.2120,7.9268,54.9479,74.4170,118.7245,112.6823,42.2074,88.5298,66.0599,92.1309,31.2694,52.3153,0.0000,45.0412,139.5844,96.4199,82.1708,35.9647,34.0915,93.8137,14.8909,43.7365,59.3655,11.2424,52.9325,87.2771,20.3617,31.8995,99.4461,52.9668,112.8512,78.1827,13.2699,60.7092,80.2800,143.4913,25.5547,36.8040,77.8360,69.8519,81.4293,15.4279,91.7715,45.1035,31.4391,66.3329,17.1347,118.6821,62.4777,63.4215,137.6718,33.1742,41.8718,92.0972,112.6587,84.1311,81.9133,54.7738,139.7446,80.1771,74.7363,92.3589,106.0324,108.5935,106.2603,126.8830,83.9626,102.4797,7.1912,104.3371,73.8399,141.6513,152.6260,112.8624,67.0998,54.5762,110.5191,67.4722,63.1403,76.3437,90.7109,90.5045,52.5018,114.0351,36.1360,81.7951,49.7938,65.1480,114.9205,73.3099,133.1144,90.1027,22.7485,99.7277,30.3325,69.3074,80.1856,128.1892,152.1762,45.2103,80.3900,97.4703,80.2942,136.2780,81.6007,56.8293,90.8029,57.3513,85.4054,37.1229,23.2511,120.2955,23.9942,81.3302,85.8867,25.1762,49.3003,100.7663,29.0279,65.4534,110.9683,79.6934,55.0083,101.5503,81.8839,59.6521,139.9852,80.8360,98.4108,57.8003,59.3605,97.0888,66.6742,44.8686,120.7952,75.9079,57.9338,52.0753,79.7400,125.0952,77.5610,18.0155,82.4384,129.5337,79.7749,48.7792,46.6011,57.0499,180.1501,45.0410,42.6918,10.9590,42.2276,107.6646,73.8689
50.6131,114.1824,76.9593,133.1080,52.9401,48.7961,94.4924,101.6848,165.0155,67.3667,59.0278,164.9244,67.6680,62.2560,30.2660,143.0737,73.6573,147.4641,75.3562,182.2073,83.2101,105.1200,57.1368,124.2331,129.2242,140.1731,195.3559,63.0218,139.4981,85.5734,89.2328,25.3123,116.0690,101.6215,111.0980,86.2173,102.6531,112.8218,108.9034,92.4021,63.5631,96.5662,132.1825,40.2185,94.5113,119.0367,163.3616,126.8586,86.5606,110.1279,64.7665,129.1793,49.6445,57.2600,45.0412,0.0000,170.8138,141.3580,120.1801,73.2899,62.0945,138.8537,51.0512,86.3442,72.7977,50.7865,93.4576,90.9572,63.4722,51.0180,139.4189,90.9346,152.8308,115.3388,35.8841,104.4523,50.4816,135.1776,25.3545,80.6060,111.3051,102.7790,51.4027,54.1258,117.4093,43.4324,71.9471,109.7903,58.3086,162.4678,102.9506,105.6309,169.9310,34.8938,48.2482,130.7213,151.9713,129.1718,108.0442,64.4694,183.3475,115.4613,119.7674,136.8445,81.2548,140.4154,140.2262,169.8460,87.8315,131.9855,52.2285,134.2117,100.1035,159.3666,195.9087,112.3889,100.9404,95.7364,151.8308,108.1622,107.7561,114.2575,48.8787,124.4077,79.6159,158.6747,50.2966,109.0475,94.8235,109.5186,155.1976,106.7501,130.7538,130.8395,67.1361,144.1603,75.2785,96.2107,108.9295,134.5481,196.7665,22.4096,123.6023,142.3993,120.1504,171.9736,119.2751,97.9773,122.0827,99.2504,117.9225,37.2753,55.2846,163.0841,48.4523,126.2282,130.5802,49.6318,89.1480,110.2845,73.8340,101.4072,153.1850,99.7356,45.1811,141.3960,105.1912,100.7301,183.9242,38.3828,143.3934,96.7076,59.7878,125.5046,34.7485,87.4347,154.9297,67.7893,80.5223,91.4383,123.5993,165.9936,122.4031,62.9921,124.7895,174.2823,107.5228,71.9595,74.1466,81.5749,204.1128,87.0800,52.4153,44.9043,84.0064,113.3113,107.0833
122.4729,95.4651,93.8627,164.8491,126.7551,123.0027,80.3320,86.7994,161.7895,103.7240,141.4873,54.9267,103.6703,144.9635,162.3151,82.0703,121.0300,162.0917,115.7963,166.1733,95.7295,101.3047,135.4775,49.2620,127.0613,167.0757,66.0454,168.4491,138.1897,129.5912,87.7623,145.5332,56.5594,69.8781,62.7011,126.9591,115.2651,95.3309,122.8726,81.7495,148.8012,158.5953,87.2725,138.3117,150.6726,124.0537,133.2049,233.0421,109.4735,65.2746,120.0586,51.7701,121.2208,189.7785,139.5844,170.8138,0.0000,103.3449,61.8620,103.6405,109.6560,111.8583,125.9208,101.8844,101.8024,128.6455,147.0981,103.3256,138.4543,119.8505,164.7155,87.5475,51.3992,63.8285,139.6743,95.7234,164.1213,135.5557,146.1606,133.2313,176.1222,173.3206,218.6051,124.3733,54.9792,131.1548,109.0460,91.1331,143.0272,146.1038,149.3346,141.9544,5.1493,136.2080,124.2323,55.8432,174.4657,110.1691,63.3789,110.4610,85.7717,60.0877,109.1375,93.2246,162.8711,31.0095,34.3638,74.7571,217.6858,199.9669,135.5335,36.6174,70.9597,55.0298,86.7841,108.7915,72.4866,90.3512,60.5131,79.4561,101.9702,162.9620,219.0781,181.8000,91.2756,131.4883,120.6692,61.9952,114.6721,127.0052,52.7155,66.2776,266.3496,64.9711,133.2583,130.9050,126.3178,183.9629,61.8847,90.7588,108.0571,181.8947,139.0554,103.0474,67.8538,22.8803,165.9829,145.5255,49.1559,90.1118,182.4878,176.7064,118.7425,156.6814,160.6770,102.6666,97.5250,161.3820,148.5869,85.8785,120.0333,74.5570,156.8513,200.2122,136.1538,54.9973,67.7646,86.2713,154.3715,208.5483,105.4144,84.0328,120.5756,45.5924,163.6627,100.9479,22.1380,128.1801,90.7232,150.6151,88.5084,56.0749,120.0741,127.9025,76.9009,134.8934,63.3748,98.8962,96.9352,179.7675,51.1945,99.5928,119.7560,132.1010,101.2956,93.8150,65.7311
116.9267,29.5463,93.3386,64.8649,89.4087,100.5817,105.8680,49.5210,59.0301,92.5766,151.6084,54.3287,102.5065,157.1202,152.4663,21.3173,67.7037,59.1990,66.3181,66.6258,67.8408,37.0951,143.9205,99.6559,27.5294,65.5739,74.6627,101.5286,35.5398,59.2679,67.6246,121.3546,73.7678,78.7001,70.0817,57.6506,39.5727,31.0416,37.4332,71.8652,85.9028,73.6146,19.0164,101.3771,67.5759,30.8153,33.9161,144.3630,55.2775,104.7273,131.8353,60.3912,104.6239,126.4514,96.4199,141.3580,103.3449,0.0000,55.9644,76.0149,92.2772,9.0542,92.3728,58.3153,111.4692,91.4167,65.1916,135.9625,80.5644,103.7437,63.2238,64.7556,52.4061,59.6370,106.2788,39.9709,166.3018,192.4151,118.7960,64.8602,84.5477,85.2928,171.7580,88.9182,96.3278,123.9903,73.1925,36.6352,86.5165,44.2721,61.6073,53.5958,98.6455,118.6305,116.3709,53.4715,71.5993,14.0739,92.5080,115.3571,49.6378,66.2690,22.1820,11.1153,183.2208,84.5179,76.1415,42.7806,143.3909,103.6346,89.2823,89.0079,90.8457,141.9585,63.0832,157.6322,71.7737,54.2583,43.6257,48.5333,34.1460,69.4639,186.2756,85.8096,89.1942,30.6511,108.4742,89.7408,46.7585,39.5419,51.7570,72.3247,186.3426,42.5712,75.7274,27.5829,66.8343,99.6833,85.6776,156.4277,56.5750,138.9313,41.5200,1.1002,48.0549,85.1631,70.6030,61.1543,80.5047,49.8065,88.8623,124.2842,91.8757,54.0020,103.9069,15.1683,12.3787,103.6908,69.0451,133.7975,67.5290,65.9209,53.5081,116.3264,134.3948,49.0453,98.9983,51.2732,58.4228,176.7735,2.8104,59.6022,127.1581,90.6698,156.4374,57.4627,82.0678,144.2784,97.0279,69.3353,24.4928,54.0648,25.5829,78.4081,33.9568,40.8441,88.1489,96.3061,89.4463,102.4432,154.5394,58.7509,113.2644,97.6110,61.7121,144.4293,72.9666
79.6245,36.5259,49.8768,107.7845,70.0421,71.6355,53.7089,24.9977,113.2141,55.1844,109.6657,46.0754,60.9861,114.6555,120.3033,39.9743,60.0525,108.4952,55.0497,122.4525,37.7525,40.3960,102.1802,43.7947,72.2212,111.2255,76.3899,107.3489,85.3356,67.7363,30.9818,95.5205,17.9092,26.7507,15.5991,65.1044,54.4640,35.9459,63.2105,28.5946,87.7270,97.1608,36.9520,82.7582,89.1911,66.5855,89.8654,171.3463,47.7761,49.4698,87.6681,10.3596,72.3757,129.6860,82.1708,120.1801,61.8620,55.9644,0.0000,47.2988,58.8529,62.0560,70.4101,40.8296,65.9819,72.1521,85.5746,84.7898,77.7038,71.0814,108.9445,29.5400,33.3582,5.5649,85.4823,34.3776,128.8192,138.2121,94.8410,71.3957,115.3821,112.0158,163.4310,68.0420,40.4031,88.2780,50.7320,30.5475,82.7059,99.6595,88.5405,81.5880,58.7366,88.4396,80.2822,10.6512,120.3822,56.5841,37.5632,72.5524,72.1553,10.7502,52.2730,44.9583,138.8101,33.8359,27.7062,56.8391,156.3542,140.1114,76.9896,35.2957,37.9023,87.8892,82.2425,103.8781,22.2590,29.0780,34.9627,17.5960,41.6259,103.0426,168.9766,122.1771,45.7351,86.5716,73.9928,34.6589,53.0088,67.4316,36.0195,19.3297,204.7257,16.0389,72.3290,80.5218,64.8639,122.1984,30.7088,100.6109,91.8774,126.8103,81.9372,56.2469,8.1330,54.3773,106.5749,84.3254,24.7447,28.3304,122.1108,118.6563,64.9568,108.4248,101.0337,48.3546,45.4792,101.5795,86.8582,79.1716,59.1131,19.3219,105.5235,138.3731,96.7531,22.2498,44.5038,24.6156,114.2337,158.5333,58.7085,24.3704,84.8440,35.0902,123.1067,39.8075,40.5894,99.3488,50.7974,88.9733,33.2741,47.3461,63.6666,68.0608,22.0700,95.9081,33.3996,54.5313,49.2152,117.9527,109.9378,38.7408,76.0708,76.8601,40.9183,89.8603,19.6845
40.9793,46.5044,24.6260,97.9810,23.2390,25.9697,47.2075,29.3524,118.0945,18.1113,76.0576,91.6439,29.3344,81.6395,77.7107,72.2876,24.8835,105.9424,20.2061,132.3949,9.9532,39.5861,68.4359,64.9193,74.8667,103.7556,122.0955,67.8703,88.3800,42.2575,16.4878,49.3444,47.0907,35.0995,40.9975,40.4195,45.4341,45.0097,55.7259,21.9193,49.1080,72.4025,62.4691,35.5727,65.1790,64.8976,105.3131,139.7172,25.0982,57.0869,57.8562,56.8553,28.9031,86.8738,35.9647,73.2899,103.6405,76.0149,47.2988,0.0000,16.2988,76.6458,23.1434,18.1503,40.5224,25.2362,61.7826,69.4001,38.4425,27.9124,101.9644,17.7749,79.5581,42.8445,38.1915,36.0524,90.3695,128.6429,48.1175,42.1761,92.7565,86.5682,116.4383,21.0056,57.9048,48.0138,7.6110,40.0722,41.5488,109.5381,69.1793,65.7306,101.7077,44.0329,40.3563,57.6734,115.3301,67.2061,48.3097,41.6035,111.7910,44.3144,58.0340,68.6894,108.0546,72.6676,70.3382,97.5994,116.7611,119.0336,32.1325,68.7125,40.7549,109.8511,123.8137,94.6693,31.1821,23.4453,78.6772,35.1190,42.7102,85.3334,121.9020,103.3582,22.4181,100.8567,32.4809,47.6308,37.7080,58.7902,81.9090,37.3899,166.0863,57.6220,34.4720,88.7949,31.8383,91.8198,45.4229,103.7712,127.5018,79.7018,76.7583,76.8927,46.8607,100.7572,90.2395,63.3117,55.0431,27.5714,100.4725,73.0750,18.1168,114.4501,57.6731,61.4525,63.8507,58.5247,60.5171,76.4424,23.8757,29.6049,107.3636,105.7621,58.3811,68.1224,49.9282,28.1121,129.1918,111.5169,78.5596,23.4219,52.3780,61.9544,81.3221,18.8158,84.9254,70.2170,30.6521,63.4167,53.9924,92.7261,65.6869,26.4962,52.5688,114.8178,45.4765,24.6657,18.4587,83.1798,145.3291,17.3063,37.3529,29.5872,14.4976,85.4445,37.9701
24.6805,62.7450,18.1130,111.4018,22.2833,13.4102,41.3301,44.7020,133.4376,6.8804,59.8293,104.5667,16.2427,65.4250,62.5145,87.7399,36.4022,120.4762,33.1034,148.1194,24.9894,55.8681,52.2394,65.8588,90.5936,117.4993,135.0329,71.0735,103.9082,54.7396,28.6590,36.9654,54.0709,39.8611,49.0034,53.3490,60.9722,61.2494,70.9493,30.5013,54.4779,82.7963,78.3060,30.1347,76.2375,80.4545,121.5146,145.1484,40.5123,54.5715,42.4243,67.3648,13.6451,86.2978,34.0915,62.0945,109.6560,92.2772,58.8529,16.2988,0.0000,92.9313,19.2339,34.3859,27.9413,23.2285,73.1286,57.3059,44.7069,12.4286,115.8359,30.9472,92.0647,53.7437,30.3652,52.3063,74.2567,116.0526,36.8726,53.3596,102.9927,96.0587,108.9907,19.7232,58.7191,31.9062,21.0395,56.1342,45.7812,125.4143,81.4000,78.9964,108.4179,29.6414,24.1225,69.4987,129.2982,83.4630,48.8708,26.7720,126.6707,53.4182,74.2380,84.7521,91.8969,78.8688,78.2111,112.1349,118.0376,129.0333,33.5403,73.3363,40.6887,107.6026,138.3286,83.0948,38.8511,39.0032,92.2275,49.5312,58.9888,97.2970,110.9503,114.4396,19.0579,117.0341,16.4051,49.1787,52.9489,73.7206,94.6092,44.6683,167.2056,71.1839,42.4015,104.7464,42.9371,99.0964,48.2407,95.5216,143.0990,72.3802,91.5464,93.1458,60.0388,109.8806,102.3926,75.4013,60.5474,43.3233,110.7783,69.5825,10.8503,129.9496,58.0166,77.7504,80.0757,59.1450,71.0810,67.9095,35.6086,39.6842,122.4784,111.5050,42.1303,80.7230,48.1033,43.2687,145.2793,100.4278,94.8355,37.0437,36.5890,65.2323,65.8566,35.0921,92.9362,54.5938,23.8438,74.0623,69.9277,105.7499,81.5490,33.1998,67.5348,131.0885,47.3372,14.7873,13.0811,88.6130,147.2595,33.6045,21.0583,24.1064,30.7754,75.7514,45.0181
117.5953,31.3231,95.7110,55.8236,87.8741,100.2117,109.8790,52.2219,51.4679,93.8943,152.6760,63.3795,104.2733,158.2428,151.6573,30.0757,65.4404,50.3724,64.7666,60.6377,69.2400,37.0633,145.0304,105.8444,18.8417,56.5377,83.2829,95.7881,26.5919,54.8647,70.0627,119.9505,79.5702,83.1691,75.3798,53.5579,36.2084,32.7470,31.8594,75.0631,81.1828,66.1808,25.7767,99.3044,60.5901,23.7488,29.4046,135.8599,54.1365,109.8832,133.5995,67.4097,104.6926,120.6187,93.8137,138.8537,111.8583,9.0542,62.0560,76.6458,92.9313,0.0000,91.1405,58.5654,113.8233,89.7866,58.4785,139.3775,76.7847,103.9072,54.1852,67.2013,61.1826,65.2286,104.4126,41.2001,166.3316,196.6598,117.1371,60.3975,76.1176,77.2557,166.9838,87.6465,102.0975,124.2363,72.9891,39.0381,82.6382,37.6310,54.0797,46.2361,107.2206,118.0133,116.8312,60.6694,62.7757,9.7741,97.6102,117.0973,57.2968,71.9715,19.3156,18.7258,184.5685,92.0062,83.7739,51.4782,136.1944,94.7073,86.6252,96.0275,95.2987,149.0686,70.5993,161.7936,76.0087,56.2977,52.5047,52.5093,33.9450,60.9702,182.6865,76.9570,91.6927,25.3903,108.8280,94.9327,44.1066,33.2268,60.6358,77.2070,178.3776,49.7880,72.2684,19.1853,63.6759,91.8964,90.8663,161.8662,61.8033,135.0697,32.8777,9.7521,53.9732,94.0307,61.8890,54.1916,86.7860,51.9342,80.1959,119.7064,91.4676,46.5565,99.3499,15.6767,16.6008,99.0276,62.5607,138.4577,65.4068,69.9940,45.1179,108.4111,134.8272,57.2121,103.8480,54.0159,54.0277,173.4074,8.2123,62.5392,128.6053,97.0827,155.7919,57.8392,90.3821,146.0622,99.8336,62.5712,29.1408,63.1190,18.7233,75.9315,40.0381,38.2101,93.2194,98.2834,91.3634,95.4204,163.0395,59.3757,113.9893,95.9984,62.1559,149.0125,77.8941
33.5627,64.0016,37.2574,99.7619,4.3599,12.6107,60.5581,50.6514,125.6631,26.0924,67.4725,114.1908,34.3143,73.0136,60.6042,92.2738,26.8063,110.7900,26.4034,141.5281,32.7421,55.3868,60.5867,84.2256,84.9505,106.3092,144.5387,52.1412,97.2092,43.8297,39.6181,28.9923,69.4538,56.3060,63.6368,43.2477,55.8889,62.5815,64.3331,44.3834,36.7315,67.9283,81.6080,12.4861,62.2766,74.4938,118.0059,126.5124,37.1312,73.6421,54.9143,79.9973,19.1285,67.1902,14.8909,51.0512,125.9208,92.3728,70.4101,23.1434,19.2339,91.1405,0.0000,35.4738,45.4472,4.2177,59.6163,74.1061,28.1312,19.3177,104.9005,40.8701,102.3337,65.9871,15.2923,53.9255,76.5799,131.5749,26.6998,40.8152,87.5673,80.0820,93.3671,3.5010,77.0713,36.7872,20.8961,59.0422,27.8052,119.7491,68.6943,67.9167,124.2342,27.5261,31.5129,80.7162,118.3498,81.3710,67.2018,41.8374,132.4437,67.2588,71.8291,86.7783,99.3466,94.9153,93.1218,118.8139,98.8055,113.0983,14.9684,90.2434,59.0904,126.7607,144.9087,99.8915,53.5673,44.7166,100.9220,57.2740,58.2511,83.8442,99.2135,99.6900,37.6564,113.3613,24.3449,67.1869,47.5751,66.1882,104.5979,59.7425,147.9915,80.0252,27.5110,99.7942,31.5057,81.5273,65.7451,114.0455,146.6003,56.5976,83.0361,93.3620,69.5700,123.8401,89.0793,62.7335,76.8859,48.2001,95.3090,51.2535,8.3838,122.7267,38.7827,77.2356,80.9373,39.9149,56.7683,86.5090,26.5068,52.6143,114.1854,93.1050,47.5174,90.9125,67.0187,49.7376,140.5709,88.9233,94.6390,46.3066,48.3235,82.7219,64.8741,36.5387,107.7856,65.8547,43.0747,59.7245,72.9943,115.2163,76.7582,18.7868,73.7396,128.3645,65.2063,33.9793,31.7331,70.2499,165.5506,36.0711,31.0936,6.4501,32.9805,93.8099,60.2467
59.0330,29.0601,40.2096,82.8057,33.4363,42.3561,60.0434,16.7779,100.5846,35.9380,94.1968,80.5027,46.8922,99.7830,94.3764,56.8018,19.2378,89.3570,14.2534,114.5151,12.9453,21.5118,86.5822,70.6148,57.0669,88.1265,110.4362,66.6349,70.7499,30.5831,18.6831,64.1704,47.5217,40.1780,40.9489,28.1623,28.1062,27.5881,38.7062,26.4447,46.9849,61.8129,46.1917,46.3856,53.9995,47.3345,87.1630,133.5834,9.4705,66.5755,75.8355,51.1796,46.3221,88.8921,43.7365,86.3442,101.8844,58.3153,40.8296,18.1503,34.3859,58.5654,35.4738,0.0000,57.5342,35.6088,50.3671,85.5481,36.8744,45.4681,86.1950,17.0006,69.4310,38.0865,50.4621,18.6939,108.0169,144.6317,62.1461,32.7168,81.7213,76.6570,124.8894,32.2536,64.2224,65.7659,15.0461,23.5818,41.9375,91.5523,56.1877,51.3587,99.1387,60.4972,58.2798,49.7760,99.3507,49.0771,55.7408,59.4597,97.0127,42.1779,39.8837,51.7081,126.2049,71.9101,67.5414,83.5864,115.8093,107.7984,37.6046,70.1128,49.6524,117.0588,109.5828,110.1528,33.6716,11.7591,66.7910,24.3532,24.6221,72.2371,133.8809,91.0391,36.9016,82.7076,50.3002,54.1745,21.1709,42.1485,71.3870,38.9744,164.5162,46.5632,31.5176,70.7665,24.5343,84.5240,50.9333,116.5562,111.2950,88.9351,60.0741,59.2320,37.3951,95.0431,76.7944,50.7416,56.4466,13.7033,89.1777,78.8010,33.7176,96.7925,60.4460,43.5291,46.3524,60.9233,50.3007,89.9812,18.2863,29.0488,90.1183,99.9195,76.2909,58.2814,59.3696,16.5411,111.0675,123.7612,60.7881,18.2062,70.4769,65.3613,98.2396,1.1328,81.2363,88.2410,45.5696,52.9132,37.5783,81.3952,47.7732,27.7084,38.7711,96.7044,51.9592,41.5342,34.7463,78.4596,147.5015,2.5122,55.4369,41.4479,3.7327,99.6712,39.7427
22.1875,82.5350,18.1390,138.3592,49.2261,34.4499,22.0824,61.9506,158.1179,22.8255,43.8248,111.0723,11.7259,48.6994,60.5130,102.3668,63.8643,146.4347,60.0104,171.8166,45.1663,77.6697,36.5147,53.0618,114.5302,144.2261,140.5104,97.4099,128.2722,82.0493,43.8647,49.1171,53.7304,39.8573,51.5571,80.4511,85.5629,81.0917,96.0368,40.2245,81.9242,110.7037,94.9284,53.4266,104.0448,104.8685,143.1314,171.8984,65.5002,37.8792,21.6863,71.3494,28.7921,109.7990,59.3655,72.7977,101.8024,111.4692,65.9819,40.5224,27.9413,113.8233,45.4472,57.5342,0.0000,49.6630,100.8703,29.3930,72.4730,27.8614,142.4579,46.7365,98.2107,60.4242,51.3194,72.7228,64.3451,88.4043,51.4090,81.0628,130.9246,123.9954,123.7029,46.8563,46.8524,30.0967,47.2742,74.9788,73.0763,148.6958,108.9098,106.0076,101.8749,38.4874,24.5887,75.8958,155.8407,104.9660,38.7848,8.7331,138.0218,56.9223,96.3941,102.3614,73.1317,73.5357,75.9876,122.7654,142.4193,156.9746,60.3891,65.8261,32.2716,87.0008,148.2024,55.1555,43.8159,57.5268,100.9090,63.8734,80.7469,124.9246,119.0190,142.2935,22.2863,138.8790,25.0438,40.7088,78.0985,99.2289,101.0670,47.1431,190.9825,81.2793,70.3366,127.8626,70.5853,126.7042,42.2071,68.8386,156.9425,89.0193,117.2118,112.1859,70.3465,107.8363,129.9655,102.9415,56.4020,61.9107,138.7096,91.0368,37.5948,154.2950,83.1230,98.1689,99.1033,84.3798,98.9529,41.5482,62.9951,48.1434,147.6070,138.5519,34.3932,87.8298,34.0811,60.1960,167.5256,108.6399,114.2058,51.9467,19.5860,56.4761,61.9641,57.8862,89.7383,33.5788,15.2460,101.9294,87.3905,112.4544,105.1596,61.1220,81.6007,151.8338,39.9290,16.0066,22.8197,115.6952,131.3996,55.9392,20.6840,48.4575,53.8262,48.3719,47.0123
37.4008,63.5350,41.1327,96.3994,2.1848,16.5680,64.5500,51.4161,122.9640,30.0434,70.8351,115.2594,38.5028,76.3386,62.4359,92.2876,24.7028,107.7608,25.1105,139.0267,34.4024,54.6583,64.0831,87.6790,82.8190,103.0134,145.4990,47.9770,94.8041,40.9352,41.6748,30.1946,72.1009,59.2953,66.1399,40.5470,54.1301,62.1494,62.1436,46.9300,32.5519,64.0865,81.4210,10.8506,58.6086,72.3612,116.1792,122.3132,36.1725,77.4216,58.8783,81.9234,23.1149,63.5005,11.2424,50.7865,128.6455,91.4167,72.1521,25.2362,23.2285,89.7866,4.2177,35.6088,49.6630,0.0000,56.0423,78.3107,24.1728,23.3841,101.6538,42.6869,103.5969,67.9213,14.9861,53.6858,79.0628,135.6879,27.3924,37.5932,83.6071,76.0552,91.3074,4.2722,80.5310,40.1330,21.7649,59.0042,23.6183,117.4787,65.2311,64.7714,126.8335,30.1021,35.2534,82.3082,115.0746,80.0137,70.6744,46.0115,132.5725,69.5498,70.4792,86.2755,102.5507,97.6385,95.5495,119.1891,94.8942,109.0512,10.7547,93.2199,62.6083,130.5853,145.1891,104.0892,56.1756,45.5603,101.8266,58.3156,57.4222,80.2002,98.3737,95.8132,41.3272,111.5157,28.3095,70.5539,45.8844,63.7866,105.7866,62.3784,144.1306,81.0803,23.9515,97.7351,28.7348,77.3339,68.9661,118.2380,146.1878,54.6595,80.3270,92.4263,70.8635,125.9418,85.4476,59.3048,79.7443,48.7836,91.3346,48.1654,12.4246,120.1409,34.8625,76.2501,80.2219,35.9599,53.0594,90.6913,24.5547,54.8407,111.4127,88.8901,50.7513,92.2095,70.7211,50.6317,138.4432,88.1958,93.6074,47.8617,52.2568,85.8885,66.8433,36.7115,110.1556,69.6578,47.0266,55.9989,72.8280,116.2446,74.8572,15.6633,74.2571,126.6699,68.5365,38.0099,35.4615,66.0330,168.9119,36.4875,35.0628,6.2128,33.4735,98.0233,62.9152
93.0961,53.1612,86.3709,40.8013,55.2580,72.1341,108.7163,61.4197,71.6625,78.1408,126.8377,111.9781,89.1609,132.3105,114.6369,78.8779,37.1296,54.0774,41.5803,89.0685,62.2181,45.9447,120.1252,120.8267,42.1946,47.6696,137.6203,38.6308,48.5029,19.9167,68.9873,82.3282,96.5556,90.5297,90.1175,22.2221,32.4168,52.8816,28.3898,76.7795,29.8945,11.6476,68.0630,60.6724,3.6681,34.7297,74.8555,86.0009,40.9712,116.7216,114.0717,95.3869,78.5265,62.8605,52.9325,93.4576,147.0981,65.1916,85.5746,61.7826,73.1286,58.4785,59.6163,50.3671,100.8703,56.0423,0.0000,130.2463,32.6892,78.4988,46.5910,67.3602,104.5711,84.7439,66.1644,51.3757,133.2124,189.1767,78.3441,19.8111,31.3835,26.6033,111.3137,56.8017,114.5467,96.1542,54.3094,56.1261,36.2338,70.8327,9.6042,13.4993,143.5783,85.3916,91.1196,91.4746,59.7327,51.1661,106.0964,99.5933,114.7431,90.2074,45.1048,67.4052,158.3534,119.1241,113.2585,106.1324,78.3803,57.5796,47.0648,118.7942,99.7969,167.3488,128.2221,155.8918,83.8586,59.5800,98.3394,68.1393,45.7343,24.2964,130.8116,41.5868,84.1315,70.3970,83.7288,104.5382,32.5918,25.6823,105.4352,88.7964,123.2096,83.7703,32.1128,55.4933,30.2995,37.2857,101.2504,165.4321,120.1070,83.4206,32.0836,66.2602,79.2460,135.6157,29.4970,4.8646,105.5581,58.3339,38.9404,65.7348,65.1810,70.0204,46.6513,53.7857,60.1669,45.8564,4.6153,138.2046,38.0651,78.7869,59.8398,54.0095,106.6847,95.5815,109.4817,62.3898,92.2637,122.6245,65.8924,67.6321,107.6155,115.0445,119.4275,50.8406,125.2372,125.3710,92.4333,4.1579,62.4767,112.2955,39.8245,41.0172,72.1032,86.0982,102.3244,85.7893,80.1221,37.3494,195.3719,52.8565,90.4026,60.9060,52.9346,147.2028,89.5869
44.5403,108.1685,45.3472,167.3809,78.0849,62.2915,31.0840,87.1935,185.7182,52.1269,41.3653,126.0097,41.1184,43.4413,69.7543,124.0101,93.1985,174.8789,89.2161,198.6876,72.7469,104.5174,37.7199,55.6028,141.9493,173.1160,153.3264,125.4116,155.8370,111.3106,69.7812,71.1235,68.7368,58.3961,69.2056,109.6449,113.6404,106.8016,124.2539,64.3144,110.8118,140.0919,118.2056,80.6276,133.4329,132.6501,168.7748,199.9192,94.0197,40.3621,26.2008,87.1986,56.0156,135.5854,87.2771,90.9572,103.3256,135.9625,84.7898,69.4001,57.3059,139.3775,74.1061,85.5481,29.3930,78.3107,130.2463,0.0000,101.6280,55.3882,171.2933,72.5695,113.5631,79.5889,77.5904,99.0261,64.3945,59.2450,74.4405,110.4360,160.2985,153.3145,142.1850,75.8220,52.2888,48.6762,76.4181,100.3717,101.9020,175.4226,138.2114,135.1081,104.8459,60.7329,47.3095,93.1524,184.6071,131.0557,49.0215,32.5036,155.9912,74.3353,123.0218,126.0422,59.6451,80.6849,85.8930,140.6268,168.5222,186.3166,89.0625,71.8507,46.8966,72.6944,164.6561,25.8349,64.6225,83.6555,118.1643,87.4392,107.4927,154.2607,131.8812,171.6857,48.7488,164.7234,51.3109,51.8865,106.5194,127.6345,116.5058,65.6192,216.2220,100.8196,99.6643,154.6537,99.9526,155.6226,55.2051,43.6693,176.5097,110.4133,145.5975,136.5628,90.8976,115.0811,159.2797,132.2578,67.5553,87.8085,168.0841,115.7649,66.6034,181.6939,110.4575,123.7390,123.7916,111.7770,128.3458,21.1062,92.3134,70.2018,175.5397,166.9290,46.0236,104.6560,41.9404,85.3967,193.3989,122.1561,138.7590,76.8553,31.5095,62.9488,69.0808,85.7578,97.2381,27.6361,40.1415,131.3225,111.4838,127.4927,132.4878,90.4342,103.8216,176.7718,52.4097,44.7568,51.0932,144.1728,121.3760,83.7083,45.1400,76.3286,81.9255,22.3655,65.1794
61.5701,57.0881,60.8992,73.4695,23.8624,40.7130,84.4921,53.2465,102.5200,50.8433,94.4533,115.1983,60.8835,99.8733,82.2973,86.8849,17.6742,86.0318,22.7029,119.3387,43.6010,47.5948,87.9283,103.1334,65.8276,80.2854,144.1839,30.1001,76.0992,22.2569,51.6452,49.7840,82.9419,72.7982,76.4320,23.2533,40.9937,56.0250,45.7758,58.8552,10.7105,39.9773,75.3715,28.0011,34.9083,55.7622,100.0083,101.4447,31.1802,95.4301,83.0335,88.0537,47.2499,52.1133,20.3617,63.4722,138.4543,80.5644,77.7038,38.4425,44.7069,76.7847,28.1312,36.8744,72.4730,24.1728,32.6892,101.6280,0.0000,47.4439,79.1135,51.2915,105.0104,74.8299,33.5165,49.5756,100.5849,159.5931,45.9053,17.1371,59.4423,51.9723,91.8843,25.9098,96.1957,63.8703,31.2401,55.4523,5.9911,99.0771,42.1822,43.1176,135.8602,52.7665,59.3908,86.4635,92.3637,67.3895,86.6988,69.7123,126.6984,78.4227,58.4088,78.1903,125.7695,108.0667,104.1966,115.0086,79.4101,85.0058,14.4255,105.3759,79.1974,148.2928,139.9524,127.4627,67.6883,48.6281,101.1996,60.9323,49.4590,56.4639,105.9052,71.6568,59.8294,95.3286,52.4591,85.8923,34.2641,46.1107,106.6944,73.6534,128.4969,82.1819,5.5338,80.7247,14.4574,54.4318,83.4327,140.0392,137.0594,58.3808,60.4219,81.6510,73.9221,131.8480,61.7274,36.4835,91.5614,49.9622,67.1792,44.4368,35.0432,100.2283,24.5509,65.9232,71.2207,24.7524,29.2782,112.4273,18.5932,64.3293,90.7460,67.5310,74.2446,94.2181,88.3151,53.2719,120.4982,96.6528,82.2558,54.4217,76.4236,99.4683,87.0308,37.9003,118.0616,93.8060,67.0929,32.1496,67.4027,115.9222,59.4299,12.0470,72.6582,111.0128,83.7079,58.9630,54.6534,44.8055,182.6807,39.0166,59.2120,28.4403,37.1611,120.4541,74.3479
14.7918,74.3120,26.1273,118.1549,23.5934,6.9265,46.4564,56.9230,142.3347,16.4549,49.9576,116.9098,18.4582,55.5765,50.1212,99.9739,43.5343,128.3862,41.4191,157.5726,37.1773,66.9383,42.6545,74.1667,100.2511,124.5443,147.3592,70.0472,113.1943,61.5969,41.0841,25.7070,65.2268,50.6675,60.5504,60.6242,70.6098,72.8209,80.0760,42.5710,55.8675,87.1444,90.3470,25.5912,81.2908,89.9250,132.0626,144.5769,50.3938,61.2457,35.6600,79.3496,1.3736,81.9829,31.8995,51.0180,119.8505,103.7437,71.0814,27.9124,12.4286,103.9072,19.3177,45.4681,27.8614,23.3841,78.4988,55.3882,47.4439,0.0000,123.0294,43.3719,104.3615,65.8898,23.5996,63.8545,62.5584,112.3117,26.4562,59.2331,106.8677,99.3996,99.6308,21.7553,67.1608,20.3303,30.9779,67.9844,46.9283,135.1943,87.3648,85.9666,118.9160,17.3742,13.2864,81.7326,136.5139,94.3035,57.5396,22.8943,139.0548,65.1855,84.9232,96.5985,82.1391,89.3974,89.3644,124.5514,114.5599,132.4138,34.0032,83.2800,49.4532,113.2224,150.7493,81.0342,50.5225,51.1390,104.6389,61.9284,70.0244,102.7871,99.6481,118.9265,28.6010,127.5147,5.3214,58.3188,62.3619,82.4716,106.9312,56.1012,163.1880,83.6045,46.5355,114.7326,49.2990,100.5586,57.9901,96.6149,155.2891,63.5782,99.9529,104.6440,72.4475,121.2798,107.9958,81.3640,71.0663,55.3852,114.6154,63.5726,13.6372,139.0891,55.3803,88.9957,91.6637,56.6611,75.8474,69.4081,42.9502,51.8226,131.1028,111.5445,31.0078,93.0488,55.5019,55.5373,155.4675,89.1035,106.2418,49.4664,29.1318,74.7181,53.5452,46.2895,104.0311,46.9049,30.3977,78.8193,81.8946,118.1048,91.4786,37.4831,79.8806,141.9100,56.6961,21.3061,23.1806,88.8139,155.1523,45.0145,11.9038,20.9439,42.0318,75.8902,56.3783
137.8120,72.4920,126.0543,6.8422,100.6026,117.0957,146.0480,90.1424,29.6010,119.7544,172.3697,117.5437,131.0544,177.9141,161.2269,84.0388,79.6823,10.1636,82.7491,47.1663,99.1400,70.9759,165.4019,150.7914,37.6627,2.3663,135.3811,79.7406,27.9313,61.4416,103.8899,128.8682,124.3942,123.0655,118.8036,62.5674,58.7666,73.2144,48.1618,111.0712,76.1198,43.2646,77.4513,107.1062,45.0351,42.4515,48.9675,89.3436,77.3411,150.7083,157.9982,116.6323,123.2435,100.0754,99.4461,139.4189,164.7155,63.2238,108.9445,101.9644,115.8359,54.1852,104.9005,86.1950,142.4579,101.6538,46.5910,171.2933,79.1135,123.0294,0.0000,101.5073,114.9716,110.3915,112.6294,77.4143,179.6974,230.5263,124.9149,64.0901,36.4808,42.9839,150.4552,101.8089,145.6402,141.6865,95.2662,79.2718,82.8240,37.4619,36.9971,37.0638,160.2866,131.4894,136.0675,110.6796,13.4871,54.5465,138.8697,142.6009,106.7955,116.9666,56.7452,72.0105,204.2015,141.8642,134.2679,104.3202,102.6590,43.9652,93.3473,144.2384,134.2133,196.5279,118.9787,196.2500,115.7066,91.1581,106.5105,94.2990,68.7567,26.0911,173.3549,29.3088,122.9952,46.4235,128.3439,136.6837,65.0252,44.2996,114.6197,119.0707,135.9719,100.3778,77.8395,37.2726,73.7341,57.4059,132.8485,202.0822,103.0119,127.2766,27.2388,63.8395,101.0390,147.9252,21.9863,42.6339,132.8382,88.0536,35.6952,108.6531,109.4178,30.4319,91.4633,62.1772,67.1974,90.4508,50.5642,175.9942,80.3787,109.7562,19.8108,70.1996,152.3837,109.7202,143.7784,91.7109,55.2890,166.0418,61.8985,99.3698,151.7921,143.1635,166.0133,86.1629,142.7997,169.7896,131.6521,48.0814,76.9369,117.2490,45.3660,86.1189,88.8975,58.1753,134.6203,126.6242,120.2010,68.2586,215.6505,88.2878,134.8299,106.9069,89.6683,185.8229,119.8587
54.2567,35.8784,28.5977,98.5718,40.6024,42.8661,44.7604,15.2451,113.4163,29.0705,87.6379,74.1384,38.0018,93.0401,93.4471,57.3955,34.4757,103.8274,29.0715,126.1188,8.3574,32.0702,79.9392,53.6662,69.6517,103.5382,104.6233,81.3914,83.5959,47.5806,2.8718,66.6387,31.6514,23.1774,25.1453,45.1623,42.7444,34.4585,53.3942,9.6591,61.8684,78.8134,48.7974,53.2326,70.9961,60.8062,96.5766,150.1835,26.4048,49.8613,67.2041,39.2387,44.5629,102.2312,52.9668,90.9346,87.5475,64.7556,29.5400,17.7749,30.9472,67.2013,40.8701,17.0006,46.7365,42.6869,67.3602,72.5695,51.2915,43.3719,101.5073,0.0000,61.9089,25.2453,55.9661,26.4568,104.3181,130.9110,65.6679,49.5210,98.7000,93.6510,133.9943,38.5398,47.2266,62.3077,21.6825,28.2508,55.5775,102.8536,72.9811,67.7862,85.2585,60.4114,54.3045,39.9005,114.3967,58.5816,38.7902,50.7987,95.7943,27.5170,50.4558,55.9240,118.7992,56.8819,53.6239,81.1937,130.6989,124.7387,48.2493,54.1381,33.0139,100.0681,107.3825,96.1138,16.8383,11.0872,61.4523,18.6859,34.9820,88.9341,139.6259,107.8502,24.5084,92.4052,47.0969,37.1781,37.0822,57.2084,64.3161,22.5004,179.7632,40.3664,46.3489,82.0874,40.6539,101.2559,33.9429,100.5995,112.7510,97.3200,74.7404,65.4888,29.3609,83.3226,93.3762,67.6337,40.3361,15.2966,106.1303,89.8240,35.6519,109.2744,73.1458,51.5261,52.3820,73.8374,67.2806,74.6137,33.4194,13.0571,103.5925,116.3948,71.9134,50.4786,42.7166,13.5216,121.0912,129.2201,67.4824,6.0998,62.8367,48.7505,96.7109,16.5335,67.9865,79.6128,32.6713,69.9084,40.8945,75.2607,60.1693,40.3795,36.8481,105.1170,34.9649,31.6532,24.9031,94.5628,131.5396,14.5042,50.5546,47.3201,14.8813,84.6627,23.2304
112.9117,51.4989,82.9321,115.8064,101.4309,104.6264,83.0311,52.6968,110.4265,88.5401,142.0353,12.8677,94.0943,146.8431,153.6566,31.1132,87.6343,111.5521,83.3325,114.9791,69.6826,59.7415,134.6819,62.8758,77.6635,117.3374,43.0324,133.0862,87.7496,90.2100,63.7391,128.4798,45.2289,58.3544,46.6550,87.7027,72.2543,51.9384,77.5057,61.9485,114.0313,115.3869,38.3363,114.3993,107.8663,76.4005,81.8797,189.7432,73.8319,74.4622,119.7959,26.9258,105.6428,156.8695,112.8512,152.8308,51.3992,52.4061,33.3582,79.5581,92.0647,61.1826,102.3337,69.4310,98.2107,103.5969,104.5711,113.5631,105.0104,104.3615,114.9716,61.9089,0.0000,38.7485,117.5903,55.9721,161.7977,161.9605,127.5768,94.9618,130.7519,129.3416,194.2323,99.6708,62.9984,121.6008,81.8377,50.2341,110.5725,94.7048,104.7249,96.8026,46.5317,121.6946,113.6175,22.7608,123.9560,60.8606,64.5431,105.2722,43.4526,41.2989,61.8483,42.9625,170.1442,39.8987,31.5499,28.6688,180.6473,152.8571,106.9904,47.4768,67.6675,96.4535,51.0994,129.1847,55.2162,58.2751,9.1300,45.3821,59.2239,116.5518,201.4465,134.6608,78.8764,80.0926,107.3456,61.6795,74.3780,81.3137,2.9428,51.1066,227.4338,22.9002,99.4776,79.9686,90.9574,141.7989,58.5019,120.3100,65.5099,157.9998,90.6056,52.0160,32.7640,32.9616,118.8782,101.9940,46.3368,55.7324,136.3676,148.1774,97.5570,105.3137,129.3371,54.1925,48.3270,129.6750,107.0439,103.8243,86.8592,52.6789,105.8220,158.5734,129.9108,11.4358,71.6520,53.2014,103.6266,191.0736,54.3110,56.1373,117.4601,53.5163,156.4286,68.3059,31.4526,131.0403,83.2747,108.5040,42.2071,14.2450,71.8365,97.0708,32.9984,84.1399,61.2715,87.7065,82.5511,140.4170,102.4745,67.8891,109.3812,108.7487,70.6310,114.1898,51.2055
74.1710,37.9550,44.3413,108.8980,65.8441,66.6706,48.5367,23.3894,115.9991,49.8705,104.1010,51.5194,55.4643,109.0934,114.9222,44.7122,57.2883,110.4338,52.1279,125.8213,33.5819,40.5573,96.6156,40.9490,74.2254,112.6393,81.7583,104.7124,87.6197,66.3135,26.3807,90.5441,14.4043,21.3490,10.6685,63.6930,54.4783,37.1798,63.7660,23.3256,85.0597,96.3812,40.7308,78.4076,88.3919,67.9403,93.5402,170.1426,45.7372,45.1825,82.1103,14.0116,67.1970,126.5782,78.1827,115.3388,63.8285,59.6370,5.5649,42.8445,53.7437,65.2286,65.9871,38.0865,60.4242,67.9213,84.7439,79.5889,74.8299,65.8898,110.3915,25.2453,38.7485,0.0000,80.9320,34.2550,123.2843,133.6207,89.9852,69.6340,115.0533,111.3086,159.2249,63.7554,36.8704,82.8523,46.7955,31.2387,79.6261,102.8530,88.2865,81.6244,61.0563,83.2617,74.8706,15.9877,122.1471,59.1376,33.0677,66.9912,77.6762,6.7757,54.0594,48.7879,133.2857,34.4456,29.4680,62.3739,153.8929,140.1485,73.2662,34.4743,32.7714,86.1365,87.8069,99.1392,16.6966,26.5254,40.5274,16.7993,42.1633,103.1817,164.1820,122.3665,40.2165,90.0927,68.6831,30.2274,52.1812,67.9805,41.4519,13.9851,202.5225,21.2935,69.5523,83.3170,62.4893,120.9393,26.1946,96.8003,97.2557,122.5250,83.2268,59.9948,11.7402,58.0960,106.9158,83.8041,22.4533,26.6036,121.9583,114.9204,60.2319,111.2916,97.7208,50.9314,48.6353,98.3246,85.7417,74.6475,56.3093,14.0688,107.9158,136.9039,91.2492,27.7494,39.8400,22.6318,118.0454,153.7147,62.4170,20.6395,79.2806,32.8142,117.6803,37.1333,43.2622,93.8107,45.2345,87.9844,36.1360,52.8083,65.3838,64.7385,25.7266,99.9771,28.7873,49.0254,43.8065,116.0688,110.6630,35.8398,70.6338,72.4280,37.7292,85.3321,14.4098
33.3886,78.5205,47.9731,106.9638,17.1060,17.8285,69.7923,65.9150,135.4892,36.9150,62.2804,129.4781,41.9233,67.4956,49.0756,107.2173,39.0102,119.4347,39.9689,151.9668,47.9398,69.6170,56.3973,96.1297,96.5859,113.7976,159.8308,48.8312,108.0585,53.6233,54.5603,16.3984,83.5234,69.8002,77.9612,53.6629,68.4894,77.1355,75.9201,58.7729,38.5762,72.5468,96.3919,5.5558,68.2137,86.1690,130.2918,122.8129,51.0998,84.1417,54.7560,94.9220,22.5621,58.4971,13.2699,35.8841,139.6743,106.2788,85.4823,38.1915,30.3652,104.4126,15.2923,50.4621,51.3194,14.9861,66.1644,77.5904,33.5165,23.5996,112.6294,55.9661,117.5903,80.9320,0.0000,68.6574,67.0684,132.2243,12.8962,49.4925,90.8469,82.7615,78.9902,18.2517,89.0074,32.7127,36.1427,73.9373,30.3659,130.9174,75.6895,76.3983,138.2269,20.2600,30.7085,95.8608,125.8739,94.6513,79.1835,45.4022,147.4714,81.8480,85.1389,101.2567,92.8407,108.7477,107.4552,133.9737,91.2318,115.1652,19.4552,103.5497,70.9986,136.5980,160.0257,102.7280,67.7938,59.9910,116.2127,72.5662,72.3553,89.6118,83.9221,103.6002,49.3922,125.6117,26.5326,79.5418,60.3528,77.2044,119.8699,73.8843,139.6637,95.3158,35.3445,111.5655,41.9927,81.3312,78.5649,119.7775,161.1722,42.2278,93.0066,107.2966,84.8301,138.5408,94.8681,69.9973,90.5191,63.4147,98.3554,40.0271,21.0206,132.9396,33.1557,91.1108,95.1705,34.5223,62.5658,92.7912,39.0075,67.3356,123.7915,90.5828,42.1610,106.1637,78.0109,65.0209,152.0878,73.6330,108.4328,61.5100,48.1032,95.5720,53.7168,51.5512,122.1717,63.8238,53.0731,65.3449,87.7940,130.5065,88.9709,28.8956,88.9457,140.9276,77.7013,43.7274,43.4349,68.3857,177.4904,51.2074,32.4504,9.0222,48.1433,98.8156,74.3317
76.9593,10.4582,54.6633,75.3382,51.5518,61.0140,70.7007,12.8081,87.1878,52.7939,111.7486,65.6785,63.0748,117.2849,113.0522,38.7248,32.9182,78.6649,29.6400,99.6640,28.0742,6.4637,104.0742,73.5639,43.5473,79.5795,94.6616,77.1146,57.4914,34.6611,29.2592,82.7728,47.5004,45.8832,41.5942,32.0759,20.2248,8.9664,29.7729,35.1844,58.1571,62.8984,27.7352,64.2724,54.9579,35.4084,70.4207,137.3354,18.7988,73.5611,92.4077,44.0255,64.7704,101.0286,60.7092,104.4523,95.7234,39.9709,34.3776,36.0524,52.3063,41.2001,53.9255,18.6939,72.7228,53.6858,51.3757,99.0261,49.5756,63.8545,77.4143,26.4568,55.9721,34.2550,68.6574,0.0000,126.3927,157.2323,80.6247,39.1223,81.0142,77.6978,140.6623,50.6082,68.2444,84.0533,33.7397,5.8767,55.3524,76.3968,54.1819,47.3796,92.2403,79.1738,76.4047,40.2308,89.7949,32.2480,61.5658,75.9040,79.0721,40.3877,24.0106,33.0144,143.5072,68.1658,61.9638,66.2541,124.9399,105.9177,54.0183,68.7285,57.4533,119.7404,91.9169,122.3883,38.4776,15.3740,51.6588,17.4822,8.8315,68.9281,151.3851,88.1117,50.7391,66.1564,68.5267,59.3094,19.0974,33.9480,57.4481,41.6588,172.3874,33.5940,44.0660,55.6370,35.2483,88.3377,55.4456,125.3948,92.6862,105.4782,50.2031,40.8420,27.8766,85.1041,72.6808,49.9639,56.2686,11.3073,87.8002,93.6403,52.4025,82.9529,74.1114,25.6626,27.8106,74.3265,52.9613,100.2424,32.3322,32.4408,77.6826,104.7607,94.4270,45.7319,66.8027,14.4732,94.8112,141.4137,42.5395,22.7167,87.4831,66.3848,116.8835,17.7395,73.9021,104.8707,59.0747,54.9116,19.1475,66.3721,34.1008,43.2902,23.1667,79.3713,57.2739,57.0965,50.1729,85.2461,144.3153,18.8450,73.3011,59.6990,21.8755,110.5120,42.4481
50.0620,136.8508,78.9433,174.0133,80.5292,66.2070,84.1408,118.7955,202.0048,75.2552,23.1238,174.6531,67.8500,21.4060,20.5152,161.6786,103.3839,186.3986,102.5144,218.0691,99.1949,129.4543,28.6493,114.8723,161.4674,180.8621,204.4813,109.9484,173.7827,119.9349,101.7010,50.9266,117.9704,103.7477,115.3147,119.6095,132.1404,135.3580,140.8938,100.9044,104.7965,139.0774,152.5230,72.5931,135.1732,151.0215,194.1098,177.2483,112.4160,98.8468,44.1359,135.1749,61.6973,107.6116,80.2800,50.4816,164.1213,166.3018,128.8192,90.3695,74.2567,166.3316,76.5799,108.0169,64.3451,79.0628,133.2124,64.3945,100.5849,62.5584,179.6974,104.3181,161.7977,123.2843,67.0684,126.3927,0.0000,90.8218,55.0300,116.2308,156.3440,147.9738,92.6045,80.0165,109.5699,42.3634,93.3478,130.3825,97.1670,196.3156,142.7524,143.3256,164.7805,49.0558,50.1811,139.1583,192.9362,156.6694,102.5795,56.6401,199.7298,120.6016,147.2189,159.0051,30.9995,137.3647,140.2649,184.7845,138.2207,179.1339,86.4038,129.2536,96.5591,136.8937,210.7259,76.8554,106.6376,113.2052,163.6590,122.9659,132.5257,156.4146,73.7404,169.3554,83.0975,189.5087,57.8985,104.7461,123.8078,142.7571,164.5893,110.7885,179.5619,143.1685,102.1464,176.2397,107.7961,143.7639,106.4969,102.7613,217.0574,72.6410,159.3759,167.2003,131.9407,171.9379,161.6500,137.0643,120.6699,117.5592,163.5432,87.1918,74.9337,199.2030,94.0143,151.5347,154.2030,95.3749,129.5309,85.4034,103.0578,109.8776,190.4129,149.1442,32.4108,151.0230,96.9706,117.2844,217.0443,65.7499,168.7990,110.3389,44.7596,119.8362,15.7724,108.8466,153.7837,36.9167,78.6913,132.2576,144.1782,175.9866,153.0843,94.6654,141.1573,204.1785,104.1370,74.3504,80.1951,129.4724,185.7701,107.5628,53.7660,73.2932,104.5897,83.7696,110.7583
99.1510,165.8515,104.5045,226.6238,135.7620,119.1900,86.7992,144.9614,244.3268,111.2273,76.1504,173.2263,100.0626,73.2837,106.7564,178.1864,152.2553,233.9881,148.3932,256.7082,131.7551,162.9811,78.8125,99.1027,200.5554,232.3563,196.5598,181.0359,214.4919,170.4525,128.2098,121.8831,120.6092,113.7150,122.9546,168.8325,172.6708,164.5525,183.3207,122.0906,168.1624,198.7329,173.9483,136.1712,192.2868,191.4939,225.8929,254.8126,153.2214,88.9079,77.5083,137.9632,112.6656,187.4879,143.4913,135.1776,135.5557,192.4151,138.2121,128.6429,116.0526,196.6598,131.5749,144.6317,88.4043,135.6879,189.1767,59.2450,159.5931,112.3117,230.5263,130.9110,161.9605,133.6207,132.2243,157.2323,90.8218,0.0000,125.9069,169.3900,218.7887,211.5444,182.6567,133.6889,99.4262,99.9963,135.6180,158.0069,159.2271,233.4096,197.3090,194.3353,138.9257,112.9209,101.7022,144.7249,243.8238,188.8189,100.6493,89.9138,205.4129,127.4637,181.2177,181.9660,64.6070,123.5874,131.0218,190.4452,220.2268,244.5868,146.3016,115.0824,101.5708,84.9323,212.0025,34.8816,120.7136,141.9574,168.2935,144.1734,165.8759,213.2990,164.3483,230.4505,107.7372,222.0418,107.5640,103.5557,165.6823,186.7682,164.8177,120.2373,265.6253,153.9630,158.0882,212.7808,158.9337,212.7257,107.5108,44.8170,227.2410,157.1234,204.7057,192.9085,145.3446,153.7561,218.3569,191.3350,116.4581,145.9306,226.5681,166.7618,124.6595,240.1698,165.3168,181.1930,180.5736,166.6989,187.0925,59.0534,151.3941,126.6813,234.3812,222.7989,92.6585,155.0951,93.7808,143.1751,250.5733,156.5714,195.2253,134.6605,84.1964,108.4480,103.5949,144.7946,138.2195,69.2171,99.0736,190.0772,168.0131,174.7428,191.0737,148.8505,159.0819,233.1901,104.8543,103.9900,110.3273,200.4331,130.6356,142.7189,100.8808,132.7886,141.0454,48.3736,119.6390
30.2891,90.6717,52.5794,119.1163,29.3877,23.5007,72.0242,76.8935,148.2084,42.4491,52.9015,139.7478,44.2596,57.7593,36.3982,118.9260,51.8140,131.9366,52.5024,164.7677,58.0655,81.9487,47.9477,100.5610,109.4821,126.0129,170.2090,57.0044,120.9219,66.4621,63.9142,4.3400,90.9352,76.6139,85.8455,66.5428,81.3082,89.2591,88.8154,67.0671,49.7893,84.0578,108.3048,18.3578,80.2021,99.0643,143.1713,129.1770,63.5283,87.2515,49.5563,103.8264,25.1077,61.8117,25.5547,25.3545,146.1606,118.7960,94.8410,48.1175,36.8726,117.1371,26.6998,62.1461,51.4090,27.3924,78.3441,74.4405,45.9053,26.4562,124.9149,65.6679,127.5768,89.9852,12.8962,80.6247,55.0300,125.9069,0.0000,62.2263,101.6445,93.3721,73.2470,30.0400,93.5838,26.2656,47.3687,85.7252,42.1809,143.7953,87.9219,88.9733,145.1005,13.7076,27.5474,105.3960,138.0698,107.3678,83.9908,43.9948,159.0277,90.1491,97.8405,113.4459,82.1185,115.5497,115.0813,145.2389,94.7465,125.1986,32.1895,109.6406,75.9094,138.3181,171.3896,98.4867,75.6705,70.9242,126.7778,83.1485,84.7560,101.3879,74.2213,114.5748,54.8955,138.4926,26.9002,84.7690,73.1335,90.0919,129.9732,81.5356,141.8464,105.7362,48.0898,124.4613,54.8874,90.5001,84.3637,117.7514,173.2932,37.6675,105.7902,119.8018,94.9519,146.7247,106.6211,82.3334,97.2052,74.6124,108.9854,41.4719,30.0304,145.7200,40.8046,103.6319,107.5185,42.2118,74.5684,91.6837,51.7709,76.0545,136.4834,98.1686,33.5940,116.1461,81.7697,75.8521,164.9790,63.7358,120.9970,71.4975,43.2922,101.1519,41.1268,63.1998,129.8037,56.7183,56.7247,77.2653,99.6906,140.8385,101.8446,41.7881,100.1146,153.7857,83.1279,47.7481,49.2443,76.8201,181.3317,62.6447,30.8306,21.1876,59.5331,96.4671,81.8902
73.9544,44.4333,66.6882,58.9825,36.5125,53.1003,89.2984,46.4325,85.9976,58.3303,108.2877,104.0555,69.3568,113.8266,98.5633,73.5075,17.3676,70.2293,22.0693,102.5720,43.5182,35.3955,101.3654,103.1725,48.7153,65.4953,131.9291,38.4934,59.0461,5.5929,50.7995,65.8908,80.1244,72.5864,73.5673,7.5532,25.6754,43.6445,28.9012,58.5764,21.0796,30.2392,62.0141,43.9423,23.0711,38.7324,82.9037,100.9073,23.9769,97.9815,94.6361,81.6275,59.3575,63.0767,36.8040,80.6060,133.2313,64.8602,71.3957,42.1761,53.3596,60.3975,40.8152,32.7168,81.0628,37.5932,19.8111,110.4360,17.1371,59.2331,64.0901,49.5210,94.9618,69.6340,49.4925,39.1223,116.2308,169.3900,62.2263,0.0000,50.5853,44.6328,106.8977,37.7667,96.6370,77.5980,34.6350,44.7494,22.6100,82.0184,28.1808,27.1866,130.1197,67.5747,72.1088,78.7783,77.5349,51.2670,87.8065,79.9133,112.4310,74.4071,42.7263,63.7225,140.1191,103.9780,98.9304,101.6790,85.8203,76.8659,30.0482,102.6756,81.1263,149.4651,125.8405,136.0829,66.3234,43.3261,90.0464,53.8371,36.4941,43.9421,122.4875,61.3452,64.5847,78.2282,64.5170,86.4587,20.7905,29.0040,96.3009,71.6912,133.5289,72.7161,14.1480,63.5934,10.4907,51.8088,83.3977,145.9389,121.4253,74.7632,43.5873,65.9583,66.1532,124.0443,49.0602,22.1682,89.0879,43.1267,58.2964,59.4402,45.7442,83.5036,39.0586,50.7711,56.5188,38.8308,18.3610,118.6124,18.3334,61.7536,74.3022,67.3657,88.2960,84.8537,90.7324,47.0200,103.4090,113.4229,66.3419,50.7843,88.2566,98.0781,103.2074,33.4085,111.8970,106.1325,72.7880,21.2425,54.7282,104.6173,42.5925,22.0299,61.9796,93.9375,84.2344,65.9998,60.4149,46.5633,179.9429,35.2208,71.1152,43.0184,34.6918,127.4999,72.4593
120.9833,80.7682,117.2126,29.8330,83.2744,100.1552,139.8730,91.9757,66.0765,108.4488,153.0464,136.4576,119.2041,158.3204,136.6042,102.2380,67.8984,46.6211,72.6389,83.5401,93.5867,75.0445,146.8525,152.0452,57.3046,35.8842,159.1985,48.5225,55.6547,51.2929,100.3617,105.9154,127.3897,121.8535,121.0303,53.6013,60.9800,80.8215,53.5118,108.1501,52.2874,20.3578,92.6860,85.7475,27.7980,54.9302,81.6560,59.8344,72.2961,148.1021,142.4757,124.8154,106.6912,65.3369,77.8360,111.3051,176.1222,84.5477,115.3821,92.7565,102.9927,76.1176,87.5673,81.7213,130.9246,83.6071,31.3835,160.2985,59.4423,106.8677,36.4808,98.7000,130.7519,115.0533,90.8469,81.0142,156.3440,218.7887,101.6445,50.5853,0.0000,8.5269,115.5134,85.2097,145.8392,122.8104,85.1972,85.1216,60.8395,72.4146,26.8487,34.2223,172.3233,110.9971,118.7556,120.2798,45.2652,71.8450,137.4609,128.8842,133.1620,120.8003,68.9635,89.9586,183.5848,149.1786,142.8535,127.3011,66.3458,26.2820,73.4321,149.3852,131.1790,198.5965,146.2477,186.0789,115.1074,90.5981,123.5434,98.2828,74.1744,15.1866,140.0646,13.1135,115.1690,78.1271,111.9014,135.8732,63.0539,49.5344,131.1846,119.9112,103.1017,111.6135,60.7064,65.2086,60.9525,20.9788,132.5439,196.5239,133.6897,95.9910,43.3215,85.4723,108.5309,162.9310,15.8086,31.3519,136.3695,89.0226,7.7859,77.0432,94.1418,66.7429,63.0685,77.0462,83.3227,61.8101,32.2424,169.1771,68.8897,109.9160,55.8921,34.4540,132.8436,122.8847,140.8609,93.0789,91.5478,133.5770,84.3048,98.7610,135.8634,146.0331,141.5194,82.1689,154.0495,153.1608,123.3378,29.3431,88.8059,136.5345,59.9468,69.9478,99.6658,92.0475,133.6628,116.2981,110.9192,33.1723,225.3056,84.2026,118.6541,87.4871,84.3180,177.9625,120.7062
113.3469,78.5114,110.8202,36.1653,75.8330,92.6231,133.7739,88.0098,72.4712,101.7170,145.0202,135.7690,112.2994,150.2569,128.1773,101.8206,61.6973,52.9562,66.6507,90.1345,88.0774,72.0166,138.9219,147.2463,58.7238,42.7016,159.6468,40.0148,59.0495,46.0752,95.1441,97.6583,123.1499,116.8243,116.7011,48.5344,58.1172,78.4107,51.8493,102.9443,44.2886,14.9586,91.7393,77.7387,22.9395,54.8462,85.6869,60.4019,67.3584,142.5917,134.9223,121.7135,99.1694,57.5394,69.8519,102.7790,173.3206,85.2928,112.0158,86.5682,96.0587,77.2557,80.0820,76.6570,123.9954,76.0552,26.6033,153.3145,51.9723,99.3996,42.9839,93.6510,129.3416,111.3086,82.7615,77.6978,147.9738,211.5444,93.3721,44.6328,8.5269,0.0000,107.8678,77.8591,140.8774,114.9146,78.9661,82.1946,52.9814,77.4729,24.6358,32.6720,169.6883,102.9641,111.0670,117.5495,52.8227,72.0063,132.2523,121.6382,134.5492,116.8081,68.0441,89.7316,175.3915,145.6527,139.6577,127.7789,61.3758,33.0429,65.7158,145.3967,125.7133,193.7158,147.8091,179.1327,110.2743,86.1540,122.5229,94.6556,71.4813,18.4447,131.9537,21.6321,108.9717,81.8870,104.3633,130.7926,59.1291,48.1599,129.9616,115.3118,101.1224,109.3761,53.6589,68.2400,54.7496,15.3625,127.5902,190.2731,136.4672,87.5619,45.1336,86.2720,105.4961,161.0558,21.1553,27.8003,132.1535,84.9347,15.6172,68.6168,86.9053,72.7062,54.5645,76.4426,82.8253,53.2999,26.4063,162.8168,62.7215,105.3016,61.7728,31.2206,124.8426,120.9410,135.3422,88.9914,97.3161,125.3182,85.3306,94.1566,128.2815,141.6009,133.0951,77.1932,151.3588,145.4350,116.9860,23.7440,87.1573,135.9403,60.0308,62.8812,97.5250,96.4012,128.5722,109.6623,104.5074,25.4288,221.8937,79.1628,111.1157,79.7094,79.0188,171.3986,116.0993
101.6217,148.8427,125.6778,143.6183,93.3993,95.7346,145.0044,141.5505,179.4098,115.1490,107.4854,205.3769,117.4630,109.5789,76.0933,178.6763,107.7441,160.1012,111.3866,197.2053,125.6997,139.3348,107.0210,173.7919,152.9425,150.3980,235.1072,72.7457,159.6987,112.4902,132.9236,74.8112,162.5094,148.7320,156.8860,114.1684,132.3863,147.7194,135.1347,137.6520,85.8773,108.8275,167.1912,80.8875,110.6273,144.1015,186.1658,104.6682,121.8675,160.4060,115.9874,173.2298,98.3005,50.3846,81.4293,51.4027,218.6051,171.7580,163.4310,116.4383,108.9907,166.9838,93.3671,124.8894,123.7029,91.3074,111.3137,142.1850,91.8843,99.6308,150.4552,133.9943,194.2323,159.2249,78.9902,140.6623,92.6045,182.6567,73.2470,106.8977,115.5134,107.8678,0.0000,95.4716,166.7912,94.7862,112.7663,146.4830,85.9052,181.4763,119.1713,124.8130,217.2128,85.2718,99.1273,173.4797,160.6709,158.0930,157.1414,115.5780,218.5826,160.6194,149.6133,170.0364,122.6914,187.7171,186.3907,206.7089,62.9697,127.6213,87.2848,182.3233,149.0171,210.5696,231.8242,162.7262,146.7426,135.9708,191.5868,148.8733,141.3120,124.5431,30.1629,127.1841,127.7104,181.6882,100.0220,157.8039,126.1105,134.1964,196.2537,152.8567,91.2470,171.4235,97.1677,166.7621,106.2667,95.2914,157.1594,185.6517,228.3182,36.7959,143.3310,172.8560,161.7226,217.1930,128.4813,116.1600,169.4546,138.5830,119.7154,47.5324,99.9999,178.9030,67.8715,157.5074,163.0004,68.0673,106.7330,161.6811,108.3479,145.9804,168.0747,89.7913,96.2050,182.9608,155.0138,141.0363,202.5830,30.5493,173.2109,139.0896,111.1677,174.0847,79.0628,126.0206,201.0886,117.9191,129.9685,107.8297,159.0856,206.2451,148.6051,97.5596,163.2190,197.4098,156.0862,120.9351,121.8790,82.4468,254.5197,126.3501,103.0790,86.9827,123.6069,164.4992,153.3130
36.2956,60.6318,37.3633,96.7479,2.6245,15.3532,60.9068,47.7063,122.3192,26.4164,70.5756,111.4220,35.4613,76.1366,64.1052,89.0473,23.3710,107.5792,22.9033,138.1266,30.2925,51.9599,63.6025,83.5490,81.4855,103.2480,141.7171,51.3599,93.7909,40.6008,37.4684,32.4366,67.8295,55.0427,61.8758,39.9422,52.3933,59.2193,60.8813,42.6608,35.0680,65.4041,78.3168,14.7485,59.5511,71.0308,114.5100,125.4595,33.6607,73.5097,57.4120,77.7632,21.7289,67.5585,15.4279,54.1258,124.3733,88.9182,68.0420,21.0056,19.7232,87.6465,3.5010,32.2536,46.8563,4.2722,56.8017,75.8220,25.9098,21.7553,101.8089,38.5398,99.6708,63.7554,18.2517,50.6082,80.0165,133.6889,30.0400,37.7667,85.2097,77.8591,95.4716,0.0000,76.4060,39.9384,17.9431,55.7872,26.2352,116.3016,65.7744,64.7849,122.5655,30.9730,34.3661,78.2503,115.2719,77.8762,66.5590,43.8029,129.2628,65.3107,68.3341,83.4066,102.5275,93.3662,91.2951,115.7235,98.7437,110.8998,13.8176,88.9615,58.5201,126.6995,141.7846,101.6476,51.9047,41.8041,98.0659,54.4730,54.8085,81.0739,102.0590,97.1911,37.3605,109.8666,26.9392,66.3930,44.0775,62.7774,101.8931,58.1070,148.0249,77.2415,24.7827,96.3183,28.2527,79.8600,64.7581,115.1267,143.2579,58.7802,79.7050,89.9104,66.9158,121.7446,86.2936,59.7926,75.4764,45.1704,92.9721,52.4276,9.2617,119.3493,38.7532,73.7748,77.5202,39.8065,54.0948,87.5348,23.0465,50.6085,110.8681,91.8810,50.7140,88.2668,66.7477,46.8548,137.1006,91.8195,91.1746,43.8010,50.8833,81.6634,68.3716,33.3332,105.9093,68.5713,43.3462,57.0654,69.7065,112.4263,73.2693,15.8079,70.6967,124.8640,64.3628,34.4848,31.5559,68.9916,164.7350,32.9565,33.6435,9.2320,29.8919,95.1150,58.6431
67.9362,73.9884,41.1832,143.5315,78.9975,71.4195,25.4590,55.6195,152.7667,52.0932,87.2979,74.8954,49.7430,91.1621,107.3587,79.7949,80.7712,146.4340,75.4085,162.6720,53.3630,74.6999,80.9423,7.1551,110.4614,147.8167,101.2074,125.7738,124.0764,94.8053,45.8386,92.4055,22.5654,24.0617,27.0884,92.3748,87.7154,73.0230,97.8798,38.0790,106.9004,126.0311,77.3313,88.7620,118.1918,103.3934,130.2416,196.8472,73.5763,11.9388,65.4342,38.6196,68.4940,143.9392,91.7715,117.4093,54.9792,96.3278,40.4031,57.9048,58.7191,102.0975,77.0713,64.2224,46.8524,80.5310,114.5467,52.2888,96.1957,67.1608,145.6402,47.2266,62.9984,36.8704,89.0074,68.2444,109.5699,99.4262,93.5838,96.6370,145.8392,140.8774,166.7912,76.4060,0.0000,76.4756,64.9558,66.6424,99.4513,139.7234,119.8185,114.1184,55.2759,82.5280,69.8656,45.5153,157.8600,95.8662,9.8723,55.5409,106.3275,30.1298,90.2194,85.3535,111.3406,28.5559,33.6936,91.1995,174.5371,171.7724,89.3578,19.9208,18.0347,52.8452,113.8271,66.1959,30.7684,55.6165,68.9175,51.5345,76.8886,135.5555,165.0123,154.6298,39.6645,126.8826,67.1446,10.3079,83.4031,101.9858,65.9101,26.6045,223.8838,55.3376,91.8522,120.1148,87.3490,148.1905,13.2966,60.2432,127.9030,130.5860,118.4089,96.6319,48.2799,63.2577,139.7803,114.6409,17.0363,58.0042,153.2041,128.1816,69.0242,148.0980,114.9353,87.6944,85.5015,115.8950,114.5041,40.8441,79.6982,36.2830,144.4216,162.9319,81.1773,55.6697,12.7857,54.1446,154.6364,154.5301,99.0845,47.2969,65.6368,10.6981,108.6848,63.7112,45.1971,74.4205,36.9234,117.1345,73.0016,76.4051,101.3560,84.3616,62.3758,136.2630,12.5100,45.8562,45.6499,140.6573,88.5524,61.7192,65.4470,82.6254,61.9527,51.2983,25.8098
8.8782,94.5098,39.2180,136.5106,41.0878,24.9214,52.1666,76.5381,162.0171,33.4438,30.7050,134.3532,28.2271,36.2291,32.2248,119.5186,62.9418,147.5145,61.3299,177.5105,56.8761,87.2536,24.0690,82.9245,120.3395,143.0862,164.5967,81.4108,133.1152,80.5359,59.7840,22.6127,79.6832,64.9784,76.0026,79.8144,90.7526,93.0160,100.0137,59.8107,70.6344,103.8058,110.2055,37.3001,98.6488,109.9662,152.3608,154.8220,70.6499,67.9623,23.3050,95.6014,19.5979,88.0618,45.1035,43.4324,131.1548,123.9903,88.2780,48.0138,31.9062,124.2363,36.7872,65.7659,30.0967,40.1330,96.1542,48.6762,63.8703,20.3303,141.6865,62.3077,121.6008,82.8523,32.7127,84.0533,42.3634,99.9963,26.2656,77.5980,122.8104,114.9146,94.7862,39.9384,76.4756,0.0000,51.2983,88.0203,61.9715,155.2855,105.3639,104.6994,130.9017,12.9256,8.0403,98.8400,155.1323,114.6335,67.7800,21.4480,158.0426,81.0607,105.2480,116.6440,62.5909,101.9244,103.2821,143.2849,121.0076,147.5824,49.5266,94.7551,60.4218,115.9749,169.3857,72.2613,66.5591,70.8924,122.6899,80.9936,90.3444,120.2452,88.9223,135.3318,42.9770,147.8031,15.5357,69.3047,82.4650,102.2391,124.2934,71.4320,167.9870,101.8750,64.0837,134.9099,68.1835,114.0320,70.0450,92.2781,174.9016,61.8013,119.4772,124.8799,90.6305,135.4170,125.5015,99.4330,84.0348,75.2266,130.4308,67.7154,33.3727,158.9004,65.4750,109.2938,111.8600,66.8696,93.0614,67.0979,62.4630,69.0133,150.6572,123.0855,10.8368,110.5093,63.8178,75.0609,175.6789,78.5480,126.5076,68.3808,17.2081,85.5806,34.8291,66.5688,117.5900,31.1504,40.8192,95.9726,101.8337,135.6212,111.6647,55.5681,99.1352,162.2365,68.1477,34.1880,39.0655,101.0571,161.3491,65.2396,12.2353,35.4426,62.2918,70.9425,71.5442
45.1133,44.0836,32.0644,91.0880,19.5946,27.3896,54.8144,29.7734,112.3981,24.4963,80.4996,93.5062,35.7910,86.1165,79.3586,71.6023,17.3018,99.6054,12.8234,127.1428,13.3575,36.1621,72.9954,71.8987,69.6462,97.0009,123.7795,60.9978,82.8889,34.9464,21.2869,49.2306,52.7176,41.6734,46.3850,33.2276,39.9896,42.6178,49.9098,27.9269,41.9463,64.8401,61.1627,32.5930,57.6735,59.4534,101.0931,132.2920,19.5656,64.5606,63.4370,60.7115,31.7188,80.8483,31.4391,71.9471,109.0460,73.1925,50.7320,7.6110,21.0395,72.9891,20.8961,15.0461,47.2742,21.7649,54.3094,76.4181,31.2401,30.9779,95.2662,21.6825,81.8377,46.7955,36.1427,33.7397,93.3478,135.6180,47.3687,34.6350,85.1972,78.9661,112.7663,17.9431,64.9558,51.2983,0.0000,38.5283,34.7522,104.5273,61.8825,58.7350,106.8676,45.4841,44.0852,60.7139,108.6867,63.3519,55.4832,47.5339,111.6591,49.1480,53.9502,66.7541,112.6591,78.2159,75.2732,97.9362,110.1102,111.4690,26.5715,74.8009,48.0879,117.1680,124.0530,101.8482,37.0230,23.8616,80.1238,36.5568,39.2073,78.0045,120.0019,95.8959,30.0077,96.5542,36.0260,54.6523,31.9163,52.7082,84.0217,43.1519,159.3769,59.3250,27.0354,83.9383,24.2548,84.2644,52.2316,111.3473,126.3000,76.2718,70.5775,74.1289,49.1199,104.8843,82.9575,55.9741,61.0232,27.3076,92.9232,68.1525,18.7013,108.9204,51.6735,58.2662,61.3335,52.4280,52.9548,83.9817,16.3081,34.5075,101.4543,98.3341,61.9769,70.4583,57.3741,28.9124,124.5983,109.7551,75.6155,26.3617,57.6252,68.4646,83.2623,16.0260,89.6680,75.6330,38.1530,55.8652,52.5581,94.5006,60.6970,19.5015,52.8467,110.9395,52.4688,31.6865,25.8148,75.8325,151.8167,15.2917,41.6482,27.1500,12.1725,92.8940,43.7950
80.6477,7.8447,56.8405,77.6631,56.8511,65.5377,71.2313,13.1852,87.0570,56.0273,115.0676,59.8161,65.8714,120.5581,117.5676,33.2835,38.7442,79.7920,35.3245,98.7100,31.3561,10.1889,107.3718,71.5626,43.9481,81.4985,88.7939,82.8817,57.7399,40.1292,31.1217,87.7361,45.1224,45.3267,39.6263,37.5774,24.1552,6.5905,32.6769,36.0765,63.9933,67.5264,22.6349,69.6759,59.6515,36.8525,68.4419,142.1238,24.6181,72.8166,95.2034,39.6994,68.9624,106.8649,66.3329,109.7903,91.1331,36.6352,30.5475,40.0722,56.1342,39.0381,59.0422,23.5818,74.9788,59.0042,56.1261,100.3717,55.4523,67.9844,79.2718,28.2508,50.2341,31.2387,73.9373,5.8767,130.3825,158.0069,85.7252,44.7494,85.1216,82.1946,146.4830,55.7872,66.6424,88.0203,38.5283,0.0000,61.2272,75.4139,58.2824,51.1345,87.5047,83.7238,80.2501,35.3694,91.2668,30.8123,60.6398,78.7223,73.5890,37.7215,23.7752,28.6251,146.6011,64.3518,57.7529,60.5574,130.5258,109.6083,59.7136,65.5413,57.2458,117.3084,86.3311,123.1256,37.9537,17.6242,45.7926,15.1088,11.0794,72.5240,156.9479,91.6405,52.7575,64.3533,72.4882,58.2109,24.3768,36.8992,51.6562,40.3208,177.7798,28.0727,49.9425,54.8943,41.1186,93.2795,54.2378,124.8780,87.7834,111.2089,52.0583,37.4161,23.4110,79.7999,76.0274,54.3957,53.6260,13.1715,91.7093,99.4991,57.0381,82.6332,79.9878,23.3742,24.2649,80.2030,57.9686,100.3579,38.1370,31.8419,78.0781,109.8117,98.2300,40.1688,66.3013,14.9806,93.0346,146.9323,39.3246,23.5165,90.5397,63.9141,121.2961,22.5413,69.1695,107.6499,60.8138,59.7884,14.0378,60.5023,34.7332,49.0437,17.3351,76.8664,56.2752,59.6871,52.8164,90.6347,140.2506,23.3079,76.9602,64.9438,26.4220,110.7769,41.0837
60.4834,63.0207,62.7659,76.9532,23.8554,40.0374,86.4361,58.5125,107.0561,52.2494,92.2711,120.9006,61.6916,97.5955,78.4104,92.8318,22.9741,90.1325,27.6841,124.0612,47.6307,53.5203,86.0143,106.4670,71.2962,83.8741,150.0013,26.3225,81.1999,27.9269,55.7013,46.2404,87.1501,76.4148,80.6970,29.0804,46.9439,61.9420,51.4513,62.6528,8.9398,42.1873,81.3246,25.0556,38.0212,61.3415,105.4856,99.4396,36.8064,98.0478,82.1431,93.0304,46.5639,46.9822,17.1347,58.3086,143.0272,86.5165,82.7059,41.5488,45.7812,82.6382,27.8052,41.9375,73.0763,23.6183,36.2338,101.9020,5.9911,46.9283,82.8240,55.5775,110.5725,79.6261,30.3659,55.3524,97.1670,159.2271,42.1809,22.6100,60.8395,52.9814,85.9052,26.2352,99.4513,61.9715,34.7522,61.2272,0.0000,104.1641,45.8339,47.5602,140.5551,50.2739,58.1463,91.6834,95.9171,73.2862,89.8214,69.6295,132.6780,82.9408,64.3511,84.1804,123.1671,112.4578,108.8699,120.9391,75.3607,85.8157,12.9260,109.4381,82.1336,151.1234,145.9240,127.6952,71.6603,53.6865,106.9196,66.1811,55.4205,59.2869,100.0541,73.4244,62.0818,100.8147,51.6939,89.1795,40.2551,51.5989,112.3043,77.7200,124.6274,87.7075,11.3264,86.1291,20.3868,53.7231,86.9095,141.2972,143.0275,52.4616,65.3097,87.6044,79.2085,136.9793,64.5365,40.3885,95.6329,55.2645,68.4645,38.4843,35.4924,104.9344,18.7874,71.9031,77.2114,19.1054,32.3885,113.6888,23.8071,68.6330,95.2454,65.7279,72.0504,99.6970,91.0246,58.4433,125.6311,90.8768,88.1876,59.0781,75.4700,103.2168,83.2117,42.9984,122.8883,92.4709,68.9037,35.0913,73.3209,121.6447,65.1319,15.2821,78.3735,116.5383,87.0231,60.3889,56.6405,42.8382,186.5613,43.9657,58.4190,26.7456,41.8985,121.3497,78.3902
149.6090,67.5701,130.8155,43.2036,115.8858,130.4783,146.6451,88.4549,16.3187,127.4878,185.0072,93.5677,138.3994,190.6272,179.8046,64.6117,92.9440,28.0439,93.9837,23.2987,103.5382,71.0652,177.5217,143.4539,34.9475,39.0174,105.2843,108.8478,22.9779,77.4040,105.6507,147.2098,117.2009,120.3775,112.9489,77.2545,64.5925,68.8583,55.4219,111.3591,99.7718,72.8153,63.0237,125.4400,71.0317,45.3359,14.2706,126.7016,84.9618,147.3603,167.3720,104.6248,135.7684,131.7572,118.6821,162.4678,146.1038,44.2721,99.6595,109.5381,125.4143,37.6310,119.7491,91.5523,148.6958,117.4787,70.8327,175.4226,99.0771,135.1943,37.4619,102.8536,94.7048,102.8530,130.9174,76.3968,196.3156,233.4096,143.7953,82.0184,72.4146,77.4729,181.4763,116.3016,139.7234,155.2855,104.5273,75.4139,104.1641,0.0000,62.3775,57.5909,141.2208,147.2729,148.4495,97.7350,37.6223,44.6185,135.0845,151.0119,75.2691,109.6002,52.4188,55.3510,217.1806,128.7558,120.3334,76.7182,138.6291,80.8805,111.7137,133.2562,132.4491,186.2281,86.0519,198.5304,113.1127,91.7693,85.5974,89.6518,68.0239,59.0747,201.6392,66.7304,127.0108,14.6918,140.3883,132.4430,72.8358,53.7375,93.5009,114.6398,173.4274,86.8299,95.9375,20.8332,88.9708,92.6821,128.3816,199.4042,67.4144,154.1494,39.0590,44.2484,91.5922,126.3558,56.7207,65.9879,124.3697,87.6303,72.8194,136.5619,121.9150,11.3386,117.3103,52.4541,54.2317,116.5862,75.4412,175.6312,93.2578,107.0353,18.1650,106.7902,166.0980,92.8967,141.1991,90.2443,21.5088,193.3551,41.7457,98.7744,161.8934,134.6361,184.2887,91.0598,125.4672,179.7533,135.4345,73.9481,66.7358,92.8808,43.8685,102.1543,77.6087,21.0182,130.6892,132.8094,125.9102,101.4311,197.1284,92.9030,146.1724,123.4817,95.2825,186.1148,115.3429
102.0459,54.1229,93.7980,31.2951,64.3477,81.1276,115.6010,65.3371,62.3540,86.0978,136.0660,111.1689,97.2494,141.5628,124.2303,77.3195,45.0574,44.5264,49.0593,79.8770,68.5988,48.1960,129.2725,125.8531,36.4047,38.1100,135.4683,46.4772,40.6472,26.9372,74.8549,91.8894,100.8269,95.9829,94.5346,28.8000,34.1340,54.1084,27.2210,82.5710,39.4069,12.1203,67.1219,70.1826,8.7270,30.8205,67.4560,85.0244,46.7225,122.7574,122.8145,97.9708,87.4525,69.8775,62.4777,102.9506,149.3346,61.6073,88.5405,69.1793,81.4000,54.0797,68.6943,56.1877,108.9098,65.2311,9.6042,138.2114,42.1822,87.3648,36.9971,72.9811,104.7249,88.2865,75.6895,54.1819,142.7524,197.3090,87.9219,28.1808,26.8487,24.6358,119.1713,65.7744,119.8185,105.3639,61.8825,58.2824,45.8339,62.3775,0.0000,8.1267,145.5816,94.7829,100.1391,93.4936,50.1845,47.9485,111.7457,108.0414,111.1915,94.1200,43.4612,65.3361,167.6874,122.3473,116.0059,103.6777,82.1787,52.0594,56.5036,122.6757,105.8387,172.4112,124.5823,163.7225,89.0511,64.2912,97.8896,71.4987,47.3654,16.1781,139.5378,34.8691,91.3066,63.1468,92.6320,110.0103,36.5371,23.5378,105.3285,93.6205,124.9185,85.0073,41.2833,48.4474,38.4771,38.1756,106.5515,172.3297,114.9107,92.3846,24.5108,62.6293,81.6886,136.5587,21.0759,6.0133,109.7802,62.4621,33.6865,74.3893,73.9154,60.9120,55.7710,51.9317,58.3352,54.9061,13.8061,145.3231,45.9152,83.6709,50.5581,54.9485,115.9545,96.4521,115.5566,66.5043,83.6670,131.5462,61.9246,72.5546,116.4227,119.5625,129.0163,56.5083,127.2860,134.2696,99.7599,11.7545,62.5619,111.3583,36.0582,49.9675,73.1006,78.6436,107.8188,93.5507,87.6286,41.7214,198.4582,58.6049,99.2588,70.2456,59.1026,154.5619,94.4195
100.7483,46.5502,90.1874,32.4069,63.6443,80.0474,111.2981,59.0313,59.4960,83.2055,135.3600,103.0978,94.4729,140.9166,125.3708,69.2051,42.6937,43.0752,46.0298,76.5766,64.1024,41.1981,128.3574,119.9635,29.0589,38.5982,127.3477,52.1195,35.0689,24.3931,69.8454,92.7680,94.5278,90.5067,88.3502,25.6479,27.1600,46.6269,19.3381,77.4390,42.3383,20.0189,59.0695,70.8439,14.6903,22.7821,61.3574,93.0033,42.0224,117.6450,121.0103,90.8158,86.1805,76.2082,63.4215,105.6309,141.9544,53.5958,81.5880,65.7306,78.9964,46.2361,67.9167,51.3587,106.0076,64.7714,13.4993,135.1081,43.1176,85.9666,37.0638,67.7862,96.8026,81.6244,76.3983,47.3796,143.3256,194.3353,88.9733,27.1866,34.2223,32.6720,124.8130,64.7849,114.1184,104.6994,58.7350,51.1345,47.5602,57.5909,8.1267,0.0000,138.1212,94.7571,99.0086,86.1238,50.5474,39.8656,106.3556,105.7655,103.2143,87.6368,35.3750,57.2098,167.2596,115.4240,108.8785,95.5668,89.9591,58.5435,56.9612,116.0892,100.7911,166.4608,116.6275,160.3828,83.4166,58.5055,89.8707,64.8301,40.1044,21.5823,144.0879,40.7741,87.4254,56.9064,91.2805,104.4902,30.7757,15.5070,97.3577,87.7046,133.0301,77.3917,41.1837,42.0156,36.6703,46.2881,100.9167,167.9027,107.4155,96.5586,18.6464,54.6272,74.5280,128.7860,25.6642,8.6646,103.4218,56.3132,40.5857,79.0946,72.3588,57.4535,59.7200,43.8170,50.2171,58.9983,18.0898,141.1780,43.4258,77.8490,47.6883,63.0717,115.4301,88.7066,110.5004,60.3075,79.0751,135.7643,53.9883,66.8385,114.7670,113.3563,130.0740,51.5463,119.8630,132.7492,96.0009,17.1526,54.7017,103.2747,28.0189,49.1627,65.4470,72.5996,102.3235,90.3513,84.1504,49.2417,191.3830,53.6780,97.7745,70.1898,54.5320,150.6629,88.5057
122.1517,91.5815,93.0878,160.5347,124.9030,121.8085,80.7323,83.7325,156.9563,102.6574,142.3169,49.7965,103.1603,145.9468,162.3326,77.3453,118.3441,157.5114,113.1659,161.1780,93.5171,97.6917,136.1343,50.0069,122.6538,162.6493,61.3216,165.7687,133.6175,126.3488,85.6269,144.6227,54.7818,68.5578,60.7111,123.7179,111.5828,91.5018,118.9639,79.9056,146.1160,155.0258,82.8376,136.6737,147.1307,119.8776,128.2547,229.5685,106.4888,66.0480,120.6546,48.5002,120.2891,187.4177,137.6718,169.9310,5.1493,98.6455,58.7366,101.7077,108.4179,107.2206,124.2342,99.1387,101.8749,126.8335,143.5783,104.8459,135.8602,118.9160,160.2866,85.2585,46.5317,61.0563,138.2269,92.2403,164.7805,138.9257,145.1005,130.1197,172.3233,169.6883,217.2128,122.5655,55.2759,130.9017,106.8676,87.5047,140.5551,141.2208,145.5816,138.1212,0.0000,135.4941,123.8200,52.1392,169.8964,105.7481,63.1919,110.4681,80.6432,57.7415,104.9668,88.6343,164.4788,29.5543,31.6859,69.6138,214.9298,195.9642,133.4171,36.1487,70.5134,59.4614,81.7962,111.4167,70.6769,87.5126,55.6246,76.2841,98.2460,159.0123,218.3822,177.7765,90.3155,126.5886,119.9569,61.5990,111.2643,123.0714,47.7651,64.4922,263.4386,60.9062,130.6043,126.2217,123.4681,180.5639,61.1515,94.2012,102.9529,180.4514,134.8004,98.3261,64.3729,17.8277,161.9463,141.8882,47.8963,87.0619,178.6010,174.7684,117.2363,151.8444,158.3923,98.3363,93.0907,159.0619,145.1805,88.0216,117.3627,72.3668,152.1515,196.9008,136.2675,50.5939,68.0086,83.2892,149.3131,207.8415,100.6761,81.4811,120.8870,45.4118,163.8290,98.1753,18.3412,129.1558,90.2505,147.1512,84.3546,50.9373,115.8153,125.5132,72.8694,129.8410,62.8308,98.1653,95.8615,176.6818,55.9508,96.8946,119.3301,130.4802,98.7124,96.3099,63.9907
16.7606,89.5563,42.4081,126.0622,31.4939,18.1862,59.7882,73.3753,153.0534,33.6900,42.0564,134.2082,32.7857,47.3314,33.8793,116.3036,54.3322,137.7986,53.6352,169.0263,53.7341,81.5456,36.1565,89.3398,112.4543,132.7773,164.6729,68.6401,124.7275,71.0370,58.2350,10.7069,82.3234,67.6661,77.8144,70.6199,83.2520,88.0853,91.8539,59.9448,58.7107,92.4063,106.2994,25.2526,87.6743,102.0014,145.3331,141.9017,63.8863,75.3284,36.0306,96.7149,16.0657,75.2897,33.1742,34.8938,136.2080,118.6305,88.4396,44.0329,29.6414,118.0133,27.5261,60.4972,38.4874,30.1021,85.3916,60.7329,52.7665,17.3742,131.4894,60.4114,121.6946,83.2617,20.2600,79.1738,49.0558,112.9209,13.7076,67.5747,110.9971,102.9641,85.2718,30.9730,82.5280,12.9256,45.4841,83.7238,50.2739,147.2729,94.7829,94.7571,135.4941,0.0000,14.0847,99.0904,144.8565,108.2790,73.2153,30.6640,155.7740,82.5110,98.7643,112.1673,73.0080,106.0717,106.4061,141.4390,108.2554,135.4225,38.3450,99.5909,65.3380,125.4781,167.6560,84.8826,67.8388,67.4782,121.8186,78.7916,84.5420,109.2118,82.8904,123.6781,45.3876,140.7062,15.5412,74.3006,74.9200,93.7027,124.2477,73.3344,155.5349,100.7513,53.6530,127.2688,58.8177,101.5057,74.3627,104.0680,171.4286,50.7084,110.4147,119.5785,89.6434,138.4143,114.4757,88.9462,87.8061,71.5676,118.5421,55.1184,26.7838,150.1880,52.6329,103.6260,106.8174,54.0320,82.0406,78.1421,54.0195,69.1936,141.5135,110.2550,21.9023,110.3619,70.3008,72.0916,168.0610,72.3525,121.0166,66.4772,29.6613,90.7656,37.8160,61.4344,121.0172,43.9840,45.6761,84.8934,97.7463,135.3906,104.1717,45.7595,96.5399,155.5669,72.8410,37.3314,40.2893,88.3467,169.4043,60.4429,17.8170,24.5846,57.3508,82.7736,73.5842
2.7742,86.8515,31.4987,131.0881,35.8728,19.0138,46.2781,68.6256,155.6141,25.4045,36.6739,126.3571,20.7288,42.2917,40.0947,111.5663,56.7358,141.5629,54.7048,170.8544,49.0156,79.7912,29.4157,76.4932,113.5111,137.5451,156.6252,79.3811,126.4787,74.6829,51.7646,24.7915,72.0102,57.2796,68.1746,73.7855,83.8584,85.3562,93.3609,51.7890,67.0003,99.3380,102.3420,34.4691,93.7882,103.1972,145.1623,153.5195,63.5841,61.9800,24.2055,87.7030,12.8738,88.2794,41.8718,48.2482,124.2323,116.3709,80.2822,40.3563,24.1225,116.8312,31.5129,58.2798,24.5887,35.2534,91.1196,47.3095,59.3908,13.2864,136.0675,54.3045,113.6175,74.8706,30.7085,76.4047,50.1811,101.7022,27.5474,72.1088,118.7556,111.0670,99.1273,34.3661,69.8656,8.0403,44.0852,80.2501,58.1463,148.4495,100.1391,99.0086,123.8200,14.0847,0.0000,90.8576,149.5445,107.2825,60.8902,16.5830,150.0154,73.1886,97.9556,108.8614,68.8529,94.6691,95.7538,135.2476,121.2254,143.9598,45.3519,87.7102,53.3133,111.4903,161.3459,72.1072,58.6413,63.0243,114.6568,72.9888,82.8976,115.3568,95.1541,131.0476,35.1381,140.6331,8.0663,62.2564,75.6257,95.7539,116.3009,63.6092,168.9783,93.8352,59.0226,127.9555,62.3480,111.1791,62.7743,90.3155,166.9518,64.7930,113.2079,117.2466,82.5909,127.8908,120.5907,94.1586,76.6404,67.3827,126.4534,68.5286,26.8519,152.3753,63.8581,101.7686,104.1895,65.2193,88.2708,64.1379,56.1770,61.0030,144.3666,121.1421,18.0259,102.5049,57.3664,67.1290,168.6638,84.6857,118.9143,60.3704,17.5089,78.6429,42.8330,59.0449,110.1535,34.4160,33.5724,91.2215,94.0065,127.6198,104.7014,50.1716,91.1434,154.9145,60.9914,26.4148,31.0677,98.7311,155.8719,57.6430,4.4959,31.4123,54.7448,69.0848,63.7439
90.1545,39.7135,60.2387,110.1684,80.1760,82.2433,62.1611,33.2199,112.1293,65.8149,119.6880,35.5465,71.3869,124.5929,130.9033,34.7895,68.7988,109.2513,64.0163,119.9652,47.9819,45.5580,112.2638,47.4512,73.2265,113.0100,65.7764,115.6977,85.5806,74.6846,41.4890,106.1269,24.5318,36.1756,24.5143,72.0666,59.4503,39.5183,67.1123,39.2321,96.1881,102.8955,34.8930,92.9926,95.0131,68.9702,86.8514,177.4753,55.8089,55.8785,97.5568,7.1041,83.0267,138.5716,92.0972,130.7213,55.8432,53.4715,10.6512,57.6734,69.4987,60.6694,80.7162,49.7760,75.8958,82.3082,91.4746,93.1524,86.4635,81.7326,110.6796,39.9005,22.7608,15.9877,95.8608,40.2308,139.1583,144.7249,105.3960,78.7783,120.2798,117.5495,173.4797,78.2503,45.5153,98.8400,60.7139,35.3694,91.6834,97.7350,93.4936,86.1238,52.1392,99.0904,90.8576,0.0000,121.4149,56.7411,44.6859,82.7321,62.9260,19.1497,54.1465,42.3848,148.3745,31.4546,23.5907,47.5480,164.3592,144.2783,86.6771,35.5488,46.4317,88.4959,72.4063,110.8787,32.5233,38.0910,25.2076,25.5324,46.1323,107.2208,179.4834,126.1560,56.1523,83.9753,84.6263,41.7387,59.3198,71.2728,25.4754,28.7845,212.3047,10.9079,81.0030,79.7087,73.1039,128.5512,38.0914,105.4092,83.4477,136.9503,84.2219,53.5494,12.6543,45.4582,110.3775,89.7492,28.5971,36.5212,126.6791,128.2733,75.4608,107.1882,110.2199,48.7065,44.6078,110.6982,93.1849,85.7671,67.9127,29.9567,105.3513,144.9913,107.1929,11.9340,51.8294,33.2432,110.6960,169.0554,56.0573,34.4501,94.9764,38.0760,133.6679,48.6989,33.8112,109.0414,60.8202,95.0904,33.7444,36.8505,65.4025,77.3721,21.7830,91.8133,40.8845,64.9751,59.7921,125.2449,105.6443,47.8820,86.6209,87.1637,50.3095,96.3967,28.9791
151.2953,84.1968,139.3266,18.9755,114.0451,130.5674,159.0487,102.5851,24.6202,133.1653,185.8221,125.4177,144.4673,191.3612,174.3214,92.8440,93.1671,12.4039,96.2038,40.1032,112.2924,83.4081,178.8701,162.8172,48.2525,12.0824,140.9563,91.2945,36.2791,74.9283,116.8348,142.0609,136.3081,135.6183,130.8911,76.0496,71.6770,85.0267,61.0053,123.9055,88.9654,55.4454,87.3739,120.3648,57.9600,54.4687,51.1606,91.4179,90.6044,163.2952,171.4799,127.6148,136.7245,110.3620,112.6587,151.9713,174.4657,71.5993,120.3822,115.3301,129.2982,62.7757,118.3498,99.3507,155.8407,115.0746,59.7327,184.6071,92.3637,136.5139,13.4871,114.3967,123.9560,122.1471,125.8739,89.7949,192.9362,243.8238,138.0698,77.5349,45.2652,52.8227,160.6709,115.2719,157.8600,155.1323,108.6867,91.2668,95.9171,37.6223,50.1845,50.5474,169.8964,144.8565,149.5445,121.4149,0.0000,64.7286,151.3560,156.0587,111.5098,128.8020,68.1360,81.2628,217.6253,152.7933,144.9760,110.7674,109.7564,45.1591,106.6528,155.6028,146.9285,208.2086,122.9738,209.4775,128.2304,103.8929,115.2247,106.3647,81.0374,37.8133,184.5089,35.0427,136.2093,49.7594,141.8278,149.1001,78.2022,57.2807,123.3562,131.3685,139.1486,110.8727,91.2230,44.2612,87.2170,66.0544,145.2163,214.8722,105.0235,139.0598,39.7044,72.0644,112.3687,156.7623,33.0234,55.9289,144.5916,100.6370,42.3827,120.2742,122.9038,27.6308,103.7577,72.7086,77.1878,102.6902,63.5558,188.9744,93.8606,122.2258,20.0738,76.8763,165.8164,119.5602,156.4346,104.1979,51.1030,177.5201,69.8932,112.0300,165.2782,154.9613,179.1286,99.2812,152.7689,183.2766,144.8734,60.9649,87.7608,124.9894,56.7704,99.5647,99.7131,58.4923,147.0688,139.9786,133.5158,78.2256,225.5882,101.3967,148.3166,120.2811,102.8640,198.8804,132.1493
108.0987,22.9681,86.9110,54.9809,78.1000,90.5163,102.0375,43.9136,56.9023,84.6399,143.2636,65.0005,95.1716,148.8434,141.8999,30.6967,55.6942,52.5174,54.9934,67.9081,60.1010,27.6527,135.6365,100.0676,16.9104,56.9073,87.6406,87.5177,28.8859,45.6928,61.4183,110.1764,73.5396,75.8229,68.8599,44.2421,26.5853,24.2860,23.3844,66.8380,72.2175,59.8520,22.9113,89.5571,53.6203,17.1722,38.2376,131.6466,44.3939,102.9942,124.4484,63.0916,95.0688,112.4306,84.1311,129.1718,110.1691,14.0739,56.5841,67.2061,83.4630,9.7741,81.3710,49.0771,104.9660,80.0137,51.1661,131.0557,67.3895,94.3035,54.5465,58.5816,60.8606,59.1376,94.6513,32.2480,156.6694,188.8189,107.3678,51.2670,71.8450,72.0063,158.0930,77.8762,95.8662,114.6335,63.3519,30.8123,73.2862,44.6185,47.9485,39.8656,105.7481,108.2790,107.2825,56.7411,64.7286,0.0000,90.7317,107.9603,63.5856,65.9122,9.5425,18.3142,175.2252,88.1743,80.2690,55.7830,129.4457,92.3713,76.9466,91.4154,87.8639,144.3551,77.0587,153.9375,68.5272,47.5536,52.7992,45.1187,24.5228,56.9799,173.2820,74.2728,82.9717,33.9187,99.2616,88.1548,34.3767,25.4932,60.7836,70.2711,172.8494,46.1453,62.7620,24.3140,54.0758,86.1148,84.1112,155.0939,70.2750,125.7471,29.8723,15.1596,48.4564,93.7870,58.6757,47.2042,81.2494,43.2886,76.6742,110.6940,81.7731,52.2748,90.3143,8.2305,12.6623,90.0473,54.9824,131.0370,55.6490,62.4389,48.9493,102.8457,125.2584,55.1738,96.7075,45.7083,62.5632,163.9308,15.1560,54.2532,119.3402,91.6333,146.0464,48.3912,88.2758,136.9048,91.2508,55.3159,23.3635,64.9666,11.9768,66.2176,35.1724,47.6355,86.3373,89.2874,82.3603,88.4618,161.1359,49.9987,104.5117,86.2257,52.7089,141.5048,70.9936
59.0968,68.2591,31.4679,136.4395,69.1547,61.6439,19.0831,48.7709,147.5215,42.2782,80.8486,77.0064,40.4710,85.0591,99.1522,77.5374,71.6169,140.1890,66.2984,158.2306,44.3290,67.9501,74.1253,17.0273,104.5802,140.9971,104.8114,116.1399,118.3753,86.2476,37.1200,82.9343,20.1793,15.8779,22.4582,83.8771,80.4333,67.1706,90.8204,29.3212,97.3896,117.4857,73.7169,78.8950,109.7191,96.9588,126.3385,187.6193,65.1829,12.2760,58.6202,38.3843,58.8837,134.1047,81.9133,108.0442,63.3789,92.5080,37.5632,48.3097,48.8708,97.6102,67.2018,55.7408,38.7848,70.6744,106.0964,49.0215,86.6988,57.5396,138.8697,38.7902,64.5431,33.0677,79.1835,61.5658,102.5795,100.6493,83.9908,87.8065,137.4609,132.2523,157.1414,66.5590,9.8723,67.7800,55.4832,60.6398,89.8214,135.0845,111.7457,106.3556,63.1919,73.2153,60.8902,44.6859,151.3560,90.7317,0.0000,47.3067,107.1783,26.8144,84.4087,81.7737,106.6195,34.8163,38.0937,91.8507,164.8018,163.5261,79.5722,27.0690,8.1850,61.8020,115.6395,66.3817,23.1696,47.9976,69.3721,45.7083,70.3531,127.6414,155.9190,146.6113,29.8130,122.7550,57.7477,2.9484,75.5799,94.8460,67.4859,20.4613,214.1502,53.3849,82.4683,115.0451,78.2958,139.1393,6.8753,64.3622,128.0972,120.8532,111.7182,92.9125,44.8074,69.3746,132.0027,106.4235,18.8213,50.8302,144.9129,118.3108,59.1525,142.9800,105.1297,82.6901,81.1300,106.1006,105.8475,41.6170,70.5454,29.1306,138.7173,153.6768,73.1546,55.8714,7.1625,47.1693,150.9254,145.4115,95.3041,39.6671,58.0902,17.8038,100.7350,55.3183,51.2107,68.5270,27.5405,108.5364,68.5046,78.4853,95.2990,74.8018,58.7348,133.0096,4.3960,36.2445,35.7952,131.2898,98.4184,53.2654,56.4273,72.7552,53.2342,52.3062,19.7458
13.9796,86.0338,22.9845,138.1694,45.9393,29.8097,30.7988,66.0010,159.6847,23.5347,37.3008,118.1381,12.8521,42.5181,51.8696,107.5897,63.1349,147.1342,59.8552,173.9501,47.8682,80.3767,29.7043,61.7893,116.4439,144.2700,147.8589,92.9089,129.9835,81.4832,47.9673,41.3689,61.3779,47.1094,58.7016,80.1190,87.0335,84.5595,97.2586,45.5181,78.5631,108.8826,99.5410,48.1857,102.6008,106.5012,146.1975,167.4226,66.6428,46.5913,16.5042,78.5630,23.5135,103.7780,54.7738,64.4694,110.4610,115.3571,72.5524,41.6035,26.7720,117.0973,41.8374,59.4597,8.7331,46.0115,99.5933,32.5036,69.7123,22.8943,142.6009,50.7987,105.2722,66.9912,45.4022,75.9040,56.6401,89.9138,43.9948,79.9133,128.8842,121.6382,115.5780,43.8029,55.5409,21.4480,47.5339,78.7223,69.6295,151.0119,108.0414,105.7655,110.4681,30.6640,16.5830,82.7321,156.0587,107.9603,47.3067,0.0000,144.2156,64.0110,99.0773,106.7223,68.0038,81.9563,84.1161,129.0637,136.6054,154.6810,56.7342,74.3740,40.5011,94.9928,154.7496,58.1494,50.2947,61.1025,107.5063,68.7669,83.4964,123.8404,110.3493,140.6418,27.2769,141.8385,18.9112,49.1197,79.2220,100.1945,108.0895,54.1930,184.7880,87.4257,68.1999,130.2195,69.5664,123.3349,50.3904,74.4366,162.5873,81.3706,118.1000,116.1294,76.3167,116.0864,128.9730,102.0329,64.5777,65.5518,136.6612,84.4790,34.7461,156.0536,78.0347,101.5500,102.9831,79.3423,97.3190,47.8021,62.3605,54.0463,148.8857,134.4381,25.8768,94.6430,42.7828,64.3069,170.3608,99.9900,118.0437,56.4208,12.3316,65.0567,53.4531,59.9635,98.0393,28.9671,22.0531,100.3049,91.6920,119.4908,107.2124,58.9714,86.8055,155.2742,48.2216,19.1613,25.9272,111.7048,139.9225,58.1661,13.2664,43.8276,55.7294,53.4142,54.1426
149.7997,69.9735,121.2703,110.1247,130.4119,137.7604,125.0662,82.4489,91.3921,124.6359,181.4914,32.9650,132.1161,186.5894,189.1758,40.3477,111.4694,99.9661,108.6532,89.3962,102.0411,79.4385,173.9198,106.3252,75.9287,108.9701,30.2656,150.2109,79.5473,106.9062,98.2650,160.7828,87.2547,98.8340,87.3192,104.9348,86.7712,71.1971,86.6495,98.9102,133.4255,123.2311,51.5948,143.2645,117.1950,80.4434,61.0162,192.6609,97.5846,117.6196,159.6907,68.8164,140.1992,175.1180,139.7446,183.3475,85.7717,49.6378,72.1553,111.7910,126.6707,57.2968,132.4437,97.0127,138.0218,132.5725,114.7431,155.9912,126.6984,139.0548,106.7955,95.7943,43.4526,77.6762,147.4714,79.0721,199.7298,205.4129,159.0277,112.4310,133.1620,134.5492,218.5826,129.2628,106.3275,158.0426,111.6591,73.5890,132.6780,75.2691,111.1915,103.2143,80.6432,155.7740,150.0154,62.9260,111.5098,63.5856,107.1783,144.2156,0.0000,82.0048,70.3611,48.7112,210.9618,82.7608,74.7257,15.3780,193.0189,149.9035,132.9539,90.7353,109.3572,137.1138,13.4962,172.5184,94.2066,88.3921,37.8283,77.1428,77.3110,117.9764,230.4469,132.8227,117.0059,61.7921,142.8911,104.2571,92.5111,89.0613,40.6054,91.3953,235.6716,56.7952,121.4379,69.7946,112.3352,149.1632,100.8010,163.5493,22.6464,184.1974,89.8460,48.5948,67.9164,63.0003,118.4354,110.7752,89.4887,84.4912,136.7621,171.1057,129.6450,86.5737,150.9250,61.8750,55.9249,150.8842,118.4883,147.1715,111.0149,90.1712,91.4681,165.7066,167.3550,51.3387,114.3382,83.6886,75.3851,220.4855,49.2880,89.7002,156.5471,96.9669,192.5005,95.9297,71.1317,171.4781,122.7870,118.8958,60.0062,31.5040,75.2162,122.1040,59.2343,57.4611,103.5993,125.5684,119.5394,152.0469,132.9921,96.3896,146.1236,138.4600,99.4969,157.5876,91.6766
72.2538,44.6074,41.9734,115.3651,67.5481,66.6658,43.2624,28.8329,122.7747,48.8344,100.7461,54.1655,53.1406,105.5867,113.2707,50.7234,61.1250,117.1289,55.8280,132.5434,35.7911,46.7742,93.3831,34.1876,80.9446,119.2035,83.8922,108.4734,94.3719,71.3910,27.9838,90.3835,7.6286,17.0861,5.3801,68.7928,60.5550,43.7889,70.0680,23.1309,88.8485,101.8550,47.3121,79.7441,93.8690,74.5198,100.1834,175.2024,50.4302,38.7669,78.5390,14.5962,66.5288,129.7146,80.1771,115.4613,60.0877,66.2690,10.7502,44.3144,53.4182,71.9715,67.2588,42.1779,56.9223,69.5498,90.2074,74.3353,78.4227,65.1855,116.9666,27.5170,41.2989,6.7757,81.8480,40.3877,120.6016,127.4637,90.1491,74.4071,120.8003,116.8081,160.6194,65.3107,30.1298,81.0607,49.1480,37.7215,82.9408,109.6002,94.1200,87.6368,57.7415,82.5110,73.1886,19.1497,128.8020,65.9122,26.8144,64.0110,82.0048,0.0000,60.7556,55.3595,129.2320,29.7376,26.1268,66.6320,157.7635,146.0925,75.7147,28.5984,27.4602,79.5869,91.5412,93.1349,14.6750,31.0824,44.3536,22.9288,48.5294,109.2165,164.3369,128.4090,38.0865,96.7770,67.5103,23.9147,57.7746,74.2704,44.1465,9.8181,206.6277,26.6812,73.2889,90.0919,66.7122,126.0056,19.9587,90.1623,102.1843,123.8349,89.7716,66.6029,18.2307,56.7063,113.0515,89.4800,15.9196,31.8736,127.8064,117.1899,60.8928,118.0655,100.6567,57.7070,55.3736,101.3371,90.9915,68.4267,60.1085,14.7244,114.6755,141.7717,88.9196,31.0312,33.7598,27.8184,124.6476,153.8244,69.0393,24.0644,76.1698,26.1973,115.7934,41.3160,40.6210,89.9312,41.9871,93.3249,42.8982,55.5386,72.0555,67.8219,32.3174,106.4680,22.6549,46.9027,42.3915,120.5910,105.5453,39.7961,68.8325,73.6373,41.3037,79.1158,9.9100
98.8266,16.2310,78.4413,56.0220,68.5609,81.0410,94.5952,36.3707,63.3664,75.6559,134.0658,67.7259,86.3439,139.6572,132.3652,33.9301,46.2130,56.3751,45.4511,75.6669,51.3163,18.7352,126.4607,94.8840,20.2420,59.0481,92.5263,79.8985,33.9667,37.1341,53.2415,100.6368,68.3128,69.0800,63.1365,35.4736,17.4205,17.2445,16.7229,59.1338,63.7943,54.8407,23.7440,80.0672,47.9448,14.9162,47.2805,128.3125,34.8789,96.5917,115.5350,59.9253,85.6669,104.8248,74.7363,119.7674,109.1375,22.1820,52.2730,58.0340,74.2380,19.3156,71.8291,39.8837,96.3941,70.4792,45.1048,123.0218,58.4088,84.9232,56.7452,50.4558,61.8483,54.0594,85.1389,24.0106,147.2189,181.2177,97.8405,42.7263,68.9635,68.0441,149.6133,68.3341,90.2194,105.2480,53.9502,23.7752,64.3511,52.4188,43.4612,35.3750,104.9668,98.7643,97.9556,54.1465,68.1360,9.5425,84.4087,99.0773,70.3611,60.7556,0.0000,22.3063,166.0886,85.1550,77.6859,61.0510,123.4089,91.2531,67.5606,87.5423,80.9381,140.0729,83.8500,146.3617,61.6919,39.3685,54.5985,38.7657,15.6473,54.7125,164.2043,73.0349,74.6040,42.8289,89.9191,81.9603,24.9439,19.9539,62.2241,64.0530,168.0029,44.2105,53.6357,31.6320,44.8287,81.3922,77.9715,148.6497,78.7508,116.7872,30.0764,23.2750,44.3127,94.3264,57.2025,41.6577,76.4822,35.2937,74.5234,102.1217,72.3004,59.0325,81.7494,8.6841,15.0667,81.5515,48.5075,123.9649,46.1471,55.5810,54.3108,98.2307,115.9051,54.6128,90.0610,38.1346,71.2835,154.7710,23.8611,46.5893,110.3088,86.8639,136.5208,39.2535,87.0296,127.9758,83.0157,49.2477,20.6302,67.9000,11.3964,56.7846,32.4197,56.9897,80.0395,80.5890,73.6691,82.3838,159.6308,40.9494,95.2617,76.6916,43.5588,134.3171,64.8085
109.2206,22.7767,84.3069,72.9381,84.1838,93.9943,95.6543,40.7458,69.9053,84.4382,143.4136,46.6892,93.9138,148.8633,146.0408,12.3826,63.6869,68.8773,61.4972,77.7367,59.8988,31.7390,135.7118,88.5861,34.8127,74.3764,70.2638,101.6502,44.9847,58.2062,58.7619,115.7073,62.8110,68.3150,59.3181,56.2236,38.0759,24.2029,39.0160,62.3549,84.7165,76.9527,8.0585,96.6362,70.2049,35.0412,44.9196,149.6824,50.2901,93.9518,123.1183,49.2845,97.5652,126.5193,92.3589,136.8445,93.2246,11.1153,44.9583,68.6894,84.7521,18.7258,86.7783,51.7081,102.3614,86.2755,67.4052,126.0422,78.1903,96.5985,72.0105,55.9240,42.9625,48.7879,101.2567,33.0144,159.0051,181.9660,113.4459,63.7225,89.9586,89.7316,170.0364,83.4066,85.3535,116.6440,66.7541,28.6251,84.1804,55.3510,65.3361,57.2098,88.6343,112.1673,108.8614,42.3848,81.2628,18.3142,81.7737,106.7223,48.7112,55.3595,22.3063,0.0000,174.7195,73.5261,65.2055,38.7484,145.7120,110.6756,85.3681,77.9087,80.4271,130.8802,62.1211,147.2527,61.5584,45.9746,34.6341,38.7250,29.2323,75.1988,182.9172,92.5862,80.0890,41.7522,101.1127,78.9744,43.9310,42.0467,42.6918,61.7465,190.1465,31.4790,73.0235,37.9037,63.9376,103.4471,74.9206,145.5139,59.9266,136.1132,48.1617,11.3048,37.1288,75.9208,76.9832,63.8805,69.4289,41.5517,94.9368,122.5199,85.4081,64.9150,102.2801,13.6222,7.3130,102.2137,70.8023,123.1989,63.3480,55.8464,63.8436,120.2613,126.8267,38.4887,88.3630,42.4201,69.2933,173.1630,13.7900,50.4340,118.7194,79.5721,149.8316,50.7455,71.6726,135.5088,87.6445,71.5507,15.0312,46.6712,30.0264,74.4368,23.0613,51.2580,77.4368,87.5753,80.8123,104.6892,144.3847,51.7444,105.5264,92.3831,54.8224,133.8554,62.3636
67.5799,153.7763,90.7106,198.9225,103.6168,87.4418,87.5775,133.9846,224.4527,90.7133,32.1903,182.9035,80.8070,26.5682,51.0120,175.3955,125.4559,210.1053,123.5577,239.6824,115.4478,147.5748,39.6701,115.1345,182.2711,205.5625,211.3876,138.6821,195.3200,143.1266,115.9708,77.7986,124.9471,112.2188,123.8609,142.3912,152.6028,152.2908,162.2056,113.2011,131.3897,165.3498,167.5386,98.1151,160.6776,171.9989,213.3674,207.6968,132.2237,99.5509,51.7151,143.2479,81.6792,138.1020,106.0324,81.2548,162.8711,183.2208,138.8101,108.0546,91.8969,184.5685,99.3466,126.2049,73.1317,102.5507,158.3534,59.6451,125.7695,82.1391,204.2015,118.7992,170.1442,133.2857,92.8407,143.5072,30.9995,64.6070,82.1185,140.1191,183.5848,175.3915,122.6914,102.5275,111.3406,62.5909,112.6591,146.6011,123.1671,217.1806,167.6874,167.2596,164.4788,73.0080,68.8529,148.3745,217.6253,175.2252,106.6195,68.0038,210.9618,129.2320,166.0886,174.7195,0.0000,139.8912,144.4996,195.6475,169.0798,207.3116,111.3448,131.1532,102.5142,126.3631,220.7724,60.9852,116.8254,128.9804,173.5536,136.6824,150.7044,182.2197,101.2729,196.4101,94.9988,208.9086,76.8783,109.2691,144.4147,164.6015,173.0568,119.6439,210.5041,154.3260,126.4358,196.5884,130.7744,172.4161,111.9788,87.3820,230.0735,103.5354,181.9888,184.0153,143.4604,174.4985,187.4837,161.8039,125.4401,133.4350,191.0082,117.4722,95.6610,221.2282,122.5287,169.1607,170.8630,123.9213,155.0465,77.8879,124.9401,121.2751,213.1636,178.8207,51.8297,160.2598,99.9325,132.3000,237.1739,94.4605,185.8804,124.4114,56.0628,122.0372,46.5369,126.8507,156.5202,39.5539,88.3596,157.9014,159.6884,184.3386,173.3547,118.1013,154.6071,222.7771,109.2919,87.1629,93.9080,158.4240,175.9841,125.2279,71.0109,97.4507,122.5379,72.5205,119.4095
93.1093,69.9561,63.6722,141.0827,95.7536,92.2560,53.4022,57.8344,143.4141,73.1111,115.4410,49.9850,73.9519,119.4728,133.6709,64.6389,90.8459,140.6663,85.5310,150.6085,64.9549,74.2307,108.8516,25.5316,104.5610,144.1798,73.6995,138.1462,117.0294,100.7504,56.9350,115.1037,25.5773,39.0132,31.8321,98.1323,88.2957,69.5090,96.9676,50.7604,118.5407,130.7487,66.2490,107.3154,122.7631,99.8088,117.3291,204.5863,80.0203,40.3716,93.3279,25.2325,90.7709,159.0405,108.5935,140.4154,31.0095,84.5179,33.8359,72.6676,78.8688,92.0062,94.9153,71.9101,73.5357,97.6385,119.1241,80.6849,108.0667,89.3974,141.8642,56.8819,39.8987,34.4456,108.7477,68.1658,137.3647,123.5874,115.5497,103.9780,149.1786,145.6527,187.7171,93.3662,28.5559,101.9244,78.2159,64.3518,112.4578,128.7558,122.3473,115.4240,29.5543,106.0717,94.6691,31.4546,152.7933,88.1743,34.8163,81.9563,82.7608,29.7376,85.1550,73.5261,139.8912,0.0000,8.6552,68.4507,187.4509,173.9442,104.6331,8.9076,41.5523,57.8242,88.4831,92.2398,41.4946,60.6868,47.7859,50.9972,75.4297,136.8697,188.9371,155.9922,60.8043,114.7280,90.5485,32.8391,86.5356,101.1841,42.5239,35.2842,236.3571,42.2459,102.9805,111.1037,96.4438,155.3817,31.8964,80.8596,105.1580,150.9754,115.1449,84.5090,41.1746,34.7638,140.3590,118.0445,18.3448,61.0437,155.9404,145.7164,87.7845,138.4377,129.8867,80.1000,76.0562,130.6236,120.1823,67.1615,89.8247,43.8314,136.7962,171.3046,107.8329,36.6249,40.5656,57.0518,140.6038,178.3931,87.0104,53.7948,92.9041,17.8707,135.4076,71.0381,16.6463,102.7897,61.1265,122.4073,65.0389,51.4900,96.5060,97.2550,53.0804,121.3636,33.8080,68.7721,66.3158,150.2818,76.2478,69.5334,90.1733,101.1079,71.0079,76.9361,34.7279
94.4084,62.8809,64.3287,133.7007,93.5751,91.6088,57.1509,52.5062,135.1106,72.9202,118.8495,42.2120,75.0737,123.1320,135.3460,56.0774,86.7154,132.7863,81.5115,142.0804,61.9158,67.8108,111.9957,32.1086,96.8100,136.5970,67.5147,134.1429,109.0589,95.3939,54.0954,114.9606,24.1572,38.7400,29.5048,92.7632,81.8740,62.5442,90.1390,48.7493,114.4907,124.8292,58.0721,105.6013,116.8674,92.4618,108.7859,199.0521,75.1259,45.6195,96.5459,18.0670,90.7334,155.7359,106.2603,140.2262,34.3638,76.1415,27.7062,70.3382,78.2111,83.7739,93.1218,67.5414,75.9876,95.5495,113.2585,85.8930,104.1966,89.3644,134.2679,53.6239,31.5499,29.4680,107.4552,61.9638,140.2649,131.0218,115.0813,98.9304,142.8535,139.6577,186.3907,91.2951,33.6936,103.2821,75.2732,57.7529,108.8699,120.3334,116.0059,108.8785,31.6859,106.4061,95.7538,23.5907,144.9760,80.2690,38.0937,84.1161,74.7257,26.1268,77.6859,65.2055,144.4996,8.6552,0.0000,60.1968,183.3506,167.2840,101.8413,16.0147,43.7193,66.4478,81.0114,99.0238,39.6616,55.9880,39.2214,45.2724,68.7768,130.1912,188.9927,149.2371,61.0460,106.2388,91.0087,35.6702,80.7085,94.3367,34.2569,33.6117,231.9860,34.1580,98.9623,102.9156,91.9558,149.8990,33.7811,88.8332,96.9952,149.5950,107.7494,76.1036,34.3506,32.1385,133.5201,111.9242,19.5950,55.8040,149.4597,143.3020,86.4367,130.1137,126.7288,72.2750,68.0040,127.3892,114.5641,73.7484,85.7262,40.8245,128.6918,166.0399,109.9002,27.9845,44.5765,51.9332,131.9868,178.4512,78.5996,49.7991,95.5485,23.2647,137.3670,66.5967,14.7338,106.6207,62.5775,116.6758,57.3347,43.7277,88.9723,93.8317,45.3705,112.7294,36.1367,69.4511,66.1885,145.4410,82.5090,65.2680,91.2749,99.4482,67.0402,83.8102,33.2149
134.9515,57.9206,106.1532,106.7747,117.0129,123.5431,109.6908,68.3790,93.0305,109.8448,166.3117,19.9608,117.0632,171.3776,174.6406,28.1977,99.0743,98.6857,95.8747,93.9488,87.7494,67.4188,158.7620,91.4375,70.2631,106.6053,31.9007,139.9701,76.4307,96.2776,83.5840,146.8202,71.8930,83.4849,71.9517,94.1268,76.3087,59.0045,77.7445,83.8912,122.4072,115.4691,39.7294,129.9708,108.8812,72.9549,62.6631,187.1287,85.0096,102.3964,144.4444,53.4736,125.7245,164.7304,126.8830,169.8460,74.7571,42.7806,56.8391,97.5994,112.1349,51.4782,118.8139,83.5864,122.7654,119.1891,106.1324,140.6268,115.0086,124.5514,104.3202,81.1937,28.6688,62.3739,133.9737,66.2541,184.7845,190.4452,145.2389,101.6790,127.3011,127.7789,206.7089,115.7235,91.1995,143.2849,97.9362,60.5574,120.9391,76.7182,103.6777,95.5668,69.6138,141.4390,135.2476,47.5480,110.7674,55.7830,91.8507,129.0637,15.3780,66.6320,61.0510,38.7484,195.6475,68.4507,60.1968,0.0000,184.4596,146.0769,120.2630,76.1446,93.9791,124.0443,26.2191,157.3588,78.9529,74.3495,22.4794,62.6522,65.6216,112.2389,217.4202,128.4188,101.9043,62.2784,128.2496,88.9247,81.2206,80.6549,25.9434,76.0469,228.5959,41.6587,109.6225,67.1098,100.5563,141.8529,85.4458,148.9787,36.8555,171.7311,84.2827,41.8902,52.8543,52.6497,113.3467,102.5255,74.2937,70.6374,131.6290,159.4192,115.5930,87.9874,139.4684,52.3678,46.0345,139.5277,109.5505,132.0311,98.5377,75.0482,91.1313,158.6116,152.4492,35.9876,99.0124,69.5103,80.9878,207.3379,43.2813,75.0944,141.3920,82.0208,177.8677,82.4795,58.0575,156.1845,107.5420,110.2820,47.6291,18.7173,67.7521,109.5399,45.1269,61.8462,88.2444,110.5223,104.5972,143.4343,123.9299,82.7670,131.2907,124.9516,85.8404,142.4920,76.3203
123.9897,129.4759,136.0262,96.1280,96.1192,108.1143,159.3397,131.4346,132.1394,124.8970,145.0526,189.2049,132.3222,149.0012,118.0954,156.9384,96.6640,112.8227,101.9361,149.3077,122.9157,120.9103,141.4960,181.6089,118.4932,101.8419,215.7946,49.3116,120.3031,90.4394,130.9818,98.5707,162.3462,151.7542,155.8416,92.9610,109.0934,128.8763,106.7345,138.0115,68.9150,70.0584,145.8383,89.0639,75.8259,112.6355,147.0465,42.0031,108.6455,172.2492,144.2720,166.7000,113.6382,32.9709,83.9626,87.8315,217.6858,143.3909,156.3542,116.7611,118.0376,136.1944,98.8055,115.8093,142.4193,94.8942,78.3803,168.5222,79.4101,114.5599,102.6590,130.6989,180.6473,153.8929,91.2318,124.9399,138.2207,220.2268,94.7465,85.8203,66.3458,61.3758,62.9697,98.7437,174.5371,121.0076,110.1102,130.5258,75.3607,138.6291,82.1787,89.9591,214.9298,108.2554,121.2254,164.3592,109.7564,129.4457,164.8018,136.6054,193.0189,157.7635,123.4089,145.7120,169.0798,187.4509,183.3506,184.4596,0.0000,69.5544,85.3036,184.7382,156.9335,225.4428,206.4741,193.1207,146.9866,127.4189,175.3006,139.0489,121.5920,79.8019,92.6724,74.7195,136.0847,143.1934,117.7639,164.3189,106.2695,104.0259,181.8724,153.0084,49.3485,158.5336,84.4751,129.2795,91.4922,46.0309,162.1830,211.0092,196.9511,65.5834,105.6362,144.4433,151.7052,209.7551,81.9153,82.2444,170.9248,128.0941,67.4824,53.4728,107.1878,133.0397,60.0334,132.0918,138.4382,58.9428,74.9180,183.9580,97.6689,143.7394,122.2227,32.8968,127.5754,170.6673,165.4389,131.7387,157.8718,90.3051,143.9100,133.7125,137.9052,178.5731,122.5497,116.7603,196.9267,151.0703,141.8802,74.2229,139.4680,189.6534,117.8415,90.6360,147.6516,157.7760,162.1902,132.7413,130.2993,41.0345,261.9217,118.0930,123.5147,94.4408,116.4598,190.0111,153.6909
146.2756,104.5648,143.4680,39.8147,108.8617,125.6176,166.1549,117.3598,69.6901,134.5975,177.4258,157.3220,145.2666,182.5744,158.9889,123.0549,94.1680,52.8379,98.9209,84.9395,119.7956,99.7356,171.5101,177.8753,76.2097,42.0975,177.6793,69.3151,70.3564,77.4946,126.4687,129.5255,152.8656,147.8494,146.5901,79.7558,85.7030,104.7956,77.1781,134.2428,77.0033,46.6311,114.5208,110.3032,54.0330,76.4902,92.9183,46.2644,98.3448,174.2784,167.8904,149.2180,132.1651,80.0010,102.4797,131.9855,199.9669,103.6346,140.1114,119.0336,129.0333,94.7073,113.0983,107.7984,156.9746,109.0512,57.5796,186.3166,85.0058,132.4138,43.9652,124.7387,152.8571,140.1485,115.1652,105.9177,179.1339,244.5868,125.1986,76.8659,26.2820,33.0429,127.6213,110.8998,171.7724,147.5824,111.4690,109.6083,85.8157,80.8805,52.0594,58.5435,195.9642,135.4225,143.9598,144.2783,45.1591,92.3713,163.5261,154.6810,149.9035,146.0925,91.2531,110.6756,207.3116,173.9442,167.2840,146.0769,69.5544,0.0000,98.6361,174.5982,157.3490,224.4380,162.4052,212.1248,141.0090,116.3271,145.0943,123.3497,98.5416,37.0932,154.7722,18.2182,141.4479,90.3633,137.3500,161.8791,88.5957,73.0064,152.9909,145.6622,94.0609,135.0582,86.6527,80.1261,87.2185,35.7835,158.4872,222.8031,146.9699,114.3141,62.5191,104.4276,132.9497,185.5396,34.0548,57.1331,161.8057,114.5135,18.6400,95.7285,119.9468,72.1899,85.1198,98.6647,104.6293,83.7616,58.5166,195.4439,95.1631,135.6978,62.7408,37.9959,157.3248,145.8421,167.0432,118.5509,96.2359,149.5811,102.8489,124.5642,161.2365,171.6187,163.9092,108.2079,177.8310,178.2748,149.6011,55.6245,111.7190,157.2323,81.0333,95.8866,123.0960,101.8352,159.6758,142.4875,137.1697,50.4561,249.7859,110.2644,144.0995,112.5602,110.4760,204.1856,146.4604
47.6408,63.0554,51.0817,87.7984,11.2743,27.1117,74.6798,54.2937,116.0449,40.2184,80.0570,118.0981,49.1463,85.4635,68.5161,92.6406,21.6939,100.0163,24.3893,132.5790,39.9280,53.7061,73.5950,96.4660,77.6475,94.5705,147.9316,37.5484,88.8001,34.3183,47.7940,35.8501,79.0741,67.1695,72.8345,34.5416,50.4277,61.7865,57.0768,53.9934,21.8644,54.2804,81.3788,13.9005,49.3329,67.3011,111.5898,111.6853,35.3692,87.0166,69.2663,87.1027,33.6408,54.7757,7.1912,52.2285,135.5335,89.2823,76.9896,32.1325,33.5403,86.6252,14.9684,37.6046,60.3891,10.7547,47.0648,89.0625,14.4255,34.0032,93.3473,48.2493,106.9904,73.2662,19.4552,54.0183,86.4038,146.3016,32.1895,30.0482,73.4321,65.7158,87.2848,13.8176,89.3578,49.5266,26.5715,59.7136,12.9260,111.7137,56.5036,56.9612,133.4171,38.3450,45.3519,86.6771,106.6528,76.9466,79.5722,56.7342,132.9539,75.7147,67.5606,85.3681,111.3448,104.6331,101.8413,120.2630,85.3036,98.6361,0.0000,100.8440,71.6507,140.2135,145.9028,114.8345,63.2286,48.8031,104.3408,61.6951,56.1367,70.8878,97.5860,85.8395,50.8499,106.9010,38.7802,79.2079,42.6214,58.1003,108.9808,69.4189,134.6389,84.1516,15.9035,92.6385,23.1623,66.6007,77.2922,128.8683,145.1307,51.5192,73.6007,90.3358,74.6405,131.2980,76.1515,50.7262,87.1578,51.3008,81.1133,41.6716,22.9394,113.5310,25.6161,74.2107,78.8353,26.5421,43.7037,101.2938,22.0245,61.0505,104.3396,78.1841,59.8400,95.7698,80.1532,53.8403,132.9749,87.7950,91.2563,52.6898,62.6039,93.9990,73.1707,38.7358,116.2355,79.7370,57.1120,46.5714,72.9553,118.9772,70.3967,10.9341,76.0844,122.3780,77.1164,48.3000,45.1565,55.3122,177.3222,39.1065,45.5129,14.0895,36.4472,108.7338,70.0244
86.0143,71.8074,57.2537,143.0465,91.4321,86.6103,45.1330,57.4300,147.4855,67.2512,107.1306,58.1990,67.0927,111.0550,126.2204,69.9705,88.5685,143.6436,83.1790,155.5093,61.8241,75.0238,100.6687,16.6320,107.3835,146.5208,82.5561,135.4593,120.2844,99.8564,53.7565,108.9436,22.5971,33.9396,29.1727,97.2731,88.9503,71.1875,98.1777,46.9100,115.9899,130.4414,70.2977,102.4954,122.4572,101.8761,122.3632,203.5697,78.7381,31.6024,85.1432,28.6371,84.6483,155.5455,104.3371,134.2117,36.6174,89.0079,35.2957,68.7125,73.3363,96.0275,90.2434,70.1128,65.8261,93.2199,118.7942,71.8507,105.3759,83.2800,144.2384,54.1381,47.4768,34.4743,103.5497,68.7285,129.2536,115.0824,109.6406,102.6756,149.3852,145.3967,182.3233,88.9615,19.9208,94.7551,74.8009,65.5413,109.4381,133.2562,122.6757,116.0892,36.1487,99.5909,87.7102,35.5488,155.6028,91.4154,27.0690,74.3740,90.7353,28.5984,87.5423,77.9087,131.1532,8.9076,16.0147,76.1446,184.7382,174.5982,100.8440,0.0000,34.3982,53.0441,96.9202,83.4392,37.7859,59.4614,54.8242,51.2597,76.5539,137.6524,182.4651,156.8390,54.7469,119.5226,84.0518,25.4602,86.3717,102.3973,50.2239,31.7299,233.8723,46.4377,100.4850,114.9253,94.5275,154.4053,25.2904,72.8423,112.9702,145.7016,117.2248,89.0962,43.2389,43.3636,141.3857,118.0738,13.8148,60.4641,156.3604,141.3844,82.7671,142.5836,126.3381,83.2243,79.7160,127.1498,119.5150,58.3046,87.5202,41.2147,140.3219,170.0062,100.2114,42.7523,32.2872,56.4061,146.0538,171.9338,91.6040,51.9230,85.0068,9.4177,127.7887,69.3367,25.3907,94.3270,54.1580,121.8802,68.0638,59.7131,98.9386,94.1592,56.2902,127.0040,26.7673,62.2801,60.4815,148.5174,77.4337,67.6532,83.2248,96.2746,68.7722,68.1564,31.0498
51.6451,65.0334,23.3425,131.4730,61.1245,53.4707,15.8128,44.6960,144.2899,34.0951,75.3986,80.3961,32.7107,79.8853,92.1214,77.4082,64.5941,136.0370,59.3521,155.7046,37.6382,63.6840,68.3959,25.1829,100.9102,136.2876,109.0993,108.4286,114.8144,79.8872,30.9902,74.9334,22.4413,12.1514,22.3103,77.5942,75.4979,63.8357,86.0529,23.3555,89.8571,111.0575,72.4324,70.7297,103.3866,92.7879,124.4033,180.3718,59.1212,16.9315,53.0370,40.8476,50.8037,126.0785,73.8399,100.1035,70.9597,90.8457,37.9023,40.7549,40.6887,95.2987,59.0904,49.6524,32.2716,62.6083,99.7969,46.8966,79.1974,49.4532,134.2133,33.0139,67.6675,32.7714,70.9986,57.4533,96.5591,101.5708,75.9094,81.1263,131.1790,125.7133,149.0171,58.5201,18.0347,60.4218,48.0879,57.2458,82.1336,132.4491,105.8387,100.7911,70.5134,65.3380,53.3133,46.4317,146.9285,87.8639,8.1850,40.5011,109.3572,27.4602,80.9381,80.4271,102.5142,41.5523,43.7193,93.9791,156.9335,157.3490,71.6507,34.3982,0.0000,69.0977,118.5245,66.8256,19.3373,43.0564,71.5886,42.8186,66.2842,121.8632,148.1492,140.6911,21.6317,120.6330,49.8269,8.9694,70.0945,89.9745,70.5904,18.8982,206.2782,53.9388,75.1229,112.0933,71.3776,132.1213,9.9392,67.9745,129.6434,112.6925,107.2245,91.3380,44.2676,75.5959,126.3560,100.3763,24.1305,46.3487,138.7120,110.1558,51.0048,139.8789,97.1627,80.0134,79.0639,98.1526,99.3203,43.1845,63.5282,25.4293,135.0825,146.4148,66.3618,58.1275,9.7189,42.9882,149.0737,137.6276,93.6558,34.9079,51.8297,25.4300,93.9133,49.3430,57.5383,63.6741,19.7648,102.0683,66.4724,81.8367,91.5103,67.2318,57.6679,131.6245,7.7448,28.1924,27.6160,123.9090,106.5866,47.2371,48.8269,64.5989,46.8730,53.7140,18.3913
108.9589,124.0690,89.5089,194.9381,129.3240,118.8084,66.8066,107.5055,200.5291,100.7222,114.0015,104.3754,94.7652,115.6466,141.8091,122.4317,133.4174,196.3759,128.0911,208.3158,106.0865,126.1851,110.2759,46.5630,160.1040,198.7738,120.6712,177.3608,173.1851,147.6411,98.6673,136.1178,72.2641,76.9067,78.1977,145.2002,139.6850,123.3156,149.5101,90.8897,158.9441,178.8564,123.3262,137.4469,170.9995,154.0765,175.0758,249.4049,126.3887,53.1992,97.0577,81.6632,114.4000,193.8999,141.6513,159.3666,55.0298,141.9585,87.8892,109.8511,107.6026,149.0686,126.7607,117.0588,87.0008,130.5853,167.3488,72.6944,148.2928,113.2224,196.5279,100.0681,96.4535,86.1365,136.5980,119.7404,136.8937,84.9323,138.3181,149.4651,198.5965,193.7158,210.5696,126.6995,52.8452,115.9749,117.1680,117.3084,151.1234,186.2281,172.4112,166.4608,59.4614,125.4781,111.4903,88.4959,208.2086,144.3551,61.8020,94.9928,137.1138,79.5869,140.0729,130.8802,126.3631,57.8242,66.4478,124.0443,225.4428,224.4380,140.2135,53.0441,69.0977,0.0000,140.1561,65.9306,83.4946,108.1200,104.9604,102.4221,128.0708,187.9911,203.4738,207.1313,89.3701,172.3717,111.5565,63.0109,135.8980,153.6881,98.7593,78.7970,274.7136,99.4033,144.1953,167.9633,140.0760,200.9274,66.1260,41.5698,159.7570,175.9761,169.3518,142.0135,95.9721,76.7077,192.0742,167.3353,63.6921,110.1498,205.9100,176.6003,118.4104,195.6233,165.4364,136.1427,132.7522,166.5046,167.3480,51.5884,132.3456,88.7420,193.2949,215.4554,116.5977,94.4306,60.1119,106.1714,198.4280,193.4385,144.5211,99.8746,100.5369,53.4034,141.5229,116.5327,66.0491,100.3237,83.8387,169.9719,120.9917,105.7738,151.4429,136.3139,109.2952,179.1759,65.2353,93.1451,95.1450,192.9994,49.6274,114.5532,107.6847,131.6103,114.7908,54.1000,77.9971
160.9982,83.0654,131.9282,122.5908,143.0185,149.7608,134.0315,94.5687,101.8655,135.9421,191.9072,38.9413,142.9200,196.8916,200.8235,53.2815,124.5123,111.7322,121.5497,98.1249,113.9681,92.5587,184.4099,113.0794,89.1201,121.1024,23.6400,163.6824,92.1072,120.3273,109.7477,173.0106,96.1475,108.5806,96.9147,118.3323,100.1956,84.2502,100.1448,109.8298,146.8094,136.6390,64.6787,155.9359,130.6554,93.8695,71.9622,205.5971,110.5502,125.4392,169.8853,77.6802,151.9275,188.5834,152.6260,195.9087,86.7841,63.0832,82.2425,123.8137,138.3286,70.5993,144.9087,109.5828,148.2024,145.1891,128.2221,164.6561,139.9524,150.7493,118.9787,107.3825,51.0994,87.8069,160.0257,91.9169,210.7259,212.0025,171.3896,125.8405,146.2477,147.8091,231.8242,141.7846,113.8271,169.3857,124.0530,86.3311,145.9240,86.0519,124.5823,116.6275,81.7962,167.6560,161.3459,72.4063,122.9738,77.0587,115.6395,154.7496,13.4962,91.5412,83.8500,62.1211,220.7724,88.4831,81.0114,26.2191,206.4741,162.4052,145.9028,96.9202,118.5245,140.1561,0.0000,179.8668,104.4876,100.5370,47.2934,88.8665,90.5135,131.0625,243.2786,145.5401,127.7095,73.2529,154.4083,112.7697,105.8203,102.5418,48.1568,101.1771,248.9205,67.5706,134.6583,82.3060,125.5580,162.4951,109.5384,169.1937,23.9783,197.2518,102.9677,62.0328,78.8129,63.9854,131.3707,124.2344,97.3718,96.7772,149.6695,184.3801,141.7936,97.2211,164.2409,75.3485,69.3614,164.2193,131.9790,154.5200,124.0289,100.8677,102.9011,178.9938,178.4415,60.5128,122.7514,95.7174,83.6175,233.2550,62.6582,101.2850,167.0597,103.9613,204.0183,108.4851,75.1113,181.4432,133.0380,132.3735,72.9701,37.4283,88.6484,135.0949,71.3058,66.9865,112.3187,136.3948,130.5881,165.5150,131.1329,108.8407,157.3500,151.0046,111.9283,164.7331,101.3845
69.3808,130.9703,70.2360,192.5344,103.8970,87.9556,51.9215,110.0861,209.5222,77.7550,56.2280,140.9302,66.8748,55.8012,87.5207,143.8163,118.7907,199.4565,114.6701,221.8288,97.2309,128.1779,55.7143,66.9332,165.7652,198.1254,165.9154,150.9432,179.7095,136.7915,93.4361,94.8655,86.5091,78.9489,88.4746,135.0525,138.1047,129.6725,148.7776,87.2288,136.6130,165.8451,139.2548,106.0328,159.1151,156.7945,191.0477,225.3796,118.9108,55.0503,48.9610,104.2889,81.5999,160.1500,112.8624,112.3889,108.7915,157.6322,103.8781,94.6693,83.0948,161.7936,99.8915,110.1528,55.1555,104.0892,155.8918,25.8349,127.4627,81.0342,196.2500,96.1138,129.1847,99.1392,102.7280,122.3883,76.8554,34.8816,98.4867,136.0829,186.0789,179.1327,162.7262,101.6476,66.1959,72.2613,101.8482,123.1256,127.6952,198.5304,163.7225,160.3828,111.4167,84.8826,72.1072,110.8787,209.4775,153.9375,66.3817,58.1494,172.5184,93.1349,146.3617,147.2527,60.9852,92.2398,99.0238,157.3588,193.1207,212.1248,114.8345,83.4392,66.8256,65.9306,179.8668,0.0000,85.8861,107.1398,135.0021,109.3220,131.0544,179.8174,149.0972,197.3868,73.2686,187.1789,76.7651,69.3183,131.2773,152.2979,132.0901,85.5931,240.2325,119.7629,125.4769,177.9111,125.5928,181.4182,73.1914,26.5615,193.9773,133.0502,170.1897,158.1410,110.8262,124.5459,184.7984,157.7940,83.0688,111.0832,193.8635,139.9583,92.4350,205.3376,135.7801,146.3153,145.7434,137.1188,154.0730,25.3621,117.8852,91.8314,199.6593,192.5540,67.3844,121.6331,59.3751,108.3009,215.7288,140.0370,160.4426,99.7918,55.2217,75.9103,85.6638,110.2700,107.8498,44.8072,64.6042,157.0453,133.2014,142.4450,156.2828,116.2516,124.4468,198.4375,70.4801,70.1720,76.2325,169.8476,115.3907,108.1757,70.3874,101.9394,106.6152,15.3377,85.0172
57.7964,45.7183,27.7192,113.2786,54.2712,52.1701,34.1074,25.6695,125.0107,34.1594,87.4221,68.0488,38.8781,92.4403,98.7360,59.5695,51.2113,117.1414,45.7999,136.3713,24.0883,44.8256,79.9249,36.9739,81.7482,117.8303,98.1109,97.7373,95.6187,64.2094,16.0532,75.7993,15.9284,7.4112,10.1941,61.7405,57.2863,44.5389,67.6517,9.2662,78.3441,95.3863,53.6489,66.0241,87.5121,73.8859,105.1825,167.0216,42.9175,35.0835,65.4917,29.0710,51.8688,117.8282,67.0998,100.9404,72.4866,71.7737,22.2590,31.1821,38.8511,76.0087,53.5673,33.6716,43.8159,56.1756,83.8586,64.6225,67.6883,50.5225,115.7066,16.8383,55.2162,16.6966,67.7938,38.4776,106.6376,120.7136,75.6705,66.3234,115.1074,110.2743,146.7426,51.9047,30.7684,66.5591,37.0230,37.9537,71.6603,113.1127,89.0511,83.4166,70.6769,67.8388,58.6413,32.5233,128.2304,68.5272,23.1696,50.2947,94.2066,14.6750,61.6919,61.5584,116.8254,41.4946,39.6616,78.9529,146.9866,141.0090,63.2286,37.7859,19.3373,83.4946,104.4876,85.8861,0.0000,24.9278,57.2193,23.5030,47.2929,104.8131,149.8013,123.8702,23.6719,101.3661,52.8478,21.1083,52.6671,71.6834,57.9783,6.2104,196.1678,37.5007,62.9069,92.7647,57.4776,118.0846,17.5086,86.9988,113.3696,109.9488,88.5709,72.3057,26.7598,71.0558,109.0805,83.8803,24.0001,27.6608,122.4491,104.2226,46.7751,120.5742,88.6280,60.6826,59.8606,89.4159,83.9546,62.5188,50.1475,6.1121,115.9223,133.2258,74.6952,44.3910,28.3849,24.0336,129.8617,139.2787,74.5832,16.5847,62.5853,31.9442,101.3493,33.0890,54.3824,77.2993,28.5896,86.5345,47.3184,69.3669,72.3931,56.3792,39.2048,112.6072,18.9785,32.5082,27.7388,111.3337,114.9924,31.1594,54.3238,59.8465,31.7195,73.0262,6.7958
63.2908,25.0190,39.4148,88.5070,43.3788,49.3912,55.6175,5.9714,102.3828,38.4737,97.4921,69.7264,48.2508,102.9688,101.1199,48.8641,30.9747,93.1264,26.0047,115.0323,14.0164,21.0491,89.7930,61.5633,58.6402,93.2377,99.9390,78.3151,72.5910,40.3996,13.8860,72.4737,37.0321,32.1198,30.5515,37.8246,32.4875,23.5683,43.0002,20.1201,58.6767,71.2014,39.3180,56.4087,63.2478,49.9703,85.6306,144.1425,19.3497,59.6169,77.5888,39.4326,52.1992,100.6490,54.5762,95.7364,90.3512,54.2583,29.0780,23.4453,39.0032,56.2977,44.7166,11.7591,57.5268,45.5603,59.5800,83.6555,48.6281,51.1390,91.1581,11.0872,58.2751,26.5254,59.9910,15.3740,113.2052,141.9574,70.9242,43.3261,90.5981,86.1540,135.9708,41.8041,55.6165,70.8924,23.8616,17.6242,53.6865,91.7693,64.2912,58.5055,87.5126,67.4782,63.0243,38.0910,103.8929,47.5536,47.9976,61.1025,88.3921,31.0824,39.3685,45.9746,128.9804,60.6868,55.9880,74.3495,127.4189,116.3271,48.8031,59.4614,43.0564,108.1200,100.5370,107.1398,24.9278,0.0000,56.2709,12.9030,23.9186,79.9458,143.8631,99.0443,35.4272,81.4205,55.4084,46.0296,27.7979,46.9483,60.3602,29.3357,175.9984,35.5704,43.2523,71.0002,35.9695,94.9580,42.4147,110.9794,104.1501,99.7406,64.1901,55.0401,25.8510,83.2935,84.1692,59.2702,46.0358,4.4547,97.8303,90.2680,41.2688,98.2144,72.1447,40.6429,41.8892,72.6433,60.0944,85.3505,30.0359,19.3826,92.6528,110.6895,80.9292,46.9917,52.6318,5.0842,110.0975,133.6144,56.9412,8.3438,72.9208,55.4701,104.6663,10.7295,69.5417,90.0395,43.7111,62.5180,31.0212,70.6950,49.1598,39.2848,29.2315,94.3361,43.8831,42.0963,35.2093,89.6104,136.6254,9.7922,59.5901,51.0092,12.3665,95.5043,30.1336
114.1665,45.8280,84.7566,107.5700,99.6438,104.2985,87.2623,50.4201,101.3563,89.3153,144.6256,14.0326,95.8103,149.5993,154.4574,22.4735,84.1798,102.8235,80.2337,105.8584,68.7241,54.6515,137.1428,69.5122,69.4458,108.8735,43.6816,128.4514,79.0966,85.0622,63.5845,127.9810,49.4275,61.3353,49.7094,82.6345,66.3363,46.4739,70.7157,62.9082,109.7546,108.8700,30.8588,112.6765,101.5243,68.8330,72.7499,182.8705,70.1353,79.9922,122.5920,30.9944,105.8724,152.6165,110.5191,151.8308,60.5131,43.6257,34.9627,78.6772,92.2275,52.5047,100.9220,66.7910,100.9090,101.8266,98.3394,118.1643,101.1996,104.6389,106.5105,61.4523,9.1300,40.5274,116.2127,51.6588,163.6590,168.2935,126.7778,90.0464,123.5434,122.5229,191.5868,98.0659,68.9175,122.6899,80.1238,45.7926,106.9196,85.5974,97.8896,89.8707,55.6246,121.8186,114.6568,25.2076,115.2247,52.7992,69.3721,107.5063,37.8283,44.3536,54.5985,34.6341,173.5536,47.7859,39.2214,22.4794,175.3006,145.0943,104.3408,54.8242,71.5886,104.9604,47.2934,135.0021,57.2193,56.2709,0.0000,43.6700,53.7347,109.1130,200.1192,126.9400,80.5691,70.9752,107.9904,66.4455,69.2792,74.3673,8.1323,53.9161,221.4937,21.0892,95.6768,71.1244,86.9067,135.3942,62.9729,127.3968,58.9887,155.7247,82.6584,43.1841,32.1919,41.5377,111.2241,95.4980,51.9434,53.1827,128.9279,144.9881,96.7931,96.2408,125.7025,46.5782,40.4764,125.9503,101.0642,109.7036,83.4819,53.8051,96.9122,152.2200,131.4756,13.5107,76.5340,51.2114,94.5824,189.8453,45.4305,55.4447,119.8040,60.0326,157.4623,65.6583,40.4741,134.1763,85.7494,102.3515,35.9281,14.7251,64.0982,94.0613,28.5462,75.1059,65.7713,89.3114,83.6984,134.7379,111.5516,65.5199,110.5560,107.2555,68.4324,120.2107,54.1442
72.9123,22.5660,45.9833,92.5238,56.1402,60.9633,57.4403,7.6877,101.8202,47.7115,105.8923,56.9507,56.1341,111.2245,112.0437,38.8854,43.2714,94.8995,38.5454,112.8936,25.1886,23.8464,98.2103,56.4950,58.9909,96.5103,87.2648,90.2312,72.7137,50.1405,21.2651,84.4627,30.1614,30.7260,24.5277,47.5086,37.6936,21.5265,47.1427,23.6924,70.6849,79.7563,31.0994,69.1496,71.7731,51.9245,81.7262,153.7966,30.4046,57.9400,84.9704,27.7910,63.0879,113.0427,67.4722,108.1622,79.4561,48.5333,17.5960,35.1190,49.5312,52.5093,57.2740,24.3532,63.8734,58.3156,68.1393,87.4392,60.9323,61.9284,94.2990,18.6859,45.3821,16.7993,72.5662,17.4822,122.9659,144.1734,83.1485,53.8371,98.2828,94.6556,148.8733,54.4730,51.5345,80.9936,36.5568,15.1088,66.1811,89.6518,71.4987,64.8301,76.2841,78.7916,72.9888,25.5324,106.3647,45.1187,45.7083,68.7669,77.1428,22.9288,38.7657,38.7250,136.6824,50.9972,45.2724,62.6522,139.0489,123.3497,61.6951,51.2597,42.8186,102.4221,88.8665,109.3220,23.5030,12.9030,43.6700,0.0000,25.6498,86.3933,156.4865,105.5811,41.7080,77.8761,65.7613,43.2139,35.5474,51.3428,47.4972,25.2975,187.2611,22.7693,55.4707,69.4092,47.6452,104.6304,39.2123,110.0431,94.1559,112.6200,67.0656,49.1242,13.0438,70.9591,90.1629,67.0718,38.8354,11.0007,105.1645,103.1042,53.2221,97.3037,84.7727,37.2019,36.4564,85.2248,69.3149,86.0010,42.3926,17.4921,93.0655,120.7797,90.5557,34.0887,51.5895,7.8578,106.4072,146.1921,51.3343,12.6280,80.9701,49.0243,115.3602,23.2554,58.0666,97.2608,48.9907,71.4723,24.0457,57.9544,49.8283,52.0487,18.1986,89.3669,41.3246,49.6453,43.1449,100.4004,127.2400,22.6134,69.2140,63.6323,25.2692,96.5256,26.0479
83.6504,7.9443,62.8030,66.8750,55.3796,66.5602,79.4466,21.6281,78.4735,60.1304,118.7599,67.6942,70.7379,124.3349,118.3492,37.4496,34.4550,69.8501,32.4226,91.2387,35.6867,3.1299,111.1257,82.0729,34.7686,70.9444,95.4689,74.9874,48.7199,31.3674,37.7291,87.2417,55.8112,54.7013,50.0767,28.9967,13.3762,7.2929,21.6255,43.9153,56.8701,56.9587,25.9223,67.5964,49.1787,26.6057,62.7276,131.6152,21.2555,82.3742,99.9712,50.7124,70.8394,99.4811,63.1403,107.7561,101.9702,34.1460,41.6259,42.7102,58.9888,33.9450,58.2511,24.6221,80.7469,57.4222,45.7343,107.4927,49.4590,70.0244,68.7567,34.9820,59.2239,42.1633,72.3553,8.8315,132.5257,165.8759,84.7560,36.4941,74.1744,71.4813,141.3120,54.8085,76.8886,90.3444,39.2073,11.0794,55.4205,68.0239,47.3654,40.1044,98.2460,84.5420,82.8976,46.1323,81.0374,24.5228,70.3531,83.4964,77.3110,48.5294,15.6473,29.2323,150.7044,75.4297,68.7768,65.6216,121.5920,98.5416,56.1367,76.5539,66.2842,128.0708,90.5135,131.0544,47.2929,23.9186,53.7347,25.6498,0.0000,61.4532,153.6889,80.5626,58.9874,58.3441,74.9062,68.0674,15.7342,25.8466,60.3238,50.3443,168.2195,38.0371,44.1450,47.2067,35.0454,83.0090,64.1790,134.2256,89.0550,106.9891,41.5213,35.1227,34.4266,89.8822,64.9499,43.6998,64.4489,20.0565,80.6895,93.8959,57.8305,74.2963,73.8590,19.0840,22.8301,73.9071,47.9188,109.0418,34.1198,41.2416,68.8749,99.6693,100.9026,49.8794,75.6305,23.3039,86.8837,143.9317,36.4823,31.5112,94.8231,74.6703,122.3577,23.8973,79.9352,112.4216,67.4337,49.5366,18.2494,68.2088,25.3039,45.2048,26.4248,72.1083,66.0476,64.9495,58.0276,81.1994,151.2846,25.4767,80.0460,63.5919,28.2152,119.2874,51.1284
117.3607,67.5138,109.9567,19.3464,79.4842,96.3912,131.7702,80.6051,54.9134,102.1343,150.8863,121.8218,113.2404,156.3246,137.3596,87.5341,61.0637,35.5588,65.1854,72.6953,84.7308,62.6942,144.2627,141.4697,42.1424,26.3733,144.1266,53.6967,40.8715,43.0771,90.8732,105.5001,116.1071,111.8312,109.9163,44.9760,48.7035,67.7192,40.1086,98.5546,51.7483,17.6949,78.3061,84.2090,21.5971,40.2945,67.3198,74.9050,62.7879,138.7667,138.3680,112.1250,102.8024,74.2062,76.3437,114.2575,162.9620,69.4639,103.0426,85.3334,97.2970,60.9702,83.8442,72.2371,124.9246,80.2002,24.2964,154.2607,56.4639,102.7871,26.0911,88.9341,116.5518,103.1817,89.6118,68.9281,156.4146,213.2990,101.3879,43.9421,15.1866,18.4447,124.5431,81.0739,135.5555,120.2452,78.0045,72.5240,59.2869,59.0747,16.1781,21.5823,159.0123,109.2118,115.3568,107.2208,37.8133,56.9799,127.6414,123.8404,117.9764,109.2165,54.7125,75.1988,182.2197,136.8697,130.1912,112.2389,79.8019,37.0932,70.8878,137.6524,121.8632,187.9911,131.0625,179.8174,104.8131,79.9458,109.1130,86.3933,61.4532,0.0000,147.2672,19.1925,107.4831,63.5971,108.0089,125.8430,52.1525,35.9578,116.8614,109.2092,118.1734,98.1267,56.3347,50.2748,54.3698,33.7712,122.3216,188.4939,118.7189,101.3501,28.1416,70.3751,95.8567,148.9977,5.2640,22.0304,125.0040,77.8608,19.8200,82.6474,89.4763,54.7479,65.9625,62.5362,68.7219,64.8844,27.1936,161.5008,61.9482,99.3177,43.8195,48.9462,130.6925,109.1026,131.5820,81.8665,79.1530,140.0060,69.1667,88.2586,131.9082,134.9290,142.2152,72.5206,140.8334,149.6448,115.9293,24.3186,74.9466,121.8521,45.1805,65.3040,86.1557,77.9783,123.6631,109.6489,103.7751,42.7717,212.6946,74.6306,114.6905,84.8758,75.2137,170.7338,110.0100
97.1683,160.6321,125.2944,166.6041,100.5583,97.6736,141.0840,149.7581,201.4125,116.0762,92.8888,213.3966,115.4610,93.5755,62.1822,190.1017,119.2367,182.5492,121.7987,219.1342,131.7642,151.2911,94.4883,171.6406,170.6738,173.5827,243.7512,93.7015,179.1103,127.9284,138.0030,74.0420,164.8405,150.3155,159.9480,129.1324,146.7917,159.3496,151.3858,141.2805,102.4893,130.4508,178.9223,87.5355,130.8137,161.0657,204.6843,134.5666,132.9114,156.8763,106.4748,178.0445,98.2765,75.1706,90.7109,48.8787,219.0781,186.2756,168.9766,121.9020,110.9503,182.6865,99.2135,133.8809,119.0190,98.3737,130.8116,131.8812,105.9052,99.6481,173.3549,139.6259,201.4465,164.1820,83.9221,151.3851,73.7404,164.3483,74.2213,122.4875,140.0646,131.9537,30.1629,102.0590,165.0123,88.9223,120.0019,156.9479,100.0541,201.6392,139.5378,144.0879,218.3822,82.8904,95.1541,179.4834,184.5089,173.2820,155.9190,110.3493,230.4469,164.3369,164.2043,182.9172,101.2729,188.9371,188.9927,217.4202,92.6724,154.7722,97.5860,182.4651,148.1492,203.4738,243.2786,149.0972,149.8013,143.8631,200.1192,156.4865,153.6889,147.2672,0.0000,152.4036,128.1649,200.0689,98.4306,157.1185,139.5639,151.1852,203.7597,155.5798,120.1989,179.2379,110.5686,185.1820,119.4459,120.8507,157.2523,173.9026,242.5296,47.7857,162.7159,187.3515,168.7057,220.8112,151.6614,135.6518,170.6423,147.1573,145.0855,65.1494,104.0247,200.3476,84.4947,171.3926,176.2806,85.1331,126.2083,152.5746,119.6057,150.2736,189.7678,117.5161,86.8901,190.0123,152.5106,148.9113,223.0737,10.5458,188.0647,145.3138,103.0436,173.5746,63.4873,134.9975,203.6739,105.2667,128.4112,127.8242,170.4470,214.4284,165.0764,108.5015,172.6140,215.8697,155.7033,120.2217,122.8274,106.9999,250.0346,134.8542,99.5654,92.8638,131.8472,153.4986,155.8998
133.2127,86.4471,127.9559,23.7597,95.3616,112.3000,150.1760,99.7873,57.9432,119.6365,165.6951,139.2617,130.5699,171.0087,149.6673,104.9688,78.7003,39.2166,83.1523,74.7384,103.3527,81.8600,159.3961,160.5944,58.3047,27.9927,160.1408,61.5645,53.4901,61.2508,109.7142,118.8291,135.2934,130.8366,129.0907,63.3418,67.8887,86.7097,59.0989,117.4377,65.0266,31.7890,96.3253,98.4290,38.2805,58.2795,77.6218,60.5804,81.5699,157.6144,154.5827,131.1769,118.8116,77.3742,90.5045,124.4077,181.8000,85.8096,122.1771,103.3582,114.4396,76.9570,99.6900,91.0391,142.2935,95.8132,41.5868,171.6857,71.6568,118.9265,29.3088,107.8502,134.6608,122.3665,103.6002,88.1117,169.3554,230.4505,114.5748,61.3452,13.1135,21.6321,127.1841,97.1911,154.6298,135.3318,95.8959,91.6405,73.4244,66.7304,34.8691,40.7741,177.7765,123.6781,131.0476,126.1560,35.0427,74.2728,146.6113,140.6418,132.8227,128.4090,73.0349,92.5862,196.4101,155.9922,149.2371,128.4188,74.7195,18.2182,85.8395,156.8390,140.6911,207.1313,145.5401,197.3868,123.8702,99.0443,126.9400,105.5811,80.5626,19.1925,152.4036,0.0000,125.6771,74.6346,124.0311,144.8605,71.2472,54.9078,134.8167,128.3382,106.7081,116.8709,72.4855,63.3025,71.8307,31.8956,141.3770,206.9134,131.1270,108.8709,44.4772,86.6328,114.9283,167.3257,15.8398,40.3570,144.1944,97.0252,7.5104,89.9291,105.9672,59.4593,76.1813,80.4714,86.4659,74.9237,43.3611,179.7529,79.6449,118.4249,49.0743,41.8558,145.4747,127.6260,150.4074,101.0379,84.2332,146.1558,85.1401,107.3399,148.0113,154.1083,154.5801,91.3726,159.6624,165.4626,134.0103,40.3782,93.5082,139.1975,62.8549,81.6865,104.9136,87.2754,142.6724,127.3442,121.7090,45.4169,231.7192,93.4651,130.7735,99.9258,93.8998,188.7884,129.1386
34.1686,60.3745,4.2992,119.3850,39.9839,31.9967,24.8456,39.6847,136.9989,12.5663,64.5739,91.6959,15.2515,69.7873,75.1946,80.4094,47.3005,126.2526,42.5625,150.2196,24.0223,55.9602,56.9554,46.8078,93.2496,124.8867,121.7820,88.1492,107.1147,64.4674,21.6397,54.3072,37.0456,22.3247,33.0374,62.5071,64.9396,58.9457,75.5838,18.2508,70.2706,94.8171,72.6995,49.1203,87.5564,83.9014,121.0500,161.2574,45.6763,36.1709,43.2845,52.6439,29.9739,104.8146,52.5018,79.6159,91.2756,89.1942,45.7351,22.4181,19.0579,91.6927,37.6564,36.9016,22.2863,41.3272,84.1315,48.7488,59.8294,28.6010,122.9952,24.5084,78.8764,40.2165,49.3922,50.7391,83.0975,107.7372,54.8955,64.5847,115.1690,108.9717,127.7104,37.3605,39.6645,42.9770,30.0077,52.7575,62.0818,127.0108,91.3066,87.4254,90.3155,45.3876,35.1381,56.1523,136.2093,82.9717,29.8130,27.2769,117.0059,38.0865,74.6040,80.0890,94.9988,60.8043,61.0460,101.9043,136.0847,141.4479,50.8499,54.7469,21.6317,89.3701,127.7095,73.2686,23.6719,35.4272,80.5691,41.7080,58.9874,107.4831,128.1649,125.6771,0.0000,116.8476,29.9630,30.1722,58.0088,79.0490,81.6242,28.4712,185.3813,60.2461,56.3722,106.1932,54.2553,113.8687,29.4842,81.3553,135.3193,91.2382,96.9716,89.9058,49.0898,93.1117,112.3142,85.5031,42.4842,39.7596,122.8789,88.5626,29.4584,133.0190,76.1137,76.0213,76.8334,77.1610,82.9322,54.0762,46.2938,26.8579,126.7913,127.3592,51.0406,67.9660,29.3947,37.9235,145.5237,117.6192,91.9356,29.6633,39.5940,46.3744,77.7159,37.0582,75.6330,55.5528,8.6683,85.8270,65.1085,93.0026,83.8037,47.7906,59.6184,129.6238,28.3899,8.8370,5.9873,104.5903,128.2121,34.9885,30.7548,43.0137,33.3469,63.2766,28.6107
141.5736,56.5770,120.8108,50.9444,109.7579,123.3193,135.2670,77.5360,30.8594,118.4623,176.8619,78.8902,129.0666,182.4591,173.9130,50.2856,86.8159,38.5410,87.0711,35.9979,93.9982,61.4671,169.2694,130.2989,29.5189,48.3988,91.4824,109.0254,22.9158,73.1175,95.2550,141.6358,104.3174,108.4925,100.4154,72.4831,57.4738,57.9683,49.8312,100.4155,97.5819,74.6607,49.6528,120.2686,71.3466,39.6441,4.6896,135.2081,77.1636,135.0137,158.3153,90.9511,128.2052,132.9637,114.0351,158.6747,131.4883,30.6511,86.5716,100.8567,117.0341,25.3903,113.3613,82.7076,138.8790,111.5157,70.3970,164.7234,95.3286,127.5147,46.4235,92.4052,80.0926,90.0927,125.6117,66.1564,189.5087,222.0418,138.4926,78.2282,78.1271,81.8870,181.6882,109.8666,126.8826,147.8031,96.5542,64.3533,100.8147,14.6918,63.1468,56.9064,126.5886,140.7062,140.6331,83.9753,49.7594,33.9187,122.7550,141.8385,61.7921,96.7770,42.8289,41.7522,208.9086,114.7280,106.2388,62.2784,143.1934,90.3633,106.9010,119.5226,120.6330,172.3717,73.2529,187.1789,101.3661,81.4205,70.9752,77.8761,58.3441,63.5971,200.0689,74.6346,116.8476,0.0000,132.5783,120.0372,65.7970,49.2243,78.8485,102.4143,180.8326,73.1057,91.5512,14.9414,83.7657,97.2466,115.9688,186.8792,56.6167,152.3021,38.6384,30.4695,78.6066,111.6651,62.3721,65.5706,111.1517,77.1109,79.8785,135.5178,114.6182,25.7700,115.6198,40.9850,41.6363,115.0529,74.9622,163.7657,86.9748,95.3662,29.6928,112.4655,158.5223,78.6102,129.0885,79.3323,28.6888,191.3238,27.9693,87.8694,153.1324,121.3204,178.2322,82.0824,110.9770,170.7652,125.0714,74.0048,54.2670,78.2154,36.6634,96.7254,64.5198,15.8036,118.3736,123.2042,116.2771,104.2112,182.4779,83.7661,138.0310,117.6624,86.3873,174.3404,103.0868
9.4713,78.9818,26.8772,123.4547,28.6700,11.7464,45.1255,61.0969,147.6206,18.8129,44.6899,119.9955,17.4688,50.3111,46.4704,104.1209,48.8544,133.7068,46.6945,162.8117,41.3943,71.8057,37.3533,74.0211,105.4520,129.8543,150.3775,74.1781,118.4425,66.9143,44.6656,25.2991,66.9859,52.2830,62.6821,65.9456,75.7964,77.4876,85.3273,45.3983,60.6197,92.2618,94.7081,29.3168,86.4901,95.1450,137.1115,148.6384,55.5181,60.3900,30.5744,81.8729,5.2206,84.9954,36.1360,50.2966,120.6692,108.4742,73.9928,32.4809,16.4051,108.8280,24.3449,50.3002,25.0438,28.3095,83.7288,51.3109,52.4591,5.3214,128.3439,47.0969,107.3456,68.6831,26.5326,68.5267,57.8985,107.5640,26.9002,64.5170,111.9014,104.3633,100.0220,26.9392,67.1446,15.5357,36.0260,72.4882,51.6939,140.3883,92.6320,91.2805,119.9569,15.5412,8.0663,84.6263,141.8278,99.2616,57.7477,18.9112,142.8911,67.5103,89.9191,101.1127,76.8783,90.5485,91.0087,128.2496,117.7639,137.3500,38.7802,84.0518,49.8269,111.5565,154.4083,76.7651,52.8478,55.4084,107.9904,65.7613,74.9062,108.0089,98.4306,124.0311,29.9630,132.5783,0.0000,58.7833,67.5694,87.7539,109.9719,58.1611,166.1035,87.0408,51.7165,119.8895,54.6112,105.1801,58.8218,93.2453,159.4900,64.5335,105.2587,109.3597,75.8254,123.0687,113.2245,86.6347,72.3012,59.7239,119.6362,66.0086,18.9585,144.3561,59.1521,93.8149,96.3304,60.4680,81.0253,66.3265,48.2671,54.6716,136.4033,115.8184,25.9993,96.1168,55.0726,59.6479,160.5981,87.8934,111.0006,53.1925,23.9802,75.2475,49.6201,51.0841,105.5820,41.6461,30.2325,83.9925,86.3174,121.2237,96.6355,42.7131,83.8406,146.8887,57.3067,21.7919,25.1225,93.1815,154.4987,49.7249,6.7537,25.2812,46.7954,72.3012,58.3726
60.5549,65.7793,32.1916,134.3489,68.9693,62.1503,21.6918,46.5435,144.9858,42.7258,83.1829,74.1775,41.6774,87.4700,100.8816,74.6319,70.4923,137.8648,65.1382,155.5646,43.1022,65.7213,76.3727,17.2931,102.1588,138.8257,102.1259,115.5005,115.9209,84.7399,35.6700,83.8548,17.2311,14.0309,19.6613,82.3363,78.3803,64.7160,88.7019,27.8827,96.5981,115.9799,70.9162,79.0477,108.1734,94.6660,123.5933,186.5617,63.5777,14.9867,60.8972,35.4541,59.6751,133.8649,81.7951,109.0475,61.9952,89.7408,34.6589,47.6308,49.1787,94.9327,67.1869,54.1745,40.7088,70.5539,104.5382,51.8865,85.8923,58.3188,136.6837,37.1781,61.6795,30.2274,79.5418,59.3094,104.7461,103.5557,84.7690,86.4587,135.8732,130.7926,157.8039,66.3930,10.3079,69.3047,54.6523,58.2109,89.1795,132.4430,110.0103,104.4902,61.5990,74.3006,62.2564,41.7387,149.1001,88.1548,2.9484,49.1197,104.2571,23.9147,81.9603,78.9744,109.2691,32.8391,35.6702,88.9247,164.3189,161.8791,79.2079,25.4602,8.9694,63.0109,112.7697,69.3183,21.1083,46.0296,66.4455,43.2139,68.0674,125.8430,157.1185,144.8605,30.1722,120.0372,58.7833,0.0000,73.7230,92.7551,64.6220,17.9179,213.6615,50.4545,81.5447,112.4682,77.0960,137.9461,4.0684,66.9651,125.1543,121.3964,109.5010,90.1341,41.9620,67.2004,130.1506,104.7517,16.2190,48.7086,143.2843,118.3951,59.2560,140.4202,104.8078,80.0854,78.4265,105.7499,104.4005,44.5128,69.4194,26.9385,136.2700,152.6404,74.9956,52.9420,10.0992,44.9772,148.1629,146.5966,92.5337,37.6859,60.1430,16.4650,102.5726,53.7048,49.0646,71.0040,28.7283,107.0573,65.8088,75.6527,92.9127,74.0701,55.9240,130.1953,2.2244,37.1059,36.1085,130.3516,98.3680,51.6819,57.7739,72.8736,51.8014,55.2016,17.1764
76.8365,23.6587,61.1835,61.6889,44.0544,57.7252,81.1436,28.9418,80.5060,55.8076,112.2274,83.2792,67.0407,117.8495,108.1628,53.0232,21.3474,68.3814,21.2961,95.2807,34.1152,14.6580,104.7874,89.3508,37.8900,66.9563,111.2030,59.2734,50.9792,15.8338,39.2435,76.0773,64.3425,59.7325,58.0137,13.3594,8.3340,22.8539,18.0368,46.7413,41.1915,44.2133,41.4918,55.2051,36.2276,27.5850,70.4353,118.3780,12.6125,86.9113,95.2948,62.9101,62.9332,83.7476,49.7938,94.8235,114.6721,46.7585,53.0088,37.7080,52.9489,44.1066,47.5751,21.1709,78.0985,45.8844,32.5918,106.5194,34.2641,62.3619,65.0252,37.0822,74.3780,52.1812,60.3528,19.0974,123.8078,165.6823,73.1335,20.7905,63.0539,59.1291,126.1105,44.0775,83.4031,82.4650,31.9163,24.3768,40.2551,72.8358,36.5371,30.7757,111.2643,74.9200,75.6257,59.3198,78.2022,34.3767,75.5799,79.2220,92.5111,57.7746,24.9439,43.9310,144.4147,86.5356,80.7085,81.2206,106.2695,88.5957,42.6214,86.3717,70.0945,135.8980,105.8203,131.2773,52.6671,27.7979,69.2792,35.5474,15.7342,52.1525,139.5639,71.2472,58.0088,65.7970,67.5694,73.7230,0.0000,21.1383,75.6360,57.1011,153.4031,52.4481,29.1640,52.4749,20.1425,69.3022,70.1742,137.5101,103.0044,92.3923,39.1225,47.8253,46.8954,104.1408,56.4294,31.7120,73.3173,25.9698,70.1627,78.6051,49.1074,77.0041,58.4208,31.8331,36.9662,58.4073,33.9193,111.0941,21.3635,47.1777,69.6689,85.6756,93.2693,64.5284,79.7908,30.0252,93.2756,130.0209,48.6635,36.1062,89.5378,83.0374,112.4491,21.1714,92.9348,107.5338,66.6745,35.9688,33.9836,83.8318,29.2770,31.8454,41.3823,80.8128,71.5527,62.1176,55.4953,66.2579,162.7826,23.3060,73.4484,52.0776,24.6622,120.8316,57.9009
97.1410,31.5603,82.2898,41.5954,62.2412,77.3241,101.7810,46.3722,59.8684,76.8610,132.4278,87.6333,88.1212,138.0452,126.0680,53.8706,39.4187,47.2486,41.0616,75.3533,55.0686,27.5113,125.0993,107.4590,19.7169,46.3344,112.3034,62.5807,31.0268,23.9534,59.5952,93.4764,81.4440,78.9898,75.5242,23.5650,14.4791,31.8019,4.2223,66.7823,48.8258,34.9183,43.5843,71.7461,28.2502,9.9295,53.9010,108.5099,33.7290,106.5611,116.1401,76.2820,82.9244,87.3929,65.1480,109.5186,127.0052,39.5419,67.4316,58.7902,73.7206,33.2268,66.1882,42.1485,99.2289,63.7866,25.6823,127.6345,46.1107,82.4716,44.2996,57.2084,81.3137,67.9805,77.2044,33.9480,142.7571,186.7682,90.0919,29.0040,49.5344,48.1599,134.1964,62.7774,101.9858,102.2391,52.7082,36.8992,51.5989,53.7375,23.5378,15.5070,123.0714,93.7027,95.7539,71.2728,57.2807,25.4932,94.8460,100.1945,89.0613,74.2704,19.9539,42.0467,164.6015,101.1841,94.3367,80.6549,104.0259,73.0064,58.1003,102.3973,89.9745,153.6881,102.5418,152.2979,71.6834,46.9483,74.3673,51.3428,25.8466,35.9578,151.1852,54.9078,79.0490,49.2243,87.7539,92.7551,21.1383,0.0000,81.8526,75.3856,148.1091,62.2136,42.4848,34.6449,35.2350,61.4517,88.9993,157.7938,95.0301,103.4021,17.9846,40.6171,60.0559,113.3966,39.1899,21.8731,90.1774,44.0479,55.5495,87.2243,68.9505,56.6613,67.0141,28.5140,34.9304,66.5691,29.5103,131.7181,39.8194,65.8287,48.7638,78.2861,113.0759,73.3614,99.5766,47.8458,74.8925,142.2717,40.3471,55.2198,110.2583,100.3274,130.5609,42.0353,104.8784,128.2929,87.7173,29.8364,39.2733,87.8302,14.5303,48.4169,50.2441,64.9396,90.6528,83.2534,76.6315,63.0115,176.8115,44.1412,93.8615,69.7579,45.7232,141.6002,76.1824
115.6227,52.5168,85.6975,115.6269,103.6155,107.0967,85.9672,54.7060,109.3336,91.1751,144.8916,10.0717,96.8531,149.7129,156.3188,30.5925,89.4032,110.9553,85.1910,113.4795,72.0068,60.9795,137.5263,65.7221,77.4897,116.9834,40.4280,134.5371,87.2275,91.4675,66.2028,130.9309,48.1542,61.2148,49.5101,88.9850,73.2165,53.0309,78.1131,64.5856,115.5844,116.1365,38.5560,116.6054,108.6867,76.6242,80.4925,190.3498,75.5186,77.3908,122.6648,29.8220,108.2056,158.4468,114.9205,155.1976,52.7155,51.7570,36.0195,81.9090,94.6092,60.6358,104.5979,71.3870,101.0670,105.7866,105.4352,116.5058,106.6944,106.9312,114.6197,64.3161,2.9428,41.4519,119.8699,57.4481,164.5893,164.8177,129.9732,96.3009,131.1846,129.9616,196.2537,101.8931,65.9101,124.2934,84.0217,51.6562,112.3043,93.5009,105.3285,97.3577,47.7651,124.2477,116.3009,25.4754,123.3562,60.7836,67.4859,108.0895,40.6054,44.1465,62.2241,42.6918,173.0568,42.5239,34.2569,25.9434,181.8724,152.9909,108.9808,50.2239,70.5904,98.7593,48.1568,132.0901,57.9783,60.3602,8.1323,47.4972,60.3238,116.8614,203.7597,134.8167,81.6242,78.8485,109.9719,64.6220,75.6360,81.8526,0.0000,53.9457,228.4445,24.8302,101.1606,79.2452,92.5617,142.6051,61.4401,123.0660,62.7464,160.1002,90.6144,51.3107,35.0565,33.4061,119.0696,102.7465,49.2700,57.6842,136.6814,150.0506,99.9448,104.2150,131.0835,54.3713,48.3662,131.3964,108.0098,106.7288,88.6481,55.3255,105.0125,159.4053,132.6641,13.8866,74.5947,55.2779,101.9120,193.4046,53.5477,58.4901,120.2908,56.3829,159.1225,70.2583,33.3766,133.9343,86.1064,109.4022,42.9684,11.4013,71.9619,98.9647,34.3382,82.4173,64.2107,90.4492,85.2334,141.5111,103.6297,69.9076,112.0807,111.0000,72.6933,117.0821,54.0560
62.5990,47.8635,32.2627,116.9271,60.4786,58.0429,34.5933,29.0158,127.0771,39.6611,90.9603,63.9741,43.4108,95.8279,103.6555,58.5148,56.9760,120.0471,51.5709,137.8053,30.0962,48.1082,83.5808,32.2609,84.2628,121.2382,93.6979,103.7314,98.0090,69.3260,22.0272,81.5428,9.7226,7.4388,4.5727,66.8113,61.1435,46.8087,71.2758,15.4764,84.2810,100.3822,53.7168,72.1889,92.4606,76.9044,106.0630,172.5305,48.0169,32.7301,68.7849,24.3906,57.4596,123.9847,73.3099,106.7501,66.2776,72.3247,19.3297,37.3899,44.6683,77.2070,59.7425,38.9744,47.1431,62.3784,88.7964,65.6192,73.6534,56.1012,119.0707,22.5004,51.1066,13.9851,73.8843,41.6588,110.7885,120.2373,81.5356,71.6912,119.9112,115.3118,152.8567,58.1070,26.6045,71.4320,43.1519,40.3208,77.7200,114.6398,93.6205,87.7046,64.4922,73.3344,63.6092,28.7845,131.3685,70.2711,20.4613,54.1930,91.3953,9.8181,64.0530,61.7465,119.6439,35.2842,33.6117,76.0469,153.0084,145.6622,69.4189,31.7299,18.8982,78.7970,101.1771,85.5931,6.2104,29.3357,53.9161,25.2975,50.3443,109.2092,155.5798,128.3382,28.4712,102.4143,58.1611,17.9179,57.1011,75.3856,53.9457,0.0000,202.1500,35.2705,68.7983,94.5847,63.1059,123.4978,13.9190,84.8231,111.2006,116.0674,91.8496,72.7724,25.3707,65.2316,113.3473,88.5980,17.9168,31.4535,127.1636,110.4328,52.8641,122.5242,94.7903,62.2313,60.7780,95.5679,89.0864,61.4754,55.9192,10.0106,118.3596,138.8016,79.1530,40.7121,26.6856,27.5556,130.6925,145.0476,75.1300,21.1649,66.3555,26.3875,106.1085,38.3051,48.3449,80.2664,32.1711,91.6035,48.1474,65.3420,75.0437,62.4457,38.8557,112.9980,16.0663,37.2454,33.0646,117.0527,109.0641,36.4718,59.2203,66.0030,37.2980,72.1182,0.8011
171.7525,175.9457,185.2435,130.3903,145.4006,156.9039,208.4480,179.7325,163.5273,174.0777,189.6073,235.1823,181.1893,193.0040,160.4572,201.9229,145.5133,145.6847,150.8454,178.9963,172.0812,167.8765,186.9189,230.9525,159.8071,134.5100,260.3660,98.4315,158.6789,137.7287,180.1360,145.3748,211.4109,201.0418,204.8806,140.3242,155.2291,175.4985,151.3337,187.2466,117.8954,113.1942,191.2554,137.8830,120.1442,155.6886,184.0824,48.1671,156.9530,221.5332,191.2744,215.0280,162.2041,81.2118,133.1144,130.7538,266.3496,186.3426,204.7257,166.0863,167.2056,178.3776,147.9915,164.5162,190.9825,144.1306,123.2096,216.2220,128.4969,163.1880,135.9719,179.7632,227.4338,202.5225,139.6637,172.3874,179.5619,265.6253,141.8464,133.5289,103.1017,101.1224,91.2470,148.0249,223.8838,167.9870,159.3769,177.7798,124.6274,173.4274,124.9185,133.0301,263.4386,155.5349,168.9783,212.3047,139.1486,172.8494,214.1502,184.7880,235.6716,206.6277,168.0029,190.1465,210.5041,236.3571,231.9860,228.5959,49.3485,94.0609,134.6389,233.8723,206.2782,274.7136,248.9205,240.2325,196.1678,175.9984,221.4937,187.2611,168.2195,118.1734,120.1989,106.7081,185.3813,180.8326,166.1035,213.6615,153.4031,148.1091,228.4445,202.1500,0.0000,205.8484,133.4331,168.2943,140.0351,86.7430,211.5029,259.2003,236.7701,108.5516,146.0530,187.3359,199.6820,257.4857,118.6170,126.3579,220.0580,176.3967,100.9830,100.4590,156.3642,165.6698,109.2779,176.6176,183.0336,108.2203,120.4437,232.4285,146.5384,192.7738,155.6213,70.0185,173.5347,217.9054,214.7518,180.1494,190.0905,121.7910,186.4407,182.5642,185.1213,227.8380,164.4525,165.4298,245.3067,197.0220,191.0459,119.1612,185.5771,235.5051,160.9150,139.8832,194.5875,193.9543,211.5299,181.8544,179.5719,87.1473,311.1482,166.8546,171.5766,143.4318,165.3592,238.0417,202.8430
93.4408,30.8855,64.4981,100.1210,78.9035,83.2093,69.7421,29.8782,101.2379,68.4463,124.6964,34.1815,75.4087,129.7990,133.5096,24.4587,64.7545,98.6532,60.4324,109.1014,47.6712,38.0305,117.1289,57.8153,62.7957,102.7207,64.5262,110.5468,74.9028,68.1909,42.5276,106.9021,33.3602,42.6410,31.6380,65.6274,51.3899,30.9719,58.1404,42.2645,91.3465,94.9662,24.0142,91.9172,87.2128,59.1204,76.0355,169.6176,51.0217,65.0812,102.9282,17.8480,84.8285,134.1314,90.1027,130.8395,64.9711,42.5712,16.0389,57.6220,71.1839,49.7880,80.0252,46.5632,81.2793,81.0803,83.7703,100.8196,82.1819,83.6045,100.3778,40.3664,22.9002,21.2935,95.3158,33.5940,143.1685,153.9630,105.7362,72.7161,111.6135,109.3761,171.4235,77.2415,55.3376,101.8750,59.3250,28.0727,87.7075,86.8299,85.0073,77.3917,60.9062,100.7513,93.8352,10.9079,110.8727,46.1453,53.3849,87.4257,56.7952,26.6812,44.2105,31.4790,154.3260,42.2459,34.1580,41.6587,158.5336,135.0582,84.1516,46.4377,53.9388,99.4033,67.5706,119.7629,37.5007,35.5704,21.0892,22.7693,38.0371,98.1267,179.2379,116.8709,60.2461,73.1057,87.0408,50.4545,52.4481,62.2136,24.8302,35.2705,205.8484,0.0000,76.6525,68.8603,68.2247,121.0380,46.5754,115.5109,75.9810,135.2938,74.2275,42.6614,11.2475,51.8549,101.0424,81.6567,38.7318,32.8600,117.7628,125.2801,75.7329,96.2900,106.4609,38.2322,33.8486,106.8126,85.8563,94.9108,63.9711,33.3920,94.5648,137.6690,110.8710,12.1463,60.4040,30.4862,99.9978,168.9287,45.1688,34.3557,99.7565,48.5660,136.5870,45.4356,42.8421,114.7962,66.0349,87.5514,23.5926,35.1913,55.2901,74.1765,11.9713,81.2439,49.3052,68.8706,63.0177,118.7055,115.4469,45.0794,89.8011,86.3944,47.8802,105.5898,35.6672
61.0358,51.7085,57.7537,72.4867,23.1513,40.0630,81.1755,47.7832,100.1454,48.1723,94.7837,109.6725,58.6436,100.2797,84.4158,81.5293,12.2800,84.2589,17.4654,116.6848,38.8678,42.2048,88.0227,98.7247,62.1457,79.1490,138.6955,35.1927,72.9934,18.5581,46.8552,51.7428,77.9844,68.2469,71.4485,19.0817,36.2262,50.6213,41.7687,54.2178,15.5605,40.7020,70.0305,29.7944,34.7803,51.9077,96.2395,105.2605,25.6467,91.5571,82.1844,82.6848,46.5011,57.5982,22.7485,67.1361,133.2583,75.7274,72.3290,34.4720,42.4015,72.2684,27.5110,31.5176,70.3366,23.9515,32.1128,99.6643,5.5338,46.5355,77.8395,46.3489,99.4776,69.5523,35.3445,44.0660,102.1464,158.0882,48.0898,14.1480,60.7064,53.6589,97.1677,24.7827,91.8522,64.0837,27.0354,49.9425,11.3264,95.9375,41.2833,41.1837,130.6043,53.6530,59.0226,81.0030,91.2230,62.7620,82.4683,68.1999,121.4379,73.2889,53.6357,73.0235,126.4358,102.9805,98.9623,109.6225,84.4751,86.6527,15.9035,100.4850,75.1229,144.1953,134.6583,125.4769,62.9069,43.2523,95.6768,55.4707,44.1450,56.3347,110.5686,72.4855,56.3722,91.5512,51.7165,81.5447,29.1640,42.4848,101.1606,68.7983,133.4331,76.6525,0.0000,77.1155,9.1026,57.4977,78.9559,137.1669,132.1281,63.2456,57.7026,76.8074,68.4440,126.4095,61.5684,35.3718,86.6780,44.4887,68.4893,49.7967,33.4857,97.6305,30.0460,60.9517,66.1203,30.2737,29.3122,109.5968,13.2437,59.3422,88.4487,71.3027,74.6752,88.6939,84.3882,47.8434,117.2583,101.1692,77.4961,49.2443,75.6656,94.7827,89.0598,32.5240,112.7487,93.3274,63.9574,32.2840,62.0000,110.4002,55.3087,9.2421,67.1335,107.1462,79.3448,56.2034,51.4520,48.8216,177.8621,33.7133,58.4261,29.0687,31.9859,117.9134,69.5073
129.0499,47.0726,109.9872,40.3310,96.0535,110.2001,126.0738,67.8312,32.6979,106.7044,164.4375,81.1624,117.5868,170.0536,160.1685,48.8996,73.0610,31.9225,73.7411,44.0375,82.7061,50.2391,156.9193,124.1867,14.9915,39.5313,98.1141,94.1240,9.8130,58.5979,84.8730,127.7210,97.7197,100.0862,93.1455,58.1140,44.1635,48.3105,35.6481,90.6933,82.7073,60.1390,44.8570,106.1615,56.5258,25.4005,19.5085,123.6543,64.3846,127.3061,146.6002,86.3622,115.3466,118.1554,99.7277,144.1603,130.9050,27.5829,80.5218,88.7949,104.7464,19.1853,99.7942,70.7665,127.8626,97.7351,55.4933,154.6537,80.7247,114.7326,37.2726,82.0874,79.9686,83.3170,111.5655,55.6370,176.2397,212.7808,124.4613,63.5934,65.2086,68.2400,166.7621,96.3183,120.1148,134.9099,83.9383,54.8943,86.1291,20.8332,48.4474,42.0156,126.2217,127.2688,127.9555,79.7087,44.2612,24.3140,115.0451,130.2195,69.7946,90.0919,31.6320,37.9037,196.5884,111.1037,102.9156,67.1098,129.2795,80.1261,92.6385,114.9253,112.0933,167.9633,82.3060,177.9111,92.7647,71.0002,71.1244,69.4092,47.2067,50.2748,185.1820,63.3025,106.1932,14.9414,119.8895,112.4682,52.4749,34.6449,79.2452,94.5847,168.2943,68.8603,77.1155,0.0000,69.5942,83.5363,108.4236,179.4072,68.4812,137.4276,23.9708,27.9535,72.3930,112.6368,49.7316,50.6794,105.2563,66.9012,67.8021,120.5833,101.5726,27.9836,100.7134,32.4260,35.2112,100.1354,60.0477,155.2413,73.2983,86.6644,25.9620,99.1962,145.6973,76.3776,120.9967,69.6132,40.8067,176.4845,25.6999,78.1203,141.1685,115.6120,164.5682,70.2579,109.5209,158.9955,114.6333,59.1421,47.2680,80.7494,23.2545,82.6783,58.7032,30.7298,110.6508,111.9792,105.0785,89.8042,182.0982,72.0875,125.5812,103.8251,74.4939,165.6711,95.3076
64.0783,42.6362,56.2643,68.8950,27.3538,43.4164,79.0315,39.9905,94.2357,47.8414,98.7806,100.9236,58.8855,104.3553,90.8422,72.4451,6.9548,79.3311,12.0256,110.3209,33.9944,33.1394,91.7200,94.0289,54.6073,75.2465,129.7722,42.5942,66.1824,12.3550,41.6214,58.2416,71.9322,63.3920,65.3573,11.8147,27.4906,41.5678,33.9699,49.2982,23.1468,40.5948,60.9400,36.5684,33.5518,44.2129,88.4532,109.5825,17.3137,88.1441,84.4838,75.2134,49.5115,65.9152,30.3325,75.2785,126.3178,66.8343,64.8639,31.8383,42.9371,63.6759,31.5057,24.5343,70.5853,28.7348,30.2995,99.9526,14.4574,49.2990,73.7341,40.6539,90.9574,62.4893,41.9927,35.2483,107.7961,158.9337,54.8874,10.4907,60.9525,54.7496,106.2667,28.2527,87.3490,68.1835,24.2548,41.1186,20.3868,88.9708,38.4771,36.6703,123.4681,58.8177,62.3480,73.1039,87.2170,54.0758,78.2958,69.5664,112.3352,66.7122,44.8287,63.9376,130.7744,96.4438,91.9558,100.5563,91.4922,87.2185,23.1623,94.5275,71.3776,140.0760,125.5580,125.5928,57.4776,35.9695,86.9067,47.6452,35.0454,54.3698,119.4459,71.8307,54.2553,83.7657,54.6112,77.0960,20.1425,35.2350,92.5617,63.1059,140.0351,68.2247,9.1026,69.5942,0.0000,60.8525,74.2043,135.6018,123.1462,72.2558,51.5971,67.9083,60.4720,118.5622,59.4558,32.4718,80.7966,36.6549,68.6887,58.8710,35.7043,91.4112,38.9859,51.9711,57.0617,39.1366,28.7126,108.2259,7.9720,53.3361,82.7096,75.7510,78.9665,80.3256,80.9041,40.2494,110.0991,109.9527,68.6651,42.7085,78.1734,89.4043,95.3556,25.4144,105.4351,96.1213,62.3853,31.6381,52.9458,101.6202,47.2346,13.1946,58.3923,99.2188,74.8740,55.5137,49.9779,53.9900,171.9529,26.9334,61.1235,34.5875,25.8081,117.0519,63.8508
113.6534,90.4405,115.1958,50.6930,77.5473,93.6405,138.6707,97.5588,87.0064,105.2745,143.2057,148.8962,115.2072,148.2018,123.5006,115.3198,67.5411,67.5179,72.8411,104.5101,94.8462,83.1255,137.6518,154.8293,73.5898,56.8584,173.6326,33.8186,74.3976,54.6369,102.3993,94.8401,131.8907,124.1977,125.3445,57.2511,69.7026,90.1672,64.8131,110.1204,44.8123,26.5655,104.8495,76.8560,33.9334,68.9638,101.0485,49.2064,75.6716,148.7744,135.3602,132.1935,100.1238,45.6887,69.3074,96.2107,183.9629,99.6833,122.1984,91.8198,99.0964,91.8964,81.5273,84.5240,126.7042,77.3339,37.2857,155.6226,54.4318,100.5586,57.4059,101.2559,141.7989,120.9393,81.3312,88.3377,143.7639,212.7257,90.5001,51.8088,20.9788,15.3625,95.2914,79.8600,148.1905,114.0320,84.2644,93.2795,53.7231,92.6821,38.1756,46.2881,180.5639,101.5057,111.1791,128.5512,66.0544,86.1148,139.1393,123.3349,149.1632,126.0056,81.3922,103.4471,172.4161,155.3817,149.8990,141.8529,46.0309,35.7835,66.6007,154.4053,132.1213,200.9274,162.4951,181.4182,118.0846,94.9580,135.3942,104.6304,83.0090,33.7712,120.8507,31.8956,113.8687,97.2466,105.1801,137.9461,69.3022,61.4517,142.6051,123.4978,86.7430,121.0380,57.4977,83.5363,60.8525,0.0000,135.0156,194.4652,151.6446,78.7576,60.2247,100.6898,116.1914,172.8899,36.0584,39.9000,140.8682,94.3379,24.4254,60.0417,89.1166,87.5304,49.8939,89.9622,96.3776,48.5063,35.3835,166.8561,68.6103,113.5618,76.6308,16.8439,123.3209,132.8668,141.5590,98.3368,112.2642,114.9728,99.8780,102.5697,128.6616,149.8835,128.4129,85.2150,162.2309,145.0768,121.3994,33.4985,99.6385,149.1510,74.1957,66.2839,109.3888,111.7478,135.7236,113.3903,108.9100,14.6858,231.5294,87.0261,111.8462,79.9373,86.3830,174.8429,124.2647
61.2193,61.7777,31.9812,130.5835,67.3025,61.4248,24.5415,42.7111,140.9544,42.0217,85.2669,71.1111,42.0631,89.6958,101.8905,70.6803,67.6937,133.9389,62.3101,151.4992,40.2658,61.8735,78.3056,19.8266,98.1814,135.0005,99.4534,113.2061,111.9257,81.5162,32.6201,83.6550,13.5691,10.8183,15.6030,79.0814,74.6605,60.7274,84.9261,24.9067,94.1430,112.7381,66.8628,77.7965,104.8959,90.7653,119.5268,183.7612,60.2803,19.0520,62.9156,31.9942,59.3582,132.0426,80.1856,108.9295,61.8847,85.6776,30.7088,45.4229,48.2407,90.8663,65.7451,50.9333,42.2071,68.9661,101.2504,55.2051,83.4327,57.9901,132.8485,33.9429,58.5019,26.1946,78.5649,55.4456,106.4969,107.5108,84.3637,83.3977,132.5439,127.5902,157.1594,64.7581,13.2966,70.0450,52.2316,54.2378,86.9095,128.3816,106.5515,100.9167,61.1515,74.3627,62.7743,38.0914,145.2163,84.1112,6.8753,50.3904,100.8010,19.9587,77.9715,74.9206,111.9788,31.8964,33.7811,85.4458,162.1830,158.4872,77.2922,25.2904,9.9392,66.1260,109.5384,73.1914,17.5086,42.4147,62.9729,39.2123,64.1790,122.3216,157.2523,141.3770,29.4842,115.9688,58.8218,4.0684,70.1742,88.9993,61.4401,13.9190,211.5029,46.5754,78.9559,108.4236,74.2043,135.0156,0.0000,71.0239,121.5390,120.6125,105.6481,86.0736,37.9336,65.6965,126.5809,101.3544,14.1976,44.9570,139.9140,116.9985,57.9961,136.3803,102.9081,76.0337,74.3584,103.8137,101.2235,48.4874,66.6212,23.1766,132.2770,149.8733,76.2287,49.4623,13.8323,41.1739,144.0992,146.7152,88.4713,34.0782,61.7688,17.0175,103.7573,50.4163,47.6772,73.3824,29.2337,103.8466,61.7411,72.5724,88.9556,71.7176,51.8746,126.1485,2.7987,37.0325,35.2805,127.7032,100.0429,48.4286,58.2786,71.5914,48.7062,59.1762,13.1643
87.5461,132.5614,79.4819,199.1480,117.6077,103.2820,56.7396,112.6072,211.8625,89.2005,81.2277,130.8443,79.7357,81.4608,111.8310,139.9640,128.6478,204.0108,123.9005,222.5039,103.8244,131.6534,79.5344,58.0873,168.7453,204.1282,152.6750,166.1561,182.6018,145.6626,98.2960,114.5884,82.7145,79.5928,86.4907,143.5993,143.3184,131.4397,153.9296,91.0120,149.9906,176.1724,137.4718,122.2060,168.8841,160.7582,190.3380,240.5468,125.8875,52.1054,69.7942,98.3691,97.4637,178.2119,128.1892,134.5481,90.7588,156.4277,100.6109,103.7712,95.5216,161.8662,114.0455,116.5562,68.8386,118.2380,165.4321,43.6693,140.0392,96.6149,202.0822,100.5995,120.3100,96.8003,119.7775,125.3948,102.7613,44.8170,117.7514,145.9389,196.5239,190.2731,185.6517,115.1267,60.2432,92.2781,111.3473,124.8780,141.2972,199.4042,172.3297,167.9027,94.2012,104.0680,90.3155,105.4092,214.8722,155.0939,64.3622,74.4366,163.5493,90.1623,148.6497,145.5139,87.3820,80.8596,88.8332,148.9787,211.0092,222.8031,128.8683,72.8423,67.9745,41.5698,169.1937,26.5615,86.9988,110.9794,127.3968,110.0431,134.2256,188.4939,173.9026,206.9134,81.3553,186.8792,93.2453,66.9651,137.5101,157.7938,123.0660,84.8231,259.2003,115.5109,137.1669,179.4072,135.6018,194.4652,71.0239,0.0000,185.8119,154.0599,175.1693,156.7652,108.3891,109.3977,193.2005,166.6222,76.8405,114.3229,204.2298,158.8067,105.9300,207.3376,151.9560,147.0448,145.3253,153.2166,164.2874,27.6178,127.6457,93.0985,202.9170,207.0046,89.4544,114.7081,58.6151,110.9217,214.8066,164.5189,159.2007,102.8794,75.1593,67.5814,110.4538,116.4154,94.5306,68.6671,73.2986,167.1813,132.7279,132.3496,159.3896,128.2090,122.4797,196.5026,68.7568,81.0762,85.7986,184.1131,90.1036,114.2773,87.6246,117.2943,113.3853,21.3356,84.1034
166.9970,82.6546,139.6173,107.5153,144.0880,153.2512,145.4460,98.3971,82.2946,141.8215,199.8569,55.5637,150.1415,205.1045,205.2052,55.3856,123.4381,94.7039,121.4124,76.2645,118.1298,91.6479,192.2040,128.2817,78.5079,104.9428,47.5474,157.5786,78.1053,115.8344,115.4038,175.4523,107.9759,118.6012,107.3739,114.2238,96.1026,84.0501,93.5082,117.0705,142.4472,126.9991,65.1552,156.5620,122.0104,85.4539,54.1942,191.7010,110.2065,138.9451,178.4738,89.7725,156.3454,182.4215,152.1762,196.7665,108.0571,56.5750,91.8774,127.5018,143.0990,61.8033,146.6003,111.2950,156.9425,146.1878,120.1070,176.5097,137.0594,155.2891,103.0119,112.7510,65.5099,97.2557,161.1722,92.6862,217.0574,227.2410,173.2932,121.4253,133.6897,136.4672,228.3182,143.2579,127.9030,174.9016,126.3000,87.7834,143.0275,67.4144,114.9107,107.4155,102.9529,171.4286,166.9518,83.4477,105.0235,70.2750,128.0972,162.5873,22.6464,102.1843,78.7508,59.9266,230.0735,105.1580,96.9952,36.8555,196.9511,146.9699,145.1307,112.9702,129.6434,159.7570,23.9783,193.9773,113.3696,104.1501,58.9887,94.1559,89.0550,118.7189,242.5296,131.1270,135.3193,56.6167,159.4900,125.1543,103.0044,95.0301,62.7464,111.2006,236.7701,75.9810,132.1281,68.4812,123.1462,151.6446,121.5390,185.8119,0.0000,195.3732,91.4316,55.4792,86.6408,85.2022,118.1705,115.6757,110.9307,99.9342,136.0843,180.8571,144.8085,78.0485,160.4784,71.1785,66.2954,160.2522,124.2828,168.6900,123.1484,108.7998,85.2268,167.5705,184.6603,72.3532,135.2526,99.8458,61.4769,232.8867,55.1272,106.7629,174.8807,118.8516,208.8088,110.2839,93.7768,190.5197,141.7164,124.1507,73.7464,54.1166,80.5168,134.1986,75.9615,46.8948,124.3321,143.6087,137.2525,156.6061,154.2057,111.0878,163.2920,152.2790,114.2043,179.1987,111.5613
67.4531,114.2241,89.4038,120.6511,56.7792,59.2462,109.6505,105.4314,154.6168,78.6744,81.0571,169.3863,81.7741,84.5028,52.6233,143.9707,72.7402,136.1047,75.8919,172.2325,89.0584,104.7659,78.5910,137.6455,122.8914,127.7095,199.3678,47.8115,131.5005,80.2378,96.1895,40.0020,125.7271,112.0170,120.0902,81.5225,99.3688,113.0122,103.6468,100.8564,54.7214,84.0353,132.6081,44.1309,83.6667,113.2876,156.9243,105.2983,86.7343,124.7578,84.5215,136.5354,62.2861,36.2373,45.2103,22.4096,181.8947,138.9313,126.8103,79.7018,72.3802,135.0697,56.5976,88.9351,89.0193,54.6595,83.4206,110.4133,58.3808,63.5782,127.2766,97.3200,157.9998,122.5250,42.2278,105.4782,72.6410,157.1234,37.6675,74.7632,95.9910,87.5619,36.7959,58.7802,130.5860,61.8013,76.2718,111.2089,52.4616,154.1494,92.3846,96.5586,180.4514,50.7084,64.7930,136.9503,139.0598,125.7471,120.8532,81.3706,184.1974,123.8349,116.7872,136.1132,103.5354,150.9754,149.5950,171.7311,65.5834,114.3141,51.5192,145.7016,112.6925,175.9761,197.2518,133.0502,109.9488,99.7406,155.7247,112.6200,106.9891,101.3501,47.7857,108.8709,91.2382,152.3021,64.5335,121.3964,92.3923,103.4021,160.1002,116.0674,108.5516,135.2938,63.2456,137.4276,72.2558,78.7576,120.6125,154.0599,195.3732,0.0000,115.1428,140.0156,125.3585,180.4374,106.0365,88.2258,132.7388,102.5616,101.9176,18.9479,63.2202,153.2966,36.8436,124.1972,129.3054,37.5720,78.8463,128.6982,73.2280,109.2101,142.8742,79.9477,65.7088,146.6649,119.0784,104.8223,175.6273,39.2089,140.6366,102.5136,78.9052,137.5839,56.9987,90.0677,164.2928,88.9559,93.9715,80.6311,124.2846,170.3055,117.3335,62.1924,127.5751,168.1005,119.6269,84.7931,85.3523,64.1380,218.7305,90.2484,68.3657,50.1987,87.4138,132.7260,116.5275
114.6887,45.4180,100.2504,25.9515,78.9385,94.5671,119.4487,62.9592,42.6386,94.8130,149.8584,94.8052,106.0832,155.4659,142.0772,60.5381,56.5394,29.2836,58.6667,58.9850,72.9659,43.7797,142.6073,123.5551,14.0367,29.4452,116.1338,70.5902,16.4246,39.4653,77.2145,109.3963,97.1770,95.9484,91.5656,39.7997,32.1108,46.0788,21.4222,84.2201,60.7134,36.1771,52.3514,87.4694,32.7669,15.3555,42.9753,102.9913,51.7116,123.6169,133.9692,89.9327,100.3433,94.3417,80.3900,123.6023,139.0554,41.5200,81.9372,76.7583,91.5464,32.8777,83.0361,60.0741,117.2118,80.3270,32.0836,145.5975,60.4219,99.9529,27.2388,74.7404,90.6056,83.2268,93.0066,50.2031,159.3759,204.7057,105.7902,43.5873,43.3215,45.1336,143.3310,79.7050,118.4089,119.4772,70.5775,52.0583,65.3097,39.0590,24.5108,18.6464,134.8004,110.4147,113.2079,84.2219,39.7044,29.8723,111.7182,118.1000,89.8460,89.7716,30.0764,48.1617,181.9888,115.1449,107.7494,84.2827,105.6362,62.5191,73.6007,117.2248,107.2245,169.3518,102.9677,170.1897,88.5709,64.1901,82.6584,67.0656,41.5213,28.1416,162.7159,44.4772,96.9716,38.6384,105.2587,109.5010,39.1225,17.9846,90.6144,91.8496,146.0530,74.2275,57.7026,23.9708,51.5971,60.2247,105.6481,175.1693,91.4316,115.1428,0.0000,42.3936,74.1203,123.4594,29.0895,27.2197,105.6601,60.9492,47.3464,97.7408,86.3575,39.9330,78.2993,36.5612,42.2794,77.6029,36.6945,149.3474,57.0493,82.5909,31.1800,76.3378,130.3037,84.2652,116.7378,64.5489,60.5667,154.3389,41.0873,72.3286,128.0206,115.9681,146.6817,59.9239,116.9848,146.0656,105.6383,35.5055,50.6369,94.7269,18.9851,64.7112,62.4906,54.1870,107.4505,101.2379,94.6127,65.8672,189.6730,62.0142,111.4745,86.1022,63.6741,159.3200,92.6362
117.7867,30.4030,94.0605,65.5711,90.4141,101.5184,106.4084,50.2476,59.1527,93.3929,152.4304,53.7048,103.2805,157.9368,153.4211,20.9809,68.7479,59.6700,67.3323,66.4649,68.6642,38.0565,144.7402,99.8910,28.3832,66.1855,73.7578,102.6252,36.0882,60.3659,68.3559,122.3470,74.0799,79.1976,70.4729,58.7454,40.6606,31.8987,38.5256,72.5164,87.0018,74.6460,19.3008,102.4051,68.6328,31.8502,33.6201,145.2785,56.2782,105.1189,132.6014,60.4987,105.5305,127.5475,97.4703,142.3993,103.0474,1.1002,56.2469,76.8927,93.1458,9.7521,93.3620,59.2320,112.1859,92.4263,66.2602,136.5628,81.6510,104.6440,63.8395,65.4888,52.0160,59.9948,107.2966,40.8420,167.2003,192.9085,119.8018,65.9583,85.4723,86.2720,172.8560,89.9104,96.6319,124.8799,74.1289,37.4161,87.6044,44.2484,62.6293,54.6272,98.3261,119.5785,117.2466,53.5494,72.0644,15.1596,92.9125,116.1294,48.5948,66.6029,23.2750,11.3048,184.0153,84.5090,76.1036,41.8902,144.4433,104.4276,90.3358,89.0962,91.3380,142.0135,62.0328,158.1410,72.3057,55.0401,43.1841,49.1242,35.1227,70.3751,187.3515,86.6328,89.9058,30.4695,109.3597,90.1341,47.8253,40.6171,51.3107,72.7724,187.3359,42.6614,76.8074,27.9535,67.9083,100.6898,86.0736,156.7652,55.4792,140.0156,42.3936,0.0000,48.3775,84.7131,71.4667,62.2109,80.7336,50.5864,89.7398,125.3810,92.8174,54.1067,105.0040,16.1884,13.1523,104.7889,70.1228,134.2477,68.5677,66.4778,53.8318,117.3218,135.2689,48.8861,99.4346,51.9930,58.0508,177.8434,2.5080,60.2920,127.9529,90.8703,157.3817,58.3717,81.8427,145.0403,97.7053,70.4026,25.0790,53.4161,26.6214,79.4572,34.2858,40.3024,88.5602,97.0636,90.2123,103.5025,154.2396,59.6413,114.1210,98.6183,62.6128,144.8873,73.4076
82.1936,28.7972,53.3570,100.0192,68.7028,72.2234,59.9371,20.6960,105.0869,57.2063,113.6087,44.7980,64.2153,118.7494,122.2959,33.1468,56.2774,100.4419,51.5868,114.4387,36.9507,33.5169,106.0195,51.8735,64.1702,103.3311,75.2734,103.0625,77.2267,62.1257,31.4111,95.9942,25.7156,32.5015,22.3928,59.5021,47.5556,28.3348,55.8469,31.0385,83.5740,90.7445,29.0828,81.6513,82.8189,58.7656,81.9710,165.2117,43.1687,56.9045,91.9483,16.2896,73.6830,126.0352,80.2942,120.1504,67.8538,48.0549,8.1330,46.8607,60.0388,53.9732,69.5700,37.3951,70.3465,70.8635,79.2460,90.8976,73.9221,72.4475,101.0390,29.3609,32.7640,11.7402,84.8301,27.8766,131.9407,145.3446,94.9519,66.1532,108.5309,105.4961,161.7226,66.9158,48.2799,90.6305,49.1199,23.4110,79.2085,91.5922,81.6886,74.5280,64.3729,89.6434,82.5909,12.6543,112.3687,48.4564,44.8074,76.3167,67.9164,18.2307,44.3127,37.1288,143.4604,41.1746,34.3506,52.8543,151.7052,132.9497,74.6405,43.2389,44.2676,95.9721,78.8129,110.8262,26.7598,25.8510,32.1919,13.0438,34.4266,95.8567,168.7057,114.9283,49.0898,78.6066,75.8254,41.9620,46.8954,60.0559,35.0565,25.3707,199.6820,11.2475,68.4440,72.3930,60.4720,116.1914,37.9336,108.3891,86.6408,125.3585,74.1203,48.3775,0.0000,58.0985,99.2452,77.7156,32.8656,23.9606,115.1101,116.1140,64.9219,100.3041,97.8145,40.2278,37.3835,98.2619,80.8084,86.3848,55.4102,22.2766,97.3998,132.5571,99.6314,21.3510,51.5675,20.8721,106.4183,158.3482,50.8192,23.4545,88.6477,43.2205,125.3523,36.2988,46.0400,103.9095,55.1053,82.7862,25.1412,45.9055,55.7086,65.0822,14.0982,88.2645,40.5257,57.6717,51.7759,112.6508,116.8580,35.6175,78.5537,75.9849,38.1935,97.0682,25.8860
126.5445,82.5747,96.4510,148.7532,123.8858,123.2241,88.1361,78.6435,142.3585,104.8251,150.1585,33.2741,107.2118,154.2279,167.4591,63.9653,114.1741,144.3612,109.2956,145.5011,91.6707,89.8553,143.4980,59.4975,110.6149,150.2906,44.0199,161.1559,120.6200,119.7576,84.2770,146.7740,56.0922,70.7872,60.8804,117.1616,103.2153,82.7606,109.4498,79.8295,141.6394,146.7599,71.1138,136.3102,139.0427,109.0507,112.9790,221.3820,101.2654,74.9543,127.9865,44.1953,122.6438,183.9283,136.2780,171.9736,22.8803,85.1631,54.3773,100.7572,109.8806,94.0307,123.8401,95.0431,107.8363,125.9418,135.6157,115.0811,131.8480,121.2798,147.9252,83.3226,32.9616,58.0960,138.5408,85.1041,171.9379,153.7561,146.7247,124.0443,162.9310,161.0558,217.1930,121.7446,63.2577,135.4170,104.8843,79.7999,136.9793,126.3558,136.5587,128.7860,17.8277,138.4143,127.8908,45.4582,156.7623,93.7870,69.3746,116.0864,63.0003,56.7063,94.3264,75.9208,174.4985,34.7638,32.1385,52.6497,209.7551,185.5396,131.2980,43.3636,75.5959,76.7077,63.9854,124.5459,71.0558,83.2935,41.5377,70.9591,89.8822,148.9977,220.8112,167.3257,93.1117,111.6651,123.0687,67.2004,104.1408,113.3966,33.4061,65.2316,257.4857,51.8549,126.4095,112.6368,118.5622,172.8899,65.6965,109.3977,85.2022,180.4374,123.4594,84.7131,58.0985,0.0000,151.5082,133.4167,51.5210,81.9586,168.7793,172.9685,117.5988,137.2377,155.3900,86.9495,81.2083,155.9173,137.7018,100.1493,113.2685,71.2367,138.3567,189.5228,141.9204,40.1148,75.3145,78.5765,133.1658,210.2792,86.9369,78.6083,127.3322,52.6092,169.4281,93.9886,18.1709,137.5527,94.6839,139.4060,74.1279,34.2441,104.6078,122.4312,63.5613,113.7819,67.9080,101.5709,98.1404,170.3494,71.4140,93.0393,123.4128,130.2499,95.2870,109.2386,64.9196
122.5849,70.6824,114.8511,15.1444,84.7195,101.6180,136.5024,84.5906,51.3407,107.1603,156.1461,123.6723,118.2943,161.5861,142.5606,89.3613,66.1025,31.8382,70.1341,69.0425,89.3889,66.3621,149.5153,145.6012,43.0847,21.9644,145.1718,58.2815,40.0665,48.0112,95.3782,110.7403,120.0403,116.1614,113.9189,49.8325,52.5002,70.9767,43.3988,103.0179,56.9480,22.7820,80.5494,89.4688,26.8527,42.4795,65.8594,74.2315,67.3756,143.2354,143.5600,115.4694,108.0206,78.0982,81.6007,119.2751,165.9829,70.6030,106.5749,90.2395,102.3926,61.8890,89.0793,76.7944,129.9655,85.4476,29.4970,159.2797,61.7274,107.9958,21.9863,93.3762,118.8782,106.9158,94.8681,72.6808,161.6500,218.3569,106.6211,49.0602,15.8086,21.1553,128.4813,86.2936,139.7803,125.5015,82.9575,76.0274,64.5365,56.7207,21.0759,25.6642,161.9463,114.4757,120.5907,110.3775,33.0234,58.6757,132.0027,128.9730,118.4354,113.0515,57.2025,76.9832,187.4837,140.3590,133.5201,113.3467,81.9153,34.0548,76.1515,141.3857,126.3560,192.0742,131.3707,184.7984,109.0805,84.1692,111.2241,90.1629,64.9499,5.2640,151.6614,15.8398,112.3142,62.3721,113.2245,130.1506,56.4294,39.1899,119.0696,113.3473,118.6170,101.0424,61.5684,49.7316,59.4558,36.0584,126.5809,193.2005,118.1705,106.0365,29.0895,71.4667,99.2452,151.5082,0.0000,27.0242,128.8934,81.9282,18.3395,87.2604,94.6602,51.5641,70.9149,64.7037,70.7496,69.8130,32.4553,166.2849,66.9721,103.5070,40.6370,50.2592,135.9539,111.7873,136.0717,85.9034,76.2295,144.5473,70.1001,92.5026,137.1111,138.8971,147.4206,77.0385,143.8449,154.8647,120.7941,29.5825,77.6685,123.6415,47.1264,70.5140,89.0889,76.2410,127.9818,114.6265,108.6932,46.2891,215.9757,79.1596,119.8995,90.1371,79.8454,175.5849,114.1484
96.0538,50.8422,87.9371,37.1227,58.3916,75.1455,109.8836,60.6483,67.0566,80.1366,130.1375,109.0026,91.2728,135.6432,118.6900,75.5661,39.0797,49.7482,43.1552,84.3902,62.9957,44.2209,123.3184,120.7737,37.5452,43.8465,134.1443,43.4562,43.6383,21.0549,69.4246,86.2560,96.0390,90.7211,89.6791,23.0242,30.3275,50.6855,24.9765,77.1757,34.4448,13.3931,64.9701,64.4723,6.4219,30.4795,70.0173,87.9686,41.2728,117.3056,116.8032,93.9511,81.4588,67.5800,56.8293,97.9773,145.5255,61.1543,84.3254,63.3117,75.4013,54.1916,62.7335,50.7416,102.9415,59.3048,4.8646,132.2578,36.4835,81.3640,42.6339,67.6337,101.9940,83.8041,69.9973,49.9639,137.0643,191.3350,82.3334,22.1682,31.3519,27.8003,116.1600,59.7926,114.6409,99.4330,55.9741,54.3957,40.3885,65.9879,6.0133,8.6646,141.8882,88.9462,94.1586,89.7492,55.9289,47.2042,106.4235,102.0329,110.7752,89.4800,41.6577,63.8805,161.8039,118.0445,111.9242,102.5255,82.2444,57.1331,50.7262,118.0738,100.3763,167.3353,124.2344,157.7940,83.8803,59.2702,95.4980,67.0718,43.6998,22.0304,135.6518,40.3570,85.5031,65.5706,86.6347,104.7517,31.7120,21.8731,102.7465,88.5980,126.3579,81.6567,35.3718,50.6794,32.4718,39.9000,101.3544,166.6222,115.6757,88.2258,27.2197,62.2109,77.7156,133.4167,27.0242,0.0000,105.0209,57.6760,38.5746,70.5887,67.9059,65.3155,51.4294,50.2996,56.7101,50.6551,9.4788,139.5508,39.9480,78.6135,55.2268,56.7355,110.0455,93.3144,110.0883,61.7336,87.4300,127.4333,61.7420,67.4662,110.4150,114.6853,123.4535,51.1146,123.5585,128.2689,93.9239,8.5449,59.7967,109.2685,35.6465,43.9889,69.8562,81.2582,102.5505,87.6232,81.7483,41.2964,194.2526,53.1884,93.2560,64.3856,53.5503,148.7313,89.3943
75.1809,60.4062,45.4432,131.2802,77.9142,73.9253,37.8822,44.4465,137.9516,54.7666,99.3110,58.5468,55.9131,103.6524,115.9838,63.1545,74.7859,132.8470,69.3912,147.0887,48.0128,62.6729,92.4188,19.1616,96.6094,135.0823,86.0015,121.6446,109.9026,86.4158,39.9440,96.7704,9.0050,20.7231,15.5237,83.8518,76.3940,59.6311,85.9781,33.1745,102.1780,117.1955,61.5001,89.2268,109.2256,90.3868,114.3343,189.9950,65.2063,28.1433,76.9866,21.6253,72.4399,141.8127,90.8029,122.0827,49.1559,80.5047,24.7447,55.0431,60.5474,86.7860,76.8859,56.4466,56.4020,79.7443,105.5581,67.5553,91.5614,71.0663,132.8382,40.3361,46.3368,22.4533,90.5191,56.2686,120.6699,116.4581,97.2052,89.0879,136.3695,132.1535,169.4546,75.4764,17.0363,84.0348,61.0232,53.6260,95.6329,124.3697,109.7802,103.4218,47.8963,87.8061,76.6404,28.5971,144.5916,81.2494,18.8213,64.5777,89.4887,15.9196,76.4822,69.4289,125.4401,18.3448,19.5950,74.2937,170.9248,161.8057,87.1578,13.8148,24.1305,63.6921,97.3718,83.0688,24.0001,46.0358,51.9434,38.8354,64.4489,125.0040,170.6423,144.1944,42.4842,111.1517,72.3012,16.2190,73.3173,90.1774,49.2700,17.9168,220.0580,38.7318,86.6780,105.2563,80.7966,140.8682,14.1976,76.8405,110.9307,132.7388,105.6601,80.7336,32.8656,51.5210,128.8934,105.0209,0.0000,47.3475,143.4541,127.8981,69.6024,133.1685,112.6082,73.0199,70.2193,113.4058,106.1289,57.7602,73.7351,27.4608,130.1495,156.3659,90.4003,38.6455,25.6758,43.2929,138.5419,160.0971,83.2164,38.3037,75.9563,10.3955,117.9097,55.6989,33.5636,87.2165,43.2297,108.5493,57.9936,60.0420,87.8234,80.3562,46.7611,119.9332,16.5510,50.5586,47.9715,134.7831,91.2090,53.9719,72.1473,83.0093,55.0147,68.2796,17.2431
67.6843,20.6252,43.7847,85.6404,46.5990,53.4312,59.4014,3.3407,98.4913,42.9147,101.9402,66.8336,52.7005,107.4196,105.2821,44.7371,32.3189,89.6883,27.7068,110.9114,18.3700,17.3494,94.2417,63.6825,54.8225,90.1720,96.8566,79.2346,68.7722,39.7099,18.1442,76.2932,38.3747,35.0120,32.0793,37.0896,29.7138,19.1882,39.9966,23.8786,59.6842,69.9815,34.9848,59.6261,61.9955,46.4439,81.2934,143.5427,19.4589,62.6690,82.0354,38.6381,56.4226,102.0754,57.3513,99.2504,90.1118,49.8065,28.3304,27.5714,43.3233,51.9342,48.2001,13.7033,61.9107,48.7836,58.3339,87.8085,49.9622,55.3852,88.0536,15.2966,55.7324,26.6036,63.4147,11.3073,117.5592,145.9306,74.6124,43.1267,89.0226,84.9347,138.5830,45.1704,58.0042,75.2266,27.3076,13.1715,55.2645,87.6303,62.4621,56.3132,87.0619,71.5676,67.3827,36.5212,100.6370,43.2886,50.8302,65.5518,84.4912,31.8736,35.2937,41.5517,133.4350,61.0437,55.8040,70.6374,128.0941,114.5135,51.3008,60.4641,46.3487,110.1498,96.7772,111.0832,27.6608,4.4547,53.1827,11.0007,20.0565,77.8608,147.1573,97.0252,39.7596,77.1109,59.7239,48.7086,25.9698,44.0479,57.6842,31.4535,176.3967,32.8600,44.4887,66.9012,36.6549,94.3379,44.9570,114.3229,99.9342,102.5616,60.9492,50.5864,23.9606,81.9586,81.9282,57.6760,47.3475,0.0000,96.1197,92.4690,45.1782,94.2600,73.9122,36.2665,37.4360,74.3363,59.1810,88.9905,31.4592,21.7821,88.9266,110.3153,85.3108,44.6140,55.8020,4.0601,105.7959,136.9635,52.4925,11.4716,77.3755,57.1077,108.8776,12.5757,68.9116,94.4842,47.9677,61.4738,26.6281,67.7440,45.3604,41.3596,25.5395,89.9304,46.6130,46.5313,39.6515,89.6565,137.2257,12.3419,63.9864,54.4013,15.3103,99.2314,32.2541
128.6960,87.0286,124.9528,29.6160,91.0231,107.8898,147.5582,99.0168,64.8286,116.2258,160.5982,141.5922,126.9887,165.8481,143.6921,107.2902,75.6294,45.7831,80.3319,81.8421,101.1556,81.7181,154.4578,159.3482,61.3712,34.6199,163.4736,54.9324,58.0487,58.8547,107.8425,113.2735,134.4928,129.2567,128.1764,61.1180,67.6469,87.1633,59.6378,115.6205,59.8408,28.1013,98.1259,93.3043,35.4015,60.1005,83.1003,55.9309,79.7301,155.6409,150.2100,131.3989,114.4288,69.9962,85.4054,117.9225,182.4878,88.8623,122.1108,100.4725,110.7783,80.1959,95.3090,89.1777,138.7096,91.3346,38.9404,168.0841,67.1792,114.6154,35.6952,106.1303,136.3676,121.9583,98.3554,87.8002,163.5432,226.5681,108.9854,58.2964,7.7859,15.6172,119.7154,92.9721,153.2041,130.4308,92.9232,91.7093,68.4645,72.8194,33.6865,40.5857,178.6010,118.5421,126.4534,126.6791,42.3827,76.6742,144.9129,136.6612,136.7621,127.8064,74.5234,94.9368,191.0082,155.9404,149.4597,131.6290,67.4824,18.6400,81.1133,156.3604,138.7120,205.9100,149.6695,193.8635,122.4491,97.8303,128.9279,105.1645,80.6895,19.8200,145.0855,7.5104,122.8789,79.8785,119.6362,143.2843,70.1627,55.5495,136.6814,127.1636,100.9830,117.7628,68.4893,67.8021,68.6887,24.4254,139.9140,204.2298,136.0843,101.9176,47.3464,89.7398,115.1101,168.7793,18.3395,38.5746,143.4541,96.1197,0.0000,82.9987,101.9173,66.0846,69.9373,82.3499,88.5186,68.6454,39.9764,176.9049,76.6152,117.1843,55.4984,34.7082,140.4097,128.8402,148.4048,100.1677,90.9265,138.9493,88.4082,106.0395,143.5908,153.1985,148.6125,89.5974,160.3774,160.8500,131.0708,37.0580,94.6911,141.6049,64.9443,77.7310,105.7935,93.0734,141.0785,124.0667,118.6634,38.1665,231.9596,91.6479,126.3896,95.1511,91.8394,185.7182,127.9606
71.3025,101.5035,87.5847,101.9803,49.9860,57.7919,109.8025,95.5784,136.3490,76.3729,91.8697,158.9015,81.9482,96.0317,66.6927,131.3158,60.8200,117.6364,64.8597,154.0398,81.4745,92.0011,88.0763,135.3350,106.3576,109.0206,188.2848,28.9798,114.1607,65.0276,89.2081,45.1722,120.1477,107.4548,114.0668,66.6581,84.8631,100.4172,87.9193,94.9579,38.5253,65.5027,119.8065,39.4500,65.6661,97.1536,140.0842,90.2414,74.9162,123.9646,91.0181,128.7733,62.4776,20.8835,37.1229,37.2753,176.7064,124.2842,118.6563,73.0750,69.5825,119.7064,51.2535,78.8010,91.0368,48.1654,65.7348,115.7649,44.4368,63.5726,108.6531,89.8240,148.1774,114.9204,40.0271,93.6403,87.1918,166.7618,41.4719,59.4402,77.0432,68.6168,47.5324,52.4276,128.1816,67.7154,68.1525,99.4991,38.4843,136.5619,74.3893,79.0946,174.7684,55.1184,68.5286,128.2733,120.2742,110.6940,118.3108,84.4790,171.1057,117.1899,102.1217,122.5199,117.4722,145.7164,143.3020,159.4192,53.4728,95.7285,41.6716,141.3844,110.1558,176.6003,184.3801,139.9583,104.2226,90.2680,144.9881,103.1042,93.8959,82.6474,65.1494,89.9291,88.5626,135.5178,66.0086,118.3951,78.6051,87.2243,150.0506,110.4328,100.4590,125.2801,49.7967,120.5833,58.8710,60.0417,116.9985,158.8067,180.8571,18.9479,97.7408,125.3810,116.1140,172.9685,87.2604,70.5887,127.8981,92.4690,82.9987,0.0000,59.1604,135.2126,20.3816,109.9789,115.4713,20.6847,61.1231,132.2454,61.5063,102.4778,124.6677,62.4768,74.1056,137.0789,117.6539,95.2510,157.9666,57.4069,125.7818,94.3602,84.7593,133.9706,71.4338,79.9176,157.7814,97.5976,92.9214,62.6830,111.7955,159.7011,101.4971,51.1104,116.4811,151.3131,116.4363,83.5710,82.5784,45.3736,216.7224,80.4974,71.2277,45.5570,77.9705,137.6084,110.9913
28.4275,62.7744,28.9015,104.5910,11.6812,8.7441,52.1756,47.2308,128.7919,17.7139,63.5061,109.7186,26.2232,69.1177,60.6611,89.8578,29.8998,114.7498,27.9640,144.1591,28.0697,54.8114,56.2621,76.1784,86.9703,110.9473,140.1835,60.3768,99.7654,47.9779,33.9787,31.2507,62.5095,48.9076,56.9472,46.9873,57.4091,61.3048,66.6540,37.7853,44.3294,74.1871,79.6540,19.8047,68.0730,76.5935,119.2048,134.6244,37.4839,65.3227,48.9071,74.1716,13.9866,75.5065,23.2511,55.2846,118.7425,91.8757,64.9568,18.1168,10.8503,91.4676,8.3838,33.7176,37.5948,12.4246,65.1810,66.6034,35.0432,13.6372,109.4178,35.6519,97.5570,60.2319,21.0206,52.4025,74.9337,124.6595,30.0304,45.7442,94.1418,86.9053,99.9999,9.2617,69.0242,33.3727,18.7013,57.0381,35.4924,121.9150,73.9154,72.3588,117.2363,26.7838,26.8519,75.4608,122.9038,81.7731,59.1525,34.7461,129.6450,60.8928,72.3004,85.4081,95.6610,87.7845,86.4367,115.5930,107.1878,119.9468,22.9394,82.7671,51.0048,118.4104,141.7936,92.4350,46.7751,41.2688,96.7931,53.2221,57.8305,89.4763,104.0247,105.9672,29.4584,114.6182,18.9585,59.2560,49.1074,68.9505,99.9448,52.8641,156.3642,75.7329,33.4857,101.5726,35.7043,89.1166,57.9961,105.9300,144.8085,63.2202,86.3575,92.8174,64.9219,117.5988,94.6602,67.9059,69.6024,45.1782,101.9173,59.1604,0.0000,125.6000,47.1664,76.9095,80.0347,48.2973,62.7098,78.3547,29.3271,46.4724,117.5202,101.0983,44.1950,86.1243,58.7552,46.0859,142.3605,93.5954,94.2818,41.4674,42.5131,75.0093,64.5655,34.6640,101.1557,60.4232,34.6926,65.6929,71.0742,110.8127,78.3408,24.2859,70.4952,129.2455,57.3228,25.6040,23.4961,78.2140,157.5621,33.7313,25.4192,13.6177,30.6234,85.8629,53.3142
153.7088,74.8569,136.6668,36.9168,118.6941,133.9846,153.6219,95.4019,5.1210,132.5394,189.0443,104.6039,143.6404,194.6644,182.0093,74.8418,96.0350,20.3019,97.6710,19.1276,109.2045,77.2151,181.6759,152.1364,39.7820,31.4908,116.6150,106.8336,26.0701,79.3725,112.0041,149.3285,125.6924,127.9242,121.1258,79.5966,69.0328,76.0432,59.0587,118.1326,99.7063,70.1713,72.3063,127.4024,69.6314,49.5529,25.6046,118.3679,89.4769,155.2323,172.2438,113.9616,139.5647,128.7268,120.2955,163.0841,156.6814,54.0020,108.4248,114.4501,129.9496,46.5565,122.7267,96.7925,154.2950,120.1409,70.0204,181.6939,100.2283,139.0891,30.4319,109.2744,105.3137,111.2916,132.9396,82.9529,199.2030,240.1698,145.7200,83.5036,66.7429,72.7062,178.9030,119.3493,148.0980,158.9004,108.9204,82.6332,104.9344,11.3386,60.9120,57.4535,151.8444,150.1880,152.3753,107.1882,27.6308,52.2748,142.9800,156.0536,86.5737,118.0655,59.0325,64.9150,221.2282,138.4377,130.1137,87.9874,133.0397,72.1899,113.5310,142.5836,139.8789,195.6233,97.2211,205.3376,120.5742,98.2144,96.2408,97.3037,74.2963,54.7479,200.3476,59.4593,133.0190,25.7700,144.3561,140.4202,77.0041,56.6613,104.2150,122.5242,165.6698,96.2900,97.6305,27.9836,91.4112,87.5304,136.3803,207.3376,78.0485,153.2966,39.9330,54.1067,100.3041,137.2377,51.5641,65.3155,133.1685,94.2600,66.0846,135.2126,125.6000,0.0000,116.6372,60.4090,62.9913,115.7994,74.5343,182.9708,96.4646,114.4651,10.9385,100.6314,169.7372,102.9823,148.8678,97.1671,24.8571,192.4510,51.6400,105.6115,166.5380,143.5071,186.6084,96.4115,135.8055,184.5208,141.5671,72.6659,75.2094,103.9518,49.2153,104.5699,86.5105,31.1956,138.5877,138.3114,131.4782,97.5196,207.7875,98.3586,150.3785,125.9740,100.5166,193.3445,123.2519
66.5235,81.5632,75.9931,85.0093,36.1299,48.6743,99.3372,77.1294,118.1168,64.8692,93.6919,139.6866,72.6061,98.5608,73.9122,111.3085,41.7066,99.9203,46.2278,135.6411,64.9512,72.0888,88.4966,122.0532,86.3101,92.0889,168.7345,16.2047,94.6616,44.6465,72.9520,45.1333,104.3868,92.7546,98.0547,46.2969,64.5185,80.5274,67.5956,79.4361,18.2044,48.3160,99.7801,29.8501,47.0964,76.9400,120.2210,89.6623,55.5937,112.2563,87.8954,111.3108,54.6013,29.2075,23.9942,48.4523,160.6770,103.9069,101.0337,57.6731,58.0166,99.3499,38.7827,60.4460,83.1230,34.8625,46.6513,110.4575,24.5509,55.3803,91.4633,73.1458,129.3371,97.7208,33.1557,74.1114,94.0143,165.3168,40.8046,39.0586,63.0685,54.5645,67.8715,38.7532,114.9353,65.4750,51.6735,79.9878,18.7874,117.3103,55.7710,59.7200,158.3923,52.6329,63.8581,110.2199,103.7577,90.3143,105.1297,78.0347,150.9250,100.6567,81.7494,102.2801,122.5287,129.8867,126.7288,139.4684,60.0334,85.1198,25.6161,126.3381,97.1627,165.4364,164.2409,135.7801,88.6280,72.1447,125.7025,84.7727,73.8590,65.9625,84.4947,76.1813,76.1137,115.6198,59.1521,104.8078,58.4208,67.0141,131.0835,94.7903,109.2779,106.4609,30.0460,100.7134,38.9859,49.8939,102.9081,151.9560,160.4784,36.8436,78.2993,105.0040,97.8145,155.3900,70.9149,51.4294,112.6082,73.9122,69.9373,20.3816,47.1664,116.6372,0.0000,89.6453,95.1930,1.4080,42.1073,124.6180,42.5030,86.1207,106.3284,57.6222,74.1058,118.4246,105.4982,76.9860,138.7936,76.0450,105.4002,77.0887,81.2531,119.5966,78.8353,61.5296,140.9350,96.6085,81.8546,44.0321,91.8988,140.4274,81.2070,32.9905,97.1564,131.4234,102.7232,72.7471,70.2941,36.0191,202.9345,62.3684,65.3990,34.7117,60.1171,131.2682,95.4175
102.4307,15.6478,80.0494,62.1984,74.2454,85.6353,94.3941,36.5594,65.0772,78.4495,137.3594,59.4292,88.7122,142.9072,137.4287,25.3881,52.5892,60.5680,51.1499,75.6923,53.7368,22.1042,129.6941,91.8507,24.5636,64.5264,83.8571,88.3360,37.0601,45.2004,54.3885,106.2089,65.3354,67.9276,60.7211,43.3722,25.1323,17.0787,25.3988,59.4307,71.8441,63.4316,15.8568,86.2174,56.6059,22.2580,45.0726,136.5936,40.1225,94.9614,118.0542,54.9660,89.8375,113.2448,81.3302,126.2282,102.6666,15.1683,48.3546,61.4525,77.7504,15.6767,77.2356,43.5291,98.1689,76.2501,53.7857,123.7390,65.9232,88.9957,62.1772,51.5261,54.1925,50.9314,91.1108,25.6626,151.5347,181.1930,103.6319,50.7711,77.0462,76.4426,157.5074,73.7748,87.6944,109.2938,58.2662,23.3742,71.9031,52.4541,51.9317,43.8170,98.3363,103.6260,101.7686,48.7065,72.7086,8.2305,82.6901,101.5500,61.8750,57.7070,8.6841,13.6222,169.1607,80.1000,72.2750,52.3678,132.0918,98.6647,74.2107,83.2243,80.0134,136.1427,75.3485,146.3153,60.6826,40.6429,46.5782,37.2019,19.0840,62.5362,171.3926,80.4714,76.0213,40.9850,93.8149,80.0854,31.8331,28.5140,54.3713,62.2313,176.6176,38.2322,60.9517,32.4260,51.9711,89.9622,76.0337,147.0448,71.1785,124.1972,36.5612,16.1884,40.2278,86.9495,64.7037,50.2996,73.0199,36.2665,82.3499,109.9789,76.9095,60.4090,89.6453,0.0000,6.4165,89.5055,57.1863,123.1978,52.3943,54.6217,57.1737,106.7923,119.7907,47.7541,88.7495,38.3548,69.6618,161.8198,17.4117,46.8871,113.1447,83.4032,141.4417,42.7308,80.6731,130.5169,84.1574,57.9300,15.1605,59.5447,17.6586,63.3147,27.0381,53.7306,78.2942,82.6754,75.7618,91.0675,153.4972,44.1462,98.7958,82.4459,47.0243,133.7057,62.9446
104.6947,17.3525,80.9700,67.6121,78.1646,88.7019,93.8897,37.1527,67.8318,80.2474,139.2874,53.1356,90.1332,144.7904,140.6889,18.9953,57.1431,64.9025,55.2525,77.1974,55.5255,25.5704,131.5958,89.2570,29.5727,69.5595,77.4596,94.3631,41.0823,50.9843,55.2517,109.9236,62.9700,66.9144,58.8352,49.0433,30.8492,18.8450,31.7896,59.5968,77.5456,69.8481,10.2539,90.4265,63.0089,28.4313,45.3396,142.9311,44.0758,93.3947,119.4590,51.1763,92.5733,119.2426,85.8867,130.5802,97.5250,12.3787,45.4792,63.8507,80.0757,16.6008,80.9373,46.3524,99.1033,80.2219,60.1669,123.7916,71.2207,91.6637,67.1974,52.3820,48.3270,48.6353,95.1705,27.8106,154.2030,180.5736,107.5185,56.5188,83.3227,82.8253,163.0004,77.5202,85.5015,111.8600,61.3335,24.2649,77.2114,54.2317,58.3352,50.2171,93.0907,106.8174,104.1895,44.6078,77.1878,12.6623,81.1300,102.9831,55.9249,55.3736,15.0667,7.3130,170.8630,76.0562,68.0040,46.0345,138.4382,104.6293,78.8353,79.7160,79.0639,132.7522,69.3614,145.7434,59.8606,41.8892,40.4764,36.4564,22.8301,68.7219,176.2806,86.4659,76.8334,41.6363,96.3304,78.4265,36.9662,34.9304,48.3662,60.7780,183.0336,33.8486,66.1203,35.2112,57.0617,96.3776,74.3584,145.3253,66.2954,129.3054,42.2794,13.1523,37.3835,81.2083,70.7496,56.7101,70.2193,37.4360,88.5186,115.4713,80.0347,62.9913,95.1930,6.4165,0.0000,95.1016,63.5222,122.1561,56.8609,53.9251,60.7438,113.2068,122.2056,42.5277,87.4540,38.9099,70.0111,166.6002,15.1025,47.2712,114.8006,80.5355,144.5863,45.4566,75.6652,131.9010,84.7065,64.3070,12.6307,53.2198,23.6233,67.9035,23.5198,52.9890,76.7455,83.9277,77.0697,97.4227,148.5251,46.6501,101.0230,86.3772,49.6575,132.7482,61.4508
67.8804,81.6451,77.0915,83.9721,37.1820,49.9356,100.4728,77.5689,117.2322,65.9885,95.0997,139.9458,73.8185,99.9675,75.2538,111.3531,42.0746,98.9670,46.6844,134.7831,65.6728,72.1869,89.9031,123.0063,85.7915,91.0521,168.9086,14.7999,93.9840,44.4234,73.6909,46.5400,105.1453,93.6192,98.7928,46.1361,64.3733,80.6281,67.2346,80.2410,17.8450,47.2618,99.8207,31.1569,46.2128,76.4983,119.6439,88.3056,55.8829,113.3161,89.2690,111.8718,55.8938,28.4205,25.1762,49.6318,161.3820,103.6908,101.5795,58.5247,59.1450,99.0276,39.9149,60.9233,84.3798,35.9599,45.8564,111.7770,24.7524,56.6611,90.4508,73.8374,129.6750,98.3246,34.5223,74.3265,95.3749,166.6989,42.2118,38.8308,61.8101,53.2999,68.0673,39.8065,115.8950,66.8696,52.4280,80.2030,19.1054,116.5862,54.9061,58.9983,159.0619,54.0320,65.2193,110.6982,102.6902,90.0473,106.1006,79.3423,150.8842,101.3371,81.5515,102.2137,123.9213,130.6236,127.3892,139.5277,58.9428,83.7616,26.5421,127.1498,98.1526,166.5046,164.2193,137.1188,89.4159,72.6433,125.9503,85.2248,73.9071,64.8844,85.1331,74.9237,77.1610,115.0529,60.4680,105.7499,58.4073,66.5691,131.3964,95.5679,108.2203,106.8126,30.2737,100.1354,39.1366,48.5063,103.8137,153.2166,160.2522,37.5720,77.6029,104.7889,98.2619,155.9173,69.8130,50.6551,113.4058,74.3363,68.6454,20.6847,48.2973,115.7994,1.4080,89.5055,95.1016,0.0000,41.2927,125.8607,42.8937,86.8332,105.4542,56.2232,75.5124,118.8007,106.5357,77.4564,138.0586,76.7807,105.1523,77.7027,82.6235,120.4688,80.1764,61.9994,141.5582,98.0054,82.9749,43.1566,91.9912,140.6735,80.8165,33.5874,97.4072,130.8558,103.6576,73.8908,71.3596,34.6133,203.8237,62.8798,66.7340,35.9465,60.6748,132.5513,96.2012
90.3242,55.5463,84.9764,44.5831,52.4114,69.3529,107.6587,62.3541,76.1024,76.3502,123.6940,114.8091,87.2274,129.1310,110.7699,82.0622,35.6563,58.3195,40.4298,93.5591,61.6822,47.8530,117.0903,120.9138,46.6081,51.5371,140.8953,34.0874,53.1154,19.7607,68.7438,78.6093,97.1260,90.4454,90.6301,22.2878,34.7959,55.1595,31.8904,76.5433,25.6228,11.8857,71.0752,57.1198,5.6480,38.8349,79.4328,84.4881,41.0735,116.2091,111.4922,96.8199,75.8083,58.4462,49.3003,89.1480,148.5869,69.0451,86.8582,60.5171,71.0810,62.5607,56.7683,50.3007,98.9529,53.0594,4.6153,128.3458,29.2782,75.8474,50.5642,67.2806,107.0439,85.7417,62.5658,52.9613,129.5309,187.0925,74.5684,18.3610,32.2424,26.4063,106.7330,54.0948,114.5041,93.0614,52.9548,57.9686,32.3885,75.4412,13.8061,18.0898,145.1805,82.0406,88.2708,93.1849,63.5558,54.9824,105.8475,97.3190,118.4883,90.9915,48.5075,70.8023,155.0465,120.1823,114.5641,109.5505,74.9180,58.5166,43.7037,119.5150,99.3203,167.3480,131.9790,154.0730,83.9546,60.0944,101.0642,69.3149,47.9188,27.1936,126.2083,43.3611,82.9322,74.9622,81.0253,104.4005,33.9193,29.5103,108.0098,89.0864,120.4437,85.8563,29.3122,60.0477,28.7126,35.3835,101.2235,164.2874,124.2828,78.8463,36.6945,70.1228,80.8084,137.7018,32.4553,9.4788,106.1289,59.1810,39.9764,61.1231,62.7098,74.5343,42.1073,57.1863,63.5222,41.2927,0.0000,136.9350,36.6475,79.0842,64.2897,51.8432,103.4990,97.7833,108.9600,63.2118,96.8654,118.0457,69.8448,67.9678,104.9778,115.4304,115.5844,50.8661,126.8482,122.6183,91.0969,2.9861,65.1393,115.1738,43.8541,38.4307,74.3434,90.6770,102.1792,84.1357,78.6873,33.9261,196.3996,52.8104,87.7381,57.6822,52.6157,145.7496,89.8690
61.4073,108.1693,51.9974,172.7778,90.0266,75.9689,29.9526,87.6111,187.3299,61.5857,62.4371,115.5806,52.1964,64.2819,90.5808,119.1436,101.2787,178.4327,96.6281,198.8890,77.1086,106.3146,58.7559,41.7168,143.7886,177.9816,140.8576,138.6436,157.7276,118.5309,72.1406,88.8103,61.5613,55.2910,63.9954,116.5361,117.2974,106.9475,127.9730,65.2308,122.3742,148.8194,115.1558,94.9716,141.6186,135.3208,167.4856,212.9790,99.1810,29.8921,46.2076,79.0905,70.3199,151.2882,100.7663,110.2845,85.8785,133.7975,79.1716,76.4424,67.9095,138.4577,86.5090,89.9812,41.5482,90.6913,138.2046,21.1062,112.4273,69.4081,175.9942,74.6137,103.8243,74.6475,92.7912,100.2424,85.4034,59.0534,91.6837,118.6124,169.1771,162.8168,161.6811,87.5348,40.8441,67.0979,83.9817,100.3579,113.6888,175.6312,145.3231,141.1780,88.0216,78.1421,64.1379,85.7671,188.9744,131.0370,41.6170,47.8021,147.1715,68.4267,123.9649,123.1989,77.8879,67.1615,73.7484,132.0311,183.9580,195.4439,101.2938,58.3046,43.1845,51.5884,154.5200,25.3621,62.5188,85.3505,109.7036,86.0010,109.0418,161.5008,152.5746,179.7529,54.0762,163.7657,66.3265,44.5128,111.0941,131.7181,106.7288,61.4754,232.4285,94.9108,109.5968,155.2413,108.2259,166.8561,48.4874,27.6178,168.6900,128.6982,149.3474,134.2477,86.3848,100.1493,166.2849,139.5508,57.7602,88.9905,176.9049,132.2454,78.3547,182.9708,124.6180,123.1978,122.1561,125.8607,136.9350,0.0000,100.2898,68.5987,177.9163,179.4041,66.0626,96.3711,34.8430,85.8637,192.1368,142.7220,136.6037,77.5310,50.5285,50.5800,90.0789,89.9249,83.0551,48.7370,45.8449,139.8468,109.5387,117.0949,134.3412,100.6132,100.2220,174.4569,45.8604,53.4658,58.3094,156.5118,100.4142,87.7889,61.0684,89.9147,86.6766,10.6892,60.8431
57.7234,41.0654,48.3548,75.8182,22.7855,37.5419,71.0611,34.7160,99.5544,40.1892,92.8119,97.4043,51.3375,98.4178,86.9431,70.7477,1.0730,85.4589,4.3491,115.1645,26.3554,31.6861,85.5892,86.4450,58.4438,81.9900,126.8299,48.4178,70.7957,19.1321,34.1604,54.7326,64.9652,55.8308,58.4081,17.8113,29.5784,39.8192,37.8362,41.7323,28.7679,48.5331,59.4217,33.9253,41.3915,47.9871,91.6344,117.1514,13.5356,80.2528,77.6195,69.4650,43.3057,70.6652,29.0279,73.8340,120.0333,67.5290,59.1131,23.8757,35.6086,65.4068,26.5068,18.2863,62.9951,24.5547,38.0651,92.3134,18.5932,42.9502,80.3787,33.4194,86.8592,56.3093,39.0075,32.3322,103.0578,151.3941,51.7709,18.3334,68.8897,62.7215,108.3479,23.0465,79.6982,62.4630,16.3081,38.1370,23.8071,93.2578,45.9152,43.4258,117.3627,54.0195,56.1770,67.9127,93.8606,55.6490,70.5454,62.3605,111.0149,60.1085,46.1471,63.3480,124.9401,89.8247,85.7262,98.5377,97.6689,95.1631,22.0245,87.5202,63.5282,132.3456,124.0289,117.8852,50.1475,30.0359,83.4819,42.3926,34.1198,61.9482,119.6057,79.6449,46.2938,86.9748,48.2671,69.4194,21.3635,39.8194,88.6481,55.9192,146.5384,63.9711,13.2437,73.2983,7.9720,68.6103,66.6212,127.6457,123.1484,73.2280,57.0493,68.5677,55.4102,113.2685,66.9721,39.9480,73.7351,31.4592,76.6152,61.5063,29.3271,96.4646,42.5030,52.3943,56.8609,42.8937,36.6475,100.2898,0.0000,46.3162,88.2236,83.2523,73.2975,75.9216,73.0190,34.6939,114.0662,109.8162,69.5952,36.0479,71.4384,82.0888,91.2944,19.3074,99.5072,89.4602,54.4580,39.5573,51.0590,98.1962,50.3264,11.1064,54.9813,102.1163,67.2016,47.7397,42.0832,61.1915,164.9440,20.4698,54.6005,30.7315,18.8210,109.1696,56.6460
60.4097,39.6108,31.1061,107.4184,52.8309,52.6751,39.9663,19.6408,118.8989,35.8625,91.3338,65.3695,42.0523,96.4738,100.9941,54.4452,47.3613,111.0906,41.9801,130.3012,21.1734,38.8196,83.7505,42.1822,75.6468,111.8928,95.7111,94.4289,89.5117,59.3249,13.2715,76.5301,18.6501,13.5059,12.1069,56.8056,51.4844,38.4276,61.7663,9.2755,74.8810,90.3717,48.0077,65.0933,82.4507,67.8443,99.2163,162.6320,38.0205,41.1398,69.6993,27.7721,53.1287,115.2404,65.4534,101.4072,74.5570,65.9209,19.3219,29.6049,39.6842,69.9940,52.6143,29.0488,48.1434,54.8407,78.7869,70.2018,64.3293,51.8226,109.7562,13.0571,52.6789,14.0688,67.3356,32.4408,109.8776,126.6813,76.0545,61.7536,109.9160,105.3016,145.9804,50.6085,36.2830,69.0133,34.5075,31.8419,68.6330,107.0353,83.6709,77.8490,72.3668,69.1936,61.0030,29.9567,122.2258,62.4389,29.1306,54.0463,90.1712,14.7244,55.5810,55.8464,121.2751,43.8314,40.8245,75.0482,143.7394,135.6978,61.0505,41.2147,25.4293,88.7420,100.8677,91.8314,6.1121,19.3826,53.8051,17.4921,41.2416,99.3177,150.2736,118.4249,26.8579,95.3662,54.6716,26.9385,47.1777,65.8287,55.3255,10.0106,192.7738,33.3920,59.3422,86.6644,53.3361,113.5618,23.1766,93.0985,108.7998,109.2101,82.5909,66.4778,22.2766,71.2367,103.5070,78.6135,27.4608,21.7821,117.1843,102.4778,46.4724,114.4651,86.1207,54.6217,53.9251,86.8332,79.0842,68.5987,46.3162,0.0000,109.8193,128.9480,77.6707,41.5049,34.4884,18.0455,123.8974,139.7898,68.7279,11.1578,66.3778,36.3589,103.8355,28.3478,55.3451,81.7218,32.9287,81.5953,41.4354,66.6221,66.3007,53.4237,33.8408,106.7649,24.8641,35.5304,29.9527,107.3223,118.6480,26.5574,56.8278,59.0157,27.5587,79.0857,10.8000
145.8211,70.5032,130.2764,26.1067,110.0631,125.7468,148.2686,90.3901,11.8308,125.4710,181.0255,106.4380,136.6831,186.6350,172.8526,74.8089,87.7189,9.9541,89.7574,29.3724,102.8060,71.6231,173.7560,148.8628,34.1758,21.1177,121.0162,96.1606,20.3533,70.4862,106.2349,140.1890,122.2880,123.3252,117.3362,70.9378,62.0443,71.5542,51.6383,112.7462,89.6716,59.4381,70.6283,118.2389,59.2416,42.8964,31.1632,108.6637,82.2682,150.8886,164.8913,111.8818,131.5068,117.8573,110.9683,153.1850,156.8513,53.5081,105.5235,107.3636,122.4784,45.1179,114.1854,90.1183,147.6070,111.4127,59.8398,175.5397,90.7460,131.1028,19.8108,103.5925,105.8220,107.9158,123.7915,77.6826,190.4129,234.3812,136.4834,74.3022,55.8921,61.7728,168.0747,110.8681,144.4216,150.6572,101.4543,78.0781,95.2454,18.1650,50.5581,47.6883,152.1515,141.5135,144.3666,105.3513,20.0738,48.9493,138.7173,148.8857,91.4681,114.6755,54.3108,63.8436,213.1636,136.7962,128.6918,91.1313,122.2227,62.7408,104.3396,140.3219,135.0825,193.2949,102.9011,199.6593,115.9223,92.6528,96.9122,93.0655,68.8749,43.8195,189.7678,49.0743,126.7913,29.6928,136.4033,136.2700,69.6689,48.7638,105.0125,118.3596,155.6213,94.5648,88.4487,25.9620,82.7096,76.6308,132.2770,202.9170,85.2268,142.8742,31.1800,53.8318,97.3998,138.3567,40.6370,55.2268,130.1495,88.9266,55.4984,124.6677,117.5202,10.9385,106.3284,57.1737,60.7438,105.4542,64.2897,177.9163,88.2236,109.8193,0.0000,89.9175,161.4834,102.3286,144.3068,92.1110,35.6561,181.9809,51.5116,100.3860,159.0221,140.5410,177.5081,89.8385,135.4819,177.0563,135.4168,62.2991,72.3081,105.9294,43.5833,95.7673,84.0343,39.1751,134.3498,131.6008,124.8574,86.5898,208.0457,91.8596,142.5791,117.1197,93.8040,188.1417,119.1128
123.7445,107.1652,128.3331,63.8300,89.4172,104.6375,151.9739,113.5771,99.5157,117.9638,151.0256,165.7363,127.3203,155.7383,128.6447,132.1562,82.1797,80.3454,87.5661,116.5405,109.6077,99.6907,146.0457,169.6973,89.9375,69.2544,190.4160,41.7646,89.8144,70.6461,117.3528,102.4540,147.4298,139.0790,140.8613,73.2767,86.4058,106.8602,81.6569,124.9786,57.1694,43.4094,121.6923,86.7127,50.7186,85.6793,116.0669,33.9580,91.3419,162.8475,145.3015,148.4543,110.9549,44.0541,79.6934,99.7356,200.2122,116.3264,138.3731,105.7621,111.5050,108.4111,93.1050,99.9195,138.5519,88.8901,54.0095,166.9290,67.5310,111.5445,70.1996,116.3948,158.5734,136.9039,90.5828,104.7607,149.1442,222.7989,98.1686,67.3657,34.4540,31.2206,89.7913,91.8810,162.9319,123.0855,98.3341,109.8117,65.7279,106.7902,54.9485,63.0717,196.9008,110.2550,121.1421,144.9913,76.8763,102.8457,153.6768,134.4381,165.7066,141.7717,98.2307,120.2613,178.8207,171.3046,166.0399,158.6116,32.8968,37.9959,78.1841,170.0062,146.4148,215.4554,178.9938,192.5540,133.2258,110.6895,152.2200,120.7797,99.6693,48.9462,117.5161,41.8558,127.3592,112.4655,115.8184,152.6404,85.6756,78.2861,159.4053,138.8016,70.0185,137.6690,71.3027,99.1962,75.7510,16.8439,149.8733,207.0046,167.5705,79.9477,76.3378,117.3218,132.5571,189.5228,50.2592,56.7355,156.3659,110.3153,34.7082,62.4768,101.0983,100.6314,57.6222,106.7923,113.2068,56.2232,51.8432,179.4041,83.2523,128.9480,89.9175,0.0000,131.6562,149.5470,155.6878,114.2723,125.4884,112.9443,116.4480,118.0857,138.6254,165.1394,133.4778,100.6744,178.5850,154.2267,134.5065,50.1349,116.4370,165.9937,90.9025,79.5750,126.0776,126.5002,150.4269,126.1059,122.1273,22.8924,247.3082,102.3982,122.3150,90.6171,101.5253,186.9125,139.5549
17.6690,104.8714,46.9897,147.1494,51.7887,35.7569,56.0001,86.4623,172.8508,42.8465,20.2270,142.7357,35.8191,25.6325,26.2647,129.2880,73.7721,158.2913,72.1571,188.3435,66.9418,97.8000,14.3915,87.2067,131.1508,153.7600,172.7709,90.2308,143.9482,91.3142,69.2907,29.4142,86.8523,72.3370,83.7150,90.6213,101.5479,103.3759,110.8439,68.6172,80.5693,114.0821,120.2316,47.1056,109.1077,120.7853,163.0682,162.7584,81.3944,71.6154,19.8977,103.5155,30.3518,94.8382,55.0083,45.1811,136.1538,134.3948,96.7531,58.3811,42.1303,134.8272,47.5174,76.2909,34.3932,50.7513,106.6847,46.0236,74.2446,31.0078,152.3837,71.9134,129.9108,91.2492,42.1610,94.4270,32.4108,92.6585,33.5940,88.2960,132.8436,124.8426,96.2050,50.7140,81.1773,10.8368,61.9769,98.2300,72.0504,166.0980,115.9545,115.4301,136.2675,21.9023,18.0259,107.1929,165.8164,125.2584,73.1546,25.8768,167.3550,88.9196,115.9051,126.8267,51.8297,107.8329,109.9002,152.4492,127.5754,157.3248,59.8400,100.2114,66.3618,116.5977,178.4415,67.3844,74.6952,80.9292,131.4756,90.5557,100.9026,130.6925,86.8901,145.4747,51.0406,158.5223,25.9993,74.9956,93.2693,113.0759,132.6641,79.1530,173.5347,110.8710,74.6752,145.6973,78.9665,123.3209,76.2287,89.4544,184.6603,65.7088,130.3037,135.2689,99.6314,141.9204,135.9539,110.0455,90.4003,85.3108,140.4097,74.1056,44.1950,169.7372,74.1058,119.7907,122.2056,75.5124,103.4990,66.0626,73.2975,77.6707,161.4834,131.6562,0.0000,118.9961,68.3919,84.9313,186.4533,76.8465,136.9400,77.9292,16.2470,90.8686,27.5814,77.0636,123.8965,23.5283,47.4538,106.3893,111.9389,144.0431,122.4475,66.2739,108.7484,172.8820,74.0902,42.2239,47.8565,110.0040,163.4048,75.6687,21.3763,45.8168,72.7664,68.3002,79.1842
101.8701,42.4746,72.0840,109.9494,90.0467,93.2242,73.7721,41.5097,108.0365,77.3296,131.6207,23.8787,83.2134,136.5267,142.4923,28.3249,76.7268,107.2111,72.2962,114.3058,58.2492,50.0360,124.1919,56.6526,72.0717,112.0811,54.3116,122.6850,83.3104,80.2978,52.3312,117.0679,35.9197,48.0907,36.4077,77.7422,63.1654,42.7003,69.3788,50.7492,103.4583,106.6686,32.2755,103.0015,98.9817,69.4774,80.9914,181.2739,63.0888,66.5930,109.4897,17.4880,94.3216,146.2164,101.5503,141.3960,54.9973,49.0453,22.2498,68.1224,80.7230,57.2121,90.9125,58.2814,87.8298,92.2095,95.5815,104.6560,94.2181,93.0488,109.7202,50.4786,11.4358,27.7494,106.1637,45.7319,151.0230,155.0951,116.1461,84.8537,122.8847,120.9410,182.9608,88.2668,55.6697,110.5093,70.4583,40.1688,99.6970,92.8967,96.4521,88.7066,50.5939,110.3619,102.5049,11.9340,119.5602,55.1738,55.8714,94.6430,51.3387,31.0312,54.6128,38.4887,160.2598,36.6249,27.9845,35.9876,170.6673,145.8421,95.7698,42.7523,58.1275,94.4306,60.5128,121.6331,44.3910,46.9917,13.5107,34.0887,49.8794,109.1026,190.0123,127.6260,67.9660,78.6102,96.1168,52.9420,64.5284,73.3614,13.8866,40.7121,217.9054,12.1463,88.6939,76.3776,80.3256,132.8668,49.4623,114.7081,72.3532,146.6649,84.2652,48.8861,21.3510,40.1148,111.7873,93.3144,38.6455,44.6140,128.8402,137.0789,86.1243,102.9823,118.4246,47.7541,42.5277,118.8007,97.7833,96.3711,75.9216,41.5049,102.3286,149.5470,118.9961,0.0000,63.0338,41.9344,104.0186,179.6381,51.3436,44.7018,106.8971,47.1494,145.3356,57.1626,33.2154,120.9553,72.7493,99.4125,34.1560,25.1177,65.2880,85.9722,23.4796,84.7455,52.2606,76.7724,71.4438,130.7736,106.0368,56.6658,98.3097,97.3316,59.3577,106.9177,40.8948
55.3586,74.0249,30.0760,141.1068,69.3698,60.2372,12.8516,54.0046,153.3416,41.2829,74.8865,84.0694,37.6043,78.9137,94.5785,84.4561,74.0806,145.4544,68.8816,164.4038,47.2898,73.0958,68.3817,19.1305,110.1331,145.8663,111.6461,117.2494,123.9997,89.5681,40.7091,80.3715,27.3065,20.9831,29.1752,87.2874,85.1067,72.8761,95.6289,33.0614,98.9266,120.7163,80.3169,78.2246,113.0652,102.1933,132.7484,189.6441,68.8378,7.2495,52.8560,45.5468,56.8024,134.1992,81.8839,105.1912,67.7646,98.9983,44.5038,49.9282,48.1033,103.8480,67.0187,59.3696,34.0811,70.7211,109.4817,41.9404,88.3151,55.5019,143.7784,42.7166,71.6520,39.8400,78.0109,66.8027,96.9706,93.7808,81.7697,90.7324,140.8609,135.3422,155.0138,66.7477,12.7857,63.8178,57.3741,66.3013,91.0246,141.1991,115.5566,110.5004,68.0086,70.3008,57.3664,51.8294,156.4346,96.7075,7.1625,42.7828,114.3382,33.7598,90.0610,88.3630,99.9325,40.5656,44.5765,99.0124,165.4389,167.0432,80.1532,32.2872,9.7189,60.1119,122.7514,59.3751,28.3849,52.6318,76.5340,51.5895,75.6305,131.5820,152.5106,150.4074,29.3947,129.0885,55.0726,10.0992,79.7908,99.5766,74.5947,26.6856,214.7518,60.4040,84.3882,120.9967,80.9041,141.5590,13.8323,58.6151,135.2526,119.0784,116.7378,99.4346,51.5675,75.3145,136.0717,110.0883,25.6758,55.8020,148.4048,117.6539,58.7552,148.8678,105.4982,88.7495,87.4540,106.5357,108.9600,34.8430,73.0190,34.4884,144.3068,155.6878,68.3919,63.0338,0.0000,52.3313,157.3772,142.0506,101.8019,44.4144,52.8794,22.8723,95.9010,59.0619,57.1554,62.2578,25.1075,111.7209,74.8246,85.5531,100.7746,76.2993,65.3790,139.6207,11.1050,34.3550,35.2858,133.0959,99.6562,56.9559,52.9902,72.2069,56.5710,45.5152,26.0328
67.2645,22.7748,42.0675,89.4157,48.4511,54.0800,56.4727,1.7969,101.4790,42.2159,101.0485,64.6447,51.4937,106.4761,105.6150,44.4733,35.5978,93.1279,30.7732,113.5423,18.3813,20.7920,93.3468,59.7394,57.9495,93.8491,94.8717,82.7643,71.8755,43.7011,16.3782,77.3256,34.3251,31.4299,28.0539,41.0858,33.5911,21.4243,43.7565,21.1297,63.1639,74.0373,35.4024,61.4783,66.0520,49.8671,83.4204,147.5431,23.2066,59.1116,80.7236,34.9642,56.6371,105.3585,59.6521,100.7301,86.2713,51.2732,24.6156,28.1121,43.2687,54.0159,49.7376,16.5411,60.1960,50.6317,62.3898,85.3967,53.2719,55.5373,91.7109,13.5216,53.2014,22.6318,65.0209,14.4732,117.2844,143.1751,75.8521,47.0200,93.0789,88.9914,141.0363,46.8548,54.1446,75.0609,28.9124,14.9806,58.4433,90.2443,66.5043,60.3075,83.2892,72.0916,67.1290,33.2432,104.1979,45.7083,47.1693,64.3069,83.6886,27.8184,38.1346,42.4201,132.3000,57.0518,51.9332,69.5103,131.7387,118.5509,53.8403,56.4061,42.9882,106.1714,95.7174,108.3009,24.0336,5.0842,51.2114,7.8578,23.3039,81.8665,148.9113,101.0379,37.9235,79.3323,59.6479,44.9772,30.0252,47.8458,55.2779,27.5556,180.1494,30.4862,47.8434,69.6132,40.2494,98.3368,41.1739,110.9217,99.8458,104.8223,64.5489,51.9930,20.8721,78.5765,85.9034,61.7336,43.2929,4.0601,100.1677,95.2510,46.0859,97.1671,76.9860,38.3548,38.9099,77.4564,63.2118,85.8637,34.6939,18.0455,92.1110,114.2723,84.9313,41.9344,52.3313,0.0000,108.0148,138.6514,54.0122,8.5470,76.3056,53.0785,109.0809,15.4575,65.1977,93.1343,45.8716,65.5177,27.3889,65.6169,48.5301,44.2106,24.4582,91.7550,42.9095,45.1703,38.3923,93.5079,133.2081,14.7564,63.5573,56.0501,17.4300,96.1879,28.3544
169.7028,85.2649,149.4738,61.7444,136.7933,150.9992,163.8388,106.2189,26.5658,146.9275,205.0619,99.8941,157.6197,210.6714,200.8516,76.0915,113.8060,45.1520,114.5475,14.8560,122.5682,89.9956,197.5081,157.6975,55.6303,56.3134,105.4566,130.0808,44.4322,98.7043,123.9396,168.3252,132.1028,136.9233,128.5044,98.4554,84.9569,86.6571,76.2998,129.0864,121.2800,93.7767,77.3356,146.6374,92.3580,66.0904,24.6811,142.5003,105.0808,163.1496,186.8160,117.7732,156.1019,152.6550,139.9852,183.9242,154.3715,58.4228,114.2337,129.1918,145.2793,54.0277,140.5709,111.0675,167.5256,138.4432,92.2637,193.3989,120.4982,155.4675,55.2890,121.0912,103.6266,118.0454,152.0878,94.8112,217.0443,250.5733,164.9790,103.4090,91.5478,97.3161,202.5830,137.1006,154.6364,175.6789,124.5983,93.0346,125.6311,21.5088,83.6670,79.0751,149.3131,168.0610,168.6638,110.6960,51.1030,62.5632,150.9254,170.3608,75.3851,124.6476,71.2835,69.2933,237.1739,140.6038,131.9868,80.9878,157.8718,96.2359,132.9749,146.0538,149.0737,198.4280,83.6175,215.7288,129.8617,110.0975,94.5824,106.4072,86.8837,79.1530,223.0737,84.2332,145.5237,28.6888,160.5981,148.1629,93.2756,74.8925,101.9120,130.6925,190.0905,99.9978,117.2583,40.8067,110.0991,112.2642,144.0992,214.8066,61.4769,175.6273,60.5667,58.0508,106.4183,133.1658,76.2295,87.4300,138.5419,105.7959,90.9265,157.9666,142.3605,24.8571,138.7936,69.6618,70.0111,138.0586,96.8654,192.1368,114.0662,123.8974,35.6561,125.4884,186.4533,104.0186,157.3772,108.0148,0.0000,214.8353,55.6334,116.5489,181.5433,148.5399,205.2864,110.4843,135.0556,199.2530,153.7589,95.3047,82.6072,98.9351,64.0198,123.2515,92.3334,19.4948,146.5620,151.8101,144.8840,121.8563,204.5774,112.2196,166.2020,144.4998,114.7710,202.7442,131.3460
86.7288,150.7743,114.7539,159.3492,90.3785,87.1670,130.6897,139.5255,193.6955,105.5334,83.8217,203.0709,104.9476,84.8634,52.6885,180.1385,109.4823,175.0410,111.8860,211.3498,121.3988,141.4811,84.9957,161.1786,161.8567,166.3754,233.4523,86.3096,170.6832,118.8012,127.5685,63.5064,154.3000,139.7710,149.4210,119.9060,137.3834,149.4737,142.3139,130.7798,93.8054,122.9091,169.0173,77.3797,122.8224,152.1090,195.9620,132.2988,123.0370,146.4759,96.5485,167.5619,87.7320,69.5875,80.8360,38.3828,208.5483,176.7735,158.5333,111.5169,100.4278,173.4074,88.9233,123.7612,108.6399,88.1958,122.6245,122.1561,96.6528,89.1035,166.0418,129.2201,191.0736,153.7147,73.6330,141.4137,65.7499,156.5714,63.7358,113.4229,133.5770,125.3182,30.5493,91.8195,154.5301,78.5480,109.7551,146.9323,90.8768,193.3551,131.5462,135.7643,207.8415,72.3525,84.6857,169.0554,177.5201,163.9308,145.4115,99.9900,220.4855,153.8244,154.7710,173.1630,94.4605,178.3931,178.4512,207.3379,90.3051,149.5811,87.7950,171.9338,137.6276,193.4385,233.2550,140.0370,139.2787,133.6144,189.8453,146.1921,143.9317,140.0060,10.5458,146.1558,117.6192,191.3238,87.8934,146.5966,130.0209,142.2717,193.4046,145.0476,121.7910,168.9287,101.1692,176.4845,109.9527,114.9728,146.7152,164.5189,232.8867,39.2089,154.3389,177.8434,158.3482,210.2792,144.5473,127.4333,160.0971,136.9635,138.9493,57.4069,93.5954,192.4510,76.0450,161.8198,166.6002,76.7807,118.0457,142.7220,109.8162,139.7898,181.9809,112.9443,76.8465,179.6381,142.0506,138.6514,214.8353,0.0000,178.6171,134.9363,92.9299,163.0550,54.3954,124.8731,193.1307,95.8533,117.8958,119.7972,160.5113,204.1142,156.0010,98.7273,162.4529,207.1096,145.1741,109.6836,112.2832,100.7834,239.7741,124.6827,89.0851,82.6054,121.6583,143.9413,145.3652
119.4970,32.1458,96.0721,63.8046,91.6162,102.9990,108.6767,52.2552,56.6933,95.2133,154.2341,55.6974,105.1920,159.7528,154.8314,23.3465,69.7402,57.5108,68.4978,63.9626,70.4712,39.4725,146.5494,102.3720,27.0506,64.2361,75.0721,102.6366,34.0587,60.7568,70.3525,123.6050,76.5280,81.5104,72.8736,59.2234,41.2796,33.6390,38.4922,74.6437,87.3340,73.9898,21.7567,103.4862,68.1604,31.2789,31.1581,144.0627,57.5159,107.5198,134.5276,63.0053,107.1090,127.5376,98.4108,143.3934,105.4144,2.8104,58.7085,78.5596,94.8355,8.2123,94.6390,60.7881,114.2058,93.6074,65.8924,138.7590,82.2558,106.2418,61.8985,67.4824,54.3110,62.4170,108.4328,42.5395,168.7990,195.2253,120.9970,66.3419,84.3048,85.3306,173.2109,91.1746,99.0845,126.5076,75.6155,39.3246,88.1876,41.7457,61.9246,53.9883,100.6761,121.0166,118.9143,56.0573,69.8932,15.1560,95.3041,118.0437,49.2880,69.0393,23.8611,13.7900,185.8804,87.0104,78.5996,43.2813,143.9100,102.8489,91.2563,91.6040,93.6558,144.5211,62.6582,160.4426,74.5832,56.9412,45.4305,51.3343,36.4823,69.1667,188.0647,85.1401,91.9356,27.9693,111.0006,92.5337,48.6635,40.3471,53.5477,75.1300,186.4407,45.1688,77.4961,25.6999,68.6651,99.8780,88.4713,159.2007,55.1272,140.6366,41.0873,2.5080,50.8192,86.9369,70.1001,61.7420,83.2164,52.4925,88.4082,125.7818,94.2818,51.6400,105.4002,17.4117,15.1025,105.1523,69.8448,136.6037,69.5952,68.7279,51.5116,116.4480,136.9400,51.3436,101.8019,54.0122,55.6334,178.6171,0.0000,62.3606,129.8191,93.3616,158.8303,59.9525,84.2615,146.9746,99.7915,70.0190,27.2971,55.3665,26.0958,80.4118,36.7229,38.0380,90.9468,99.0086,92.1410,103.0334,156.6023,61.2769,115.8405,99.8095,64.2172,147.2366,75.7708
60.2844,31.3210,33.8729,96.7996,45.7346,48.8540,48.0107,10.3434,109.8847,35.0840,93.4233,68.2518,43.6970,98.7911,99.5465,51.4442,37.0619,101.1402,31.7791,122.0711,13.5705,28.8200,85.7314,53.3116,66.2632,101.4660,98.7220,84.4359,80.2080,48.2149,8.6416,72.5671,29.3460,23.7914,22.7836,45.6821,40.7800,29.9707,51.2356,12.5869,64.8000,79.2221,43.1290,58.5455,71.2965,57.9067,91.9433,151.6915,26.9358,51.3491,72.7404,34.4131,50.6530,105.9897,57.8003,96.7076,84.0328,59.6022,24.3704,23.4219,37.0437,62.5392,46.3066,18.2062,51.9467,47.8617,67.6321,76.8553,54.4217,49.4664,99.3698,6.0998,56.1373,20.6395,61.5100,22.7167,110.3389,134.6605,71.4975,50.7843,98.7610,94.1566,139.0896,43.8010,47.2969,68.3808,26.3617,23.5165,59.0781,98.7744,72.5546,66.8385,81.4811,66.4772,60.3704,34.4501,112.0300,54.2532,39.6671,56.4208,89.7002,24.0644,46.5893,50.4340,124.4114,53.7948,49.7991,75.0944,133.7125,124.5642,52.6898,51.9230,34.9079,99.8746,101.2850,99.7918,16.5847,8.3438,55.4447,12.6280,31.5112,88.2586,145.3138,107.3399,29.6633,87.8694,53.1925,37.6859,36.1062,55.2198,58.4901,21.1649,182.5642,34.3557,49.2443,78.1203,42.7085,102.5697,34.0782,102.8794,106.7629,102.5136,72.3286,60.2920,23.4545,78.6083,92.5026,67.4662,38.3037,11.4716,106.0395,94.3602,41.4674,105.6115,77.0887,46.8871,47.2712,77.7027,67.9678,77.5310,36.0479,11.1578,100.3860,118.0857,77.9292,44.7018,44.4144,8.5470,116.5489,134.9363,62.3606,0.0000,68.5517,47.4634,102.8084,17.4138,63.8566,85.1016,37.4363,70.4606,35.4453,69.3516,56.8107,44.1155,30.8199,100.1955,35.5409,37.2617,30.6421,96.6634,129.2964,15.7758,56.5860,52.7476,17.2642,87.7966,21.9563
15.0129,97.7244,35.3066,147.0665,52.6500,35.7171,40.2490,77.9737,170.0197,34.7114,24.9814,130.3278,24.8547,30.2551,42.3607,119.8262,72.1139,156.8021,69.3895,184.6721,59.4112,91.6941,17.3728,71.4369,127.1354,153.3649,159.9378,96.8611,140.4932,90.3748,60.0314,39.7806,73.2578,59.1863,70.8355,89.2396,97.5449,96.2405,107.5331,57.8223,84.3610,116.2410,111.6291,51.9763,110.4219,117.0321,157.5456,170.8894,77.0832,55.6756,6.6995,90.6841,29.2000,104.9357,59.3605,59.7878,120.5756,127.1581,84.8440,52.3780,36.5890,128.6053,48.3235,70.4769,19.5860,52.2568,107.6155,31.5095,76.4236,29.1318,151.7921,62.8367,117.4601,79.2806,48.1032,87.4831,44.7596,84.1964,43.2922,88.2566,135.8634,128.2815,111.1677,50.8833,65.6368,17.2081,57.6252,90.5397,75.4700,161.8934,116.4227,114.7670,120.8870,29.6613,17.5089,94.9764,165.2782,119.3402,58.0902,12.3316,156.5471,76.1698,110.3088,118.7194,56.0628,92.9041,95.5485,141.3920,137.9052,161.2365,62.6039,85.0068,51.8297,100.5369,167.0597,55.2217,62.5853,72.9208,119.8040,80.9701,94.8231,131.9082,103.0436,148.0113,39.5940,153.1324,23.9802,60.1430,89.5378,110.2583,120.2908,66.3555,185.1213,99.7565,75.6656,141.1685,78.1734,128.6616,61.7688,75.1593,174.8807,78.9052,128.0206,127.9529,88.6477,127.3322,137.1111,110.4150,75.9563,77.3755,143.5908,84.7593,42.5131,166.5380,81.2531,113.1447,114.8006,82.6235,104.9778,50.5285,71.4384,66.3778,159.0221,138.6254,16.2470,106.8971,52.8794,76.3056,181.5433,92.9299,129.8191,68.5517,0.0000,75.6069,43.2040,71.0640,109.2069,18.0473,34.1854,107.9487,103.6901,131.6904,118.0280,66.6070,99.0520,166.8133,59.4495,31.3253,37.9362,116.2383,147.1618,69.3673,17.2434,48.7990,66.7726,53.8295,66.2769
76.8829,70.7675,48.6016,141.5348,84.1893,78.3629,35.7209,54.3250,148.3034,58.9377,97.7338,65.0324,58.1204,101.6892,116.9209,72.8490,83.1535,143.2331,77.7421,157.2859,55.9155,72.8166,91.2539,9.5033,107.0007,145.4008,90.7288,129.4301,120.2975,95.6748,47.9522,100.2959,18.8843,26.8559,25.0288,93.1455,86.4241,69.9739,96.1399,40.6148,110.1556,126.6559,71.6914,94.8068,118.7118,100.7154,124.4348,198.8983,74.3772,22.5876,75.7278,30.9784,76.0788,148.7746,97.0888,125.5046,45.5924,90.6698,35.0902,61.9544,65.2323,97.0827,82.7219,65.3613,56.4761,85.8885,115.0445,62.9488,99.4683,74.7181,143.1635,48.7505,53.5163,32.8142,95.5720,66.3848,119.8362,108.4480,101.1519,98.0781,146.0331,141.6009,174.0847,81.6634,10.6981,85.5806,68.4646,63.9141,103.2168,134.6361,119.5625,113.3563,45.4118,90.7656,78.6429,38.0760,154.9613,91.6333,17.8038,65.0567,96.9669,26.1973,86.8639,79.5721,122.0372,17.8707,23.2647,82.0208,178.5731,171.6187,93.9990,9.4177,25.4300,53.4034,103.9613,75.9103,31.9442,55.4701,60.0326,49.0243,74.6703,134.9290,173.5746,154.1083,46.3744,121.3204,75.2475,16.4650,83.0374,100.3274,56.3829,26.3875,227.8380,48.5660,94.7827,115.6120,89.4043,149.8835,17.0175,67.5814,118.8516,137.5839,115.9681,90.8703,43.2205,52.6092,138.8971,114.6853,10.3955,57.1077,153.1985,133.9706,75.0093,143.5071,119.5966,83.4032,80.5355,120.4688,115.4304,50.5800,82.0888,36.3589,140.5410,165.1394,90.8686,47.1494,22.8723,53.0785,148.5399,163.0550,93.3616,47.4634,75.6069,0.0000,118.4391,64.6908,34.5168,84.9781,45.1684,117.9202,68.3589,66.5484,98.1970,87.9548,57.0450,129.8033,18.0240,53.5514,52.2322,143.2774,83.3821,62.8577,74.1695,88.5990,63.6142,60.7813,25.6189
43.5535,127.2951,73.8460,160.1625,68.5178,55.8846,83.3984,110.4669,189.2005,68.1510,29.4362,169.1821,62.7183,30.6897,4.9233,153.5160,91.5088,173.0601,91.2333,205.6026,90.7217,119.3582,31.3688,114.6096,149.6616,167.0847,199.4188,94.6282,161.5378,107.2421,94.2843,37.3208,114.1097,99.4859,110.6810,107.1368,120.7622,125.8182,128.9867,94.6200,90.4728,124.7285,143.7841,59.2703,121.2021,139.2032,182.8791,161.4763,101.6555,98.8796,44.9581,130.3596,52.4673,91.8396,66.6742,34.7485,163.6627,156.4374,123.1067,81.3221,65.8566,155.7919,64.8741,98.2396,61.9641,66.8433,119.4275,69.0808,87.0308,53.5452,166.0133,96.7109,156.4286,117.6803,53.7168,116.8835,15.7724,103.5949,41.1268,103.2074,141.5194,133.0951,79.0628,68.3716,108.6848,34.8291,83.2623,121.2961,83.2117,184.2887,129.0163,130.0740,163.8290,37.8160,42.8330,133.6679,179.1286,146.0464,100.7350,53.4531,192.5005,115.7934,136.5208,149.8316,46.5369,135.4076,137.3670,177.8677,122.5497,163.9092,73.1707,127.7887,93.9133,141.5229,204.0183,85.6638,101.3493,104.6663,157.4623,115.3602,122.3577,142.2152,63.4873,154.5801,77.7159,178.2322,49.6201,102.5726,112.4491,130.5609,159.1225,106.1085,164.4525,136.5870,89.0598,164.5682,95.3556,128.4129,103.7573,110.4538,208.8088,56.9987,146.6817,157.3817,125.3523,169.4281,147.4206,123.4535,117.9097,108.8776,148.6125,71.4338,64.5655,186.6084,78.8353,141.4417,144.5863,80.1764,115.5844,90.0789,91.2944,103.8355,177.5081,133.4778,27.5814,145.3356,95.9010,109.0809,205.2864,54.3954,158.8303,102.8084,43.2040,118.4391,0.0000,99.1557,151.4339,41.9274,74.8175,118.2347,135.2793,170.4488,141.6107,82.1611,133.3913,193.2209,101.6482,68.8911,73.8927,114.0363,189.3728,98.0884,47.0493,60.8073,95.0197,90.2462,106.1896
59.7594,28.1403,40.4442,82.8536,34.5373,43.2785,59.9762,15.6644,100.2408,36.4643,94.8725,79.3703,47.3463,100.4525,95.3131,55.7354,20.2456,89.2003,15.3188,114.0610,13.0422,20.7760,87.2466,70.0551,56.6596,88.1120,109.3040,67.6117,70.3866,31.1219,18.3529,65.1970,46.7555,39.6900,40.1877,28.6675,27.8854,26.6625,38.5263,26.0672,47.9661,62.3238,45.1641,47.4956,54.4823,47.0086,86.5213,134.3043,9.8730,66.2531,76.3682,50.1617,47.1613,89.9412,44.8686,87.4347,100.9479,57.4627,39.8075,18.8158,35.0921,57.8392,36.5387,1.1328,57.8862,36.7115,50.8406,85.7578,37.9003,46.2895,86.1629,16.5335,68.3059,37.1333,51.5512,17.7395,108.8466,144.7946,63.1998,33.4085,82.1689,77.1932,126.0206,33.3332,63.7112,66.5688,16.0260,22.5413,42.9984,91.0598,56.5083,51.5463,98.1753,61.4344,59.0449,48.6989,99.2812,48.3912,55.3183,59.9635,95.9297,41.3160,39.2535,50.7455,126.8507,71.0381,66.5967,82.4795,116.7603,108.2079,38.7358,69.3367,49.3430,116.5327,108.4851,110.2700,33.0890,10.7295,65.6583,23.2554,23.8973,72.5206,134.9975,91.3726,37.0582,82.0824,51.0841,53.7048,21.1714,42.0353,70.2583,38.3051,165.4298,45.4356,32.5240,70.2579,25.4144,85.2150,50.4163,116.4154,110.2839,90.0677,59.9239,58.3717,36.2988,93.9886,77.0385,51.1146,55.6989,12.5757,89.5974,79.9176,34.6640,96.4115,61.5296,42.7308,45.4566,61.9994,50.8661,89.9249,19.3074,28.3478,89.8385,100.6744,77.0636,57.1626,59.0619,15.4575,110.4843,124.8731,59.9525,17.4138,71.0640,64.6908,99.1557,0.0000,80.2476,88.7873,45.7211,53.4505,36.5531,80.2625,47.3298,28.8197,37.6467,96.0029,51.4939,41.9002,35.0759,79.2879,146.7017,2.1388,56.1501,42.5346,4.3183,99.6682,39.0785
108.7306,73.3492,78.8192,142.8156,108.1631,106.3366,69.9701,65.5747,140.8895,87.5979,131.9882,38.3263,89.4365,136.0683,149.5440,60.9670,100.4713,140.4245,95.3601,146.2167,76.3200,79.3552,125.3307,41.8063,105.1371,145.1561,58.3474,147.8560,116.5249,108.0651,68.5953,129.6531,38.8694,53.3714,44.2112,105.4354,93.2611,73.2362,100.7520,63.4368,128.2135,136.6871,65.4300,120.2694,128.7901,101.9450,113.0005,211.2278,88.3640,56.9788,109.8175,30.2808,105.4016,169.8362,120.7952,154.9297,22.1380,82.0678,40.5894,84.9254,92.9362,90.3821,107.7856,81.2363,89.7383,110.1556,125.2372,97.2381,118.0616,104.0311,142.7997,67.9865,31.4526,43.2622,122.1717,73.9021,153.7837,138.2195,129.8037,111.8970,154.0495,151.3588,201.0886,105.9093,45.1971,117.5900,89.6680,69.1695,122.8883,125.4672,127.2860,119.8630,18.3412,121.0172,110.1535,33.8112,152.7689,88.2758,51.2107,98.0393,71.1317,40.6210,87.0296,71.6726,156.5202,16.6463,14.7338,58.0575,196.9267,177.8310,116.2355,25.3907,57.5383,66.0491,75.1113,107.8498,54.3824,69.5417,40.4741,58.0666,79.9352,140.8334,203.6739,159.6624,75.6330,110.9770,105.5820,49.0646,92.9348,104.8784,33.3766,48.3449,245.3067,42.8421,112.7487,109.5209,105.4351,162.2309,47.6772,94.5306,93.7768,164.2928,116.9848,81.8427,46.0400,18.1709,143.8449,123.5585,33.5636,68.9116,160.3774,157.7814,101.1557,135.8055,140.9350,80.6731,75.6652,141.5582,126.8482,83.0551,99.5072,55.3451,135.4819,178.5850,123.8965,33.2154,57.1554,65.1977,135.0556,193.1307,84.2615,63.8566,109.2069,34.5168,151.4339,80.2476,0.0000,119.4047,76.7926,128.8120,66.3994,39.7276,98.0115,107.9716,54.7642,115.5758,49.8251,83.9440,80.8506,158.4591,72.8609,79.0469,105.6646,114.1278,80.9909,92.5121,47.9482
32.2942,114.9933,51.2817,165.0135,70.2088,53.2665,49.5000,94.8482,188.0307,52.3273,13.7973,143.8554,41.8086,16.7913,43.1647,135.8941,90.1248,174.8458,87.4366,202.5937,76.8272,109.2981,10.9400,79.1568,145.0560,171.3465,172.7735,112.5612,158.4660,108.3565,76.7611,52.6689,85.9903,72.8661,84.5518,107.2532,115.5044,113.5206,125.5423,73.7050,101.2744,133.7439,128.2161,68.2337,128.1076,134.9941,175.1391,185.8022,95.0474,63.1371,12.4631,104.1146,46.8445,118.2839,75.9079,67.7893,128.1801,144.2784,99.3488,70.2170,54.5938,146.0622,65.8547,88.2410,33.5788,69.6578,125.3710,27.6361,93.8060,46.9049,169.7896,79.6128,131.0403,93.8107,63.8238,104.8707,36.9167,69.2171,56.7183,106.1325,153.1608,145.4350,117.9191,68.5713,74.4205,31.1504,75.6330,107.6499,92.4709,179.7533,134.2696,132.7492,129.1558,43.9840,34.4160,109.0414,183.2766,136.9048,68.5270,28.9671,171.4781,89.9312,127.9758,135.5088,39.5539,102.7897,106.6207,156.1845,151.0703,178.2748,79.7370,94.3270,63.6741,100.3237,181.4432,44.8072,77.2993,90.0395,134.1763,97.2608,112.4216,149.6448,105.2667,165.4626,55.5528,170.7652,41.6461,71.0040,107.5338,128.2929,133.9343,80.2664,197.0220,114.7962,93.3274,158.9955,96.1213,145.0768,73.3824,68.6671,190.5197,88.9559,146.0656,145.0403,103.9095,137.5527,154.8647,128.2689,87.2165,94.4842,160.8500,97.5976,60.4232,184.5208,96.6085,130.5169,131.9010,98.0054,122.6183,48.7370,89.4602,81.7218,177.0563,154.2267,23.5283,120.9553,62.2578,93.1343,199.2530,95.8533,146.9746,85.1016,18.0473,84.9781,41.9274,88.7873,119.4047,0.0000,48.8064,125.5776,120.4893,145.2706,135.9035,84.3579,115.1127,184.2413,70.7862,47.9792,54.8335,132.1976,148.9458,87.0336,35.0178,65.7282,84.5207,48.3195,80.0627
31.9858,68.5169,6.2044,128.0121,45.9513,35.2520,17.5689,47.6557,145.5778,16.9864,58.8831,96.1424,12.9521,63.8595,72.7753,87.2560,55.4415,134.9185,50.8581,158.6696,32.6817,64.4322,51.4439,43.8483,101.8127,133.5381,125.8081,94.6417,115.6960,72.8718,29.8331,55.4821,39.4154,25.0566,36.6618,70.9646,73.5988,67.1100,84.2474,25.3011,77.3373,102.9801,80.0897,53.6286,95.8194,92.5222,129.2251,168.3172,54.3226,31.0691,36.9043,56.5200,31.7038,110.0863,57.9338,80.5223,90.7232,97.0279,50.7974,30.6521,23.8438,99.8336,43.0747,45.5696,15.2460,47.0266,92.4333,40.1415,67.0929,30.3977,131.6521,32.6713,83.2747,45.2345,53.0731,59.0747,78.6913,99.0736,56.7247,72.7880,123.3378,116.9860,129.9685,43.3462,36.9234,40.8192,38.1530,60.8138,68.9037,135.4345,99.7599,96.0009,90.2505,45.6761,33.5724,60.8202,144.8734,91.2508,27.5405,22.0531,122.7870,41.9871,83.0157,87.6445,88.3596,61.1265,62.5775,107.5420,141.8802,149.6011,57.1120,54.1580,19.7648,83.8387,133.0380,64.6042,28.5896,43.7111,85.7494,48.9907,67.4337,115.9293,128.4112,134.0103,8.6683,125.0714,30.2325,28.7283,66.6745,87.7173,86.1064,32.1711,191.0459,66.0349,63.9574,114.6333,62.3853,121.3994,29.2337,73.2986,141.7164,93.9715,105.6383,97.7053,55.1053,94.6839,120.7941,93.9239,43.2297,47.9677,131.0708,92.9214,34.6926,141.5671,81.8546,84.1574,84.7065,82.9749,91.0969,45.8449,54.4580,32.9287,135.4168,134.5065,47.4538,72.7493,25.1075,45.8716,153.7589,117.8958,99.7915,37.4363,34.1854,45.1684,74.8175,45.7211,76.7926,48.8064,0.0000,94.0141,72.7542,97.5055,92.3554,55.1308,66.5228,137.6210,27.4200,9.3523,12.5110,111.6584,124.7633,43.6466,29.0805,47.7721,42.0134,54.8075,32.1023
93.2837,57.0470,87.9008,41.9907,55.3689,72.3139,110.5332,64.6128,74.0847,79.3164,126.5912,116.0214,90.2042,132.0198,113.4081,82.9953,38.5734,56.0556,43.2986,91.6281,64.4329,49.6285,120.0096,123.5050,46.0892,48.9843,141.7553,35.0856,51.8726,22.3311,71.4202,81.3311,99.5444,93.0831,93.0682,24.8001,36.2795,56.7265,32.5377,79.2209,28.0392,9.0137,72.1442,59.9188,3.0783,38.8256,78.4204,82.4279,43.6223,118.9688,114.4671,98.8668,78.7746,59.0559,52.0753,91.4383,150.6151,69.3353,88.9733,63.4167,74.0623,62.5712,59.7245,52.9132,101.9294,55.9989,4.1579,131.3225,32.1496,78.8193,48.0814,69.9084,108.5040,87.9844,65.3449,54.9116,132.2576,190.0772,77.2653,21.2425,29.3431,23.7440,107.8297,57.0654,117.1345,95.9726,55.8652,59.7884,35.0913,73.9481,11.7545,17.1526,147.1512,84.8934,91.2215,95.0904,60.9649,55.3159,108.5364,100.3049,118.8958,93.3249,49.2477,71.5507,157.9014,122.4073,116.6758,110.2820,74.2229,55.6245,46.5714,121.8802,102.0683,169.9719,132.3735,157.0453,86.5345,62.5180,102.3515,71.4723,49.5366,24.3186,127.8242,40.3782,85.8270,74.0048,83.9925,107.0573,35.9688,29.8364,109.4022,91.6035,119.1612,87.5514,32.2840,59.1421,31.6381,33.4985,103.8466,167.1813,124.1507,80.6311,35.5055,70.4026,82.7862,139.4060,29.5825,8.5449,108.5493,61.4738,37.0580,62.6830,65.6929,72.6659,44.0321,57.9300,64.3070,43.1566,2.9861,139.8468,39.5573,81.5953,62.2991,50.1349,106.3893,99.4125,111.7209,65.5177,95.3047,119.7972,70.0190,70.4606,107.9487,117.9202,118.2347,53.4505,128.8120,125.5776,94.0141,0.0000,66.4618,116.3511,43.9400,41.4121,75.9428,89.6528,104.8377,87.0905,81.6160,33.1916,198.6459,55.4188,90.7079,60.5751,55.3037,148.6868,92.3890
94.3088,10.3617,69.3130,76.5432,70.6902,79.5604,81.3938,25.7180,79.9658,69.4510,128.3986,49.7477,78.8826,133.8421,131.5780,19.6901,51.5497,75.6760,48.6490,89.7774,44.9980,19.8106,120.6965,76.9271,39.5222,79.2690,77.2195,93.2197,52.2206,49.5388,43.7350,101.7481,50.5161,54.3211,46.2394,47.2117,30.4180,11.3789,35.3680,47.5037,75.0871,73.1895,8.6149,83.4186,65.7183,35.5461,57.9473,147.5575,37.5889,80.7719,108.0933,39.8562,82.8955,117.7303,79.7400,123.5993,88.5084,24.4928,33.2741,53.9924,69.9277,29.1408,72.9943,37.5783,87.3905,72.8280,62.4767,111.4838,67.4027,81.8946,76.9369,40.8945,42.2071,36.1360,87.7940,19.1475,144.1782,168.0131,99.6906,54.7282,88.8059,87.1573,159.0856,69.7065,73.0016,101.8337,52.5581,14.0378,73.3209,66.7358,62.5619,54.7017,84.3546,97.7463,94.0065,33.7444,87.7608,23.3635,68.5046,91.6920,60.0062,42.8982,20.6302,15.0312,159.6884,65.0389,57.3347,47.6291,139.4680,111.7190,72.9553,68.0638,66.4724,120.9917,72.9701,133.2014,47.3184,31.0212,35.9281,24.0457,18.2494,74.9466,170.4470,93.5082,65.1085,54.2670,86.3174,65.8088,33.9836,39.2733,42.9684,48.1474,185.5771,23.5926,62.0000,47.2680,52.9458,99.6385,61.7411,132.7279,73.7464,124.2846,50.6369,25.0790,25.1412,74.1279,77.6685,59.7967,57.9936,26.6281,94.6911,111.7955,71.0742,75.2094,91.8988,15.1605,12.6307,91.9912,65.1393,109.5387,51.0590,41.4354,72.3081,116.4370,111.9389,34.1560,74.8246,27.3889,82.6072,160.5113,27.2971,35.4453,103.6901,68.3589,135.2793,36.5531,66.3994,120.4893,72.7542,66.4618,0.0000,50.1859,31.7184,62.1275,11.9694,65.3349,64.1187,72.5470,65.7811,98.8247,139.0361,37.3453,90.6094,78.8247,40.4598,120.1385,48.8203
126.9691,60.2737,97.0856,118.8904,114.0653,118.1095,97.1138,64.9063,109.0582,102.4429,156.2791,1.5172,108.2370,161.0877,167.6094,34.3179,98.8986,112.6716,94.9220,111.4134,82.7889,69.2403,148.9211,75.7146,81.0832,119.5916,29.3709,143.0616,89.4224,99.5724,77.2386,141.8983,59.3961,72.5987,60.8978,97.1728,80.5781,60.9869,84.3432,75.8662,124.4372,122.5882,44.3015,127.0875,115.3950,81.6125,79.2141,196.1383,84.8596,88.0499,134.0407,41.1615,119.3685,167.2895,125.0952,165.9936,56.0749,54.0648,47.3461,92.7261,105.7499,63.1190,115.2163,81.3952,112.4544,116.2446,112.2955,127.4927,115.9222,118.1048,117.2490,75.2607,14.2450,52.8083,130.5065,66.3721,175.9866,174.7428,140.8385,104.6173,136.5345,135.9403,206.2451,112.4263,76.4051,135.6212,94.5006,60.5023,121.6447,92.8808,111.3583,103.2747,50.9373,135.3906,127.6198,36.8505,124.9894,64.9666,78.4853,119.4908,31.5040,55.5386,67.9000,46.6712,184.3386,51.4900,43.7277,18.7173,189.6534,157.2323,118.9772,59.7131,81.8367,105.7738,37.4283,142.4450,69.3669,70.6950,14.7251,57.9544,68.2088,121.8521,214.4284,139.1975,93.0026,78.2154,121.2237,75.6527,83.8318,87.8302,11.4013,65.3420,235.5051,35.1913,110.4002,80.7494,101.6202,149.1510,72.5724,132.3496,54.1166,170.3055,94.7269,53.4161,45.9055,34.2441,123.6415,109.2685,60.0420,67.7440,141.6049,159.7011,110.8127,103.9518,140.4274,59.5447,53.2198,140.6735,115.1738,117.0949,98.1962,66.6221,105.9294,165.9937,144.0431,25.1177,85.5531,65.6169,98.9351,204.1142,55.3665,69.3516,131.6904,66.5484,170.4488,80.2625,39.7276,145.2706,97.5055,116.3511,50.1859,0.0000,76.6717,108.7460,43.2712,79.5790,75.3267,101.8235,96.5561,148.9637,105.6560,80.0625,123.4166,121.5848,82.9364,127.3283,65.4467
105.8042,27.4530,87.4634,44.8309,73.1119,86.9858,104.7427,46.8144,53.2588,83.6788,141.1959,76.6483,94.6638,146.8133,137.2694,42.3537,50.1554,45.1005,50.5703,66.7424,60.0216,28.1110,133.6881,106.1366,9.4825,47.6758,99.6161,77.1109,23.4312,37.2057,62.8646,104.9727,79.5875,79.8022,74.3004,36.2553,20.9470,28.3447,13.6913,69.2108,63.0031,48.0360,33.5086,83.6515,42.0657,5.2384,41.3345,119.7165,41.1370,107.4194,123.5371,71.2736,92.0960,101.9150,77.5610,122.4031,120.0741,25.5829,63.6666,65.6869,81.5490,18.7233,76.7582,47.7732,105.1596,74.8572,39.8245,132.4878,59.4299,91.4786,45.3660,60.1693,71.8365,65.3838,88.9709,34.1008,153.0843,191.0737,101.8446,42.5925,59.9468,60.0308,148.6051,73.2693,101.3560,111.6647,60.6970,34.7332,65.1319,43.8685,36.0582,28.0189,115.8153,104.1717,104.7014,65.4025,56.7704,11.9768,95.2990,107.2124,75.2162,72.0555,11.3964,30.0264,173.3547,96.5060,88.9723,67.7521,117.8415,81.0333,70.3967,98.9386,91.5103,151.4429,88.6484,156.2828,72.3931,49.1598,64.0982,49.8283,25.3039,45.1805,165.0764,62.8549,83.8037,36.6634,96.6355,92.9127,29.2770,14.5303,71.9619,75.0437,160.9150,55.2901,55.3087,23.2545,47.2346,74.1957,88.9556,159.3896,80.5168,117.3335,18.9851,26.6214,55.7086,104.6078,47.1264,35.6465,87.8234,45.3604,64.9443,101.4971,78.3408,49.2153,81.2070,17.6586,23.6233,80.8165,43.8541,134.3412,50.3264,66.3007,43.5833,90.9025,122.4475,65.2880,100.7746,48.5301,64.0198,156.0010,26.0958,56.8107,118.0280,98.1970,141.6107,47.3298,98.0115,135.9035,92.3554,43.9400,31.7184,76.6717,0.0000,60.1007,43.6302,51.9920,90.9514,89.2029,82.3406,76.9400,170.7337,49.2323,102.3443,80.9998,51.5059,144.5910,75.8100
52.0965,52.1675,48.9301,80.9810,14.4854,31.1605,72.4848,44.4841,107.3400,39.0864,86.2588,107.9101,49.4416,91.7967,77.6523,81.8175,10.7606,92.1124,13.8298,123.5005,32.3658,42.7920,79.3589,91.3412,67.7048,87.5225,137.5476,41.4968,79.3767,25.2818,40.4342,45.0739,71.8984,61.1748,65.4643,24.9911,39.7989,50.9139,47.0305,47.3756,22.6315,49.9141,70.5146,23.5513,43.8264,57.2791,101.4074,113.4917,24.5480,83.4016,73.0880,78.3253,37.5149,61.9045,18.0155,62.9921,127.9025,78.4081,68.0608,26.4962,33.1998,75.9315,18.7868,27.7084,61.1220,15.6633,41.0172,90.4342,12.0470,37.4831,86.1189,40.3795,97.0708,64.7385,28.8956,43.2902,94.6654,148.8505,41.7881,22.0299,69.9478,62.8812,97.5596,15.8079,84.3616,55.5681,19.5015,49.0437,15.2821,102.1543,49.9675,49.1627,125.5132,45.7595,50.1716,77.3721,99.5647,66.2176,74.8018,58.9714,122.1040,67.8219,56.7846,74.4368,118.1013,97.2550,93.8317,109.5399,90.6360,95.8866,10.9341,94.1592,67.2318,136.3139,135.0949,116.2516,56.3792,39.2848,94.0613,52.0487,45.2048,65.3040,108.5015,81.6865,47.7906,96.7254,42.7131,74.0701,31.8454,48.4169,98.9647,62.4457,139.8832,74.1765,9.2421,82.6783,13.1946,66.2839,71.7176,128.2090,134.1986,62.1924,64.7112,79.4572,65.0822,122.4312,70.5140,43.9889,80.3562,41.3596,77.7310,51.1104,24.2859,104.5699,32.9905,63.3147,67.9035,33.5874,38.4307,100.6132,11.1064,53.4237,95.7673,79.5750,66.2739,85.9722,76.2993,44.2106,123.2515,98.7273,80.4118,44.1155,66.6070,87.9548,82.1611,28.8197,107.9716,84.3579,55.1308,41.4121,62.1275,108.7460,60.1007,0.0000,65.6595,112.0803,71.8993,47.1631,42.6629,56.8493,171.2863,29.4927,49.3866,21.4057,27.1442,108.8122,63.1131
91.0994,19.0171,63.9134,88.4250,72.0744,78.5378,73.1131,23.2649,91.3491,65.9021,124.0023,42.5410,74.2479,129.3044,129.9945,20.7910,55.6618,87.6024,51.8332,100.3831,42.8085,26.7599,116.3300,65.8566,51.4852,91.2272,71.8882,100.2034,64.0583,57.2127,39.4605,101.7048,39.8129,45.6438,36.2766,54.7044,39.6865,19.2216,46.1778,41.4089,81.3217,83.1997,15.0047,85.0824,75.5026,47.2959,67.8729,157.8236,41.5956,70.8964,102.8984,27.9282,81.0071,124.1936,82.4384,124.7895,76.9009,33.9568,22.0700,52.5688,67.5348,40.0381,73.7396,38.7711,81.6007,74.2571,72.1032,103.8216,72.6582,79.8806,88.8975,36.8481,32.9984,25.7266,88.9457,23.1667,141.1573,159.0819,100.1146,61.9796,99.6658,97.5250,163.2190,70.6967,62.3758,99.1352,52.8467,17.3351,78.3735,77.6087,73.1006,65.4470,72.8694,96.5399,91.1434,21.7830,99.7131,35.1724,58.7348,86.8055,59.2343,32.3174,32.4197,23.0613,154.6071,53.0804,45.3705,45.1269,147.6516,123.0960,76.0844,56.2902,57.6679,109.2952,71.3058,124.4468,39.2048,29.2315,28.5462,18.1986,26.4248,86.1557,172.6140,104.9136,59.6184,64.5198,83.8406,55.9240,41.3823,50.2441,34.3382,38.8557,194.5875,11.9713,67.1335,58.7032,58.3923,109.3888,51.8746,122.4797,75.9615,127.5751,62.4906,34.2858,14.0982,63.5613,89.0889,69.8562,46.7611,25.5395,105.7935,116.4811,70.4952,86.5105,97.1564,27.0381,23.5198,97.4072,74.3434,100.2220,54.9813,33.8408,84.0343,126.0776,108.7484,23.4796,65.3790,24.4582,92.3334,162.4529,36.7229,30.8199,99.0520,57.0450,133.3913,37.6467,54.7642,115.1127,66.5228,75.9428,11.9694,43.2712,43.6302,65.6595,0.0000,74.2748,54.4109,67.7348,61.3062,107.5019,127.2240,37.7707,87.3990,79.9287,40.8088,110.8915,39.4441
155.7325,69.3176,133.6990,63.5640,124.8633,137.9778,146.7075,89.9761,35.4042,132.1029,190.8665,80.5088,142.4400,196.4384,188.9665,57.0630,102.0076,49.0080,101.9877,32.1897,107.4336,75.2341,183.2273,139.0522,45.2670,59.8469,87.7236,124.7108,38.0701,88.7753,107.9875,156.8436,113.8167,119.4899,110.5514,88.0652,72.5403,70.7743,65.3808,112.5778,113.3815,89.9704,59.3051,135.6312,86.9500,55.2636,11.2454,147.5162,91.7690,145.1595,171.7782,98.9117,142.6565,148.5161,129.5337,174.2823,134.8934,40.8441,95.9081,114.8178,131.0885,38.2101,128.3645,96.7044,151.8338,126.6699,86.0982,176.7718,111.0128,141.9100,58.1753,105.1170,84.1399,99.9771,140.9276,79.3713,204.1785,233.1901,153.7857,93.9375,92.0475,96.4012,197.4098,124.8640,136.2630,162.2365,110.9395,76.8664,116.5383,21.0182,78.6436,72.5996,129.8410,155.5669,154.9145,91.8133,58.4923,47.6355,133.0096,155.2742,57.4611,106.4680,56.9897,51.2580,222.7771,121.3636,112.7294,61.8462,157.7760,101.8352,122.3780,127.0040,131.6245,179.1759,66.9865,198.4375,112.6072,94.3361,75.1059,89.3669,72.1083,77.9783,215.8697,87.2754,129.6238,15.8036,146.8887,130.1953,80.8128,64.9396,82.4173,112.9980,193.9543,81.2439,107.1462,30.7298,99.2188,111.7478,126.1485,196.5026,46.8948,168.1005,54.1870,40.3024,88.2645,113.7819,76.2410,81.2582,119.9332,89.9304,93.0734,151.3131,129.2455,31.1956,131.4234,53.7306,52.9890,130.8558,90.6770,174.4569,102.1163,106.7649,39.1751,126.5002,172.8820,84.7455,139.6207,91.7550,19.4948,207.1096,38.0380,100.1955,166.8133,129.8033,193.2209,96.0029,115.5758,184.2413,137.6210,89.6528,65.3349,79.5790,51.9920,112.0803,74.2748,0.0000,128.6824,136.4014,129.4904,119.3527,185.1798,97.5689,152.1413,132.8454,100.3212,185.1120,113.6191
59.3574,63.8805,30.5870,132.2481,66.9321,60.3865,21.7970,44.4921,143.1328,40.9559,82.7739,73.8626,40.3364,87.1533,99.8662,73.3577,68.2745,135.8685,62.9186,153.8375,40.8807,63.6733,75.8678,19.4446,100.2203,136.7562,102.1127,113.3422,114.0053,82.5217,33.4467,82.2922,16.3664,11.8359,18.1437,80.1204,76.2640,62.7987,86.6095,25.6586,94.4151,113.7622,69.3821,77.1236,105.9586,92.6515,121.9673,184.3461,61.3668,16.6711,60.4406,34.7910,58.0577,131.7998,79.7749,107.5228,63.3748,88.1489,33.3996,45.4765,47.3372,93.2194,65.2063,51.9592,39.9290,68.5365,102.3244,52.4097,83.7079,56.6961,134.6203,34.9649,61.2715,28.7873,77.7013,57.2739,104.1370,104.8543,83.1279,84.2344,133.6628,128.5722,156.0862,64.3628,12.5100,68.1477,52.4688,56.2752,87.0231,130.6892,107.8188,102.3235,62.8308,72.8410,60.9914,40.8845,147.0688,86.3373,4.3960,48.2216,103.5993,22.6549,80.0395,77.4368,109.2919,33.8080,36.1367,88.2444,162.1902,159.6758,77.1164,26.7673,7.7448,65.2353,112.3187,70.4801,18.9785,43.8831,65.7713,41.3246,66.0476,123.6631,155.7033,142.6724,28.3899,118.3736,57.3067,2.2244,71.5527,90.6528,64.2107,16.0663,211.5299,49.3052,79.3448,110.6508,74.8740,135.7236,2.7987,68.7568,124.3321,119.6269,107.4505,88.5602,40.5257,67.9080,127.9818,102.5505,16.5510,46.6130,141.0785,116.4363,57.3228,138.5877,102.7232,78.2942,76.7455,103.6576,102.1792,45.8604,67.2016,24.8641,134.3498,150.4269,74.0902,52.2606,11.1050,42.9095,146.5620,145.1741,90.9468,35.5409,59.4495,18.0240,101.6482,51.4939,49.8251,70.7862,27.4200,104.8377,64.1187,75.3267,90.9514,71.8993,54.4109,128.6824,0.0000,35.5637,34.2895,128.1477,100.3754,49.4679,56.5003,70.9389,49.5783,56.5458,15.3498
25.3560,67.0945,5.1249,122.6371,37.0593,25.9134,26.5993,46.8758,142.1187,8.1430,56.2680,100.5208,6.5501,61.5802,66.4127,88.5036,48.6614,130.4770,44.5034,155.8944,29.2820,61.8538,48.6007,52.8747,98.5565,128.4204,130.6188,85.8446,112.2799,66.6218,28.8140,46.7489,45.6082,30.8721,41.8168,64.9102,69.5566,65.6312,80.0382,26.6620,68.9822,95.9762,80.3797,44.3034,89.0653,88.8669,127.5051,159.8175,49.5304,40.4186,35.5548,61.4705,22.6441,100.8298,48.7792,71.9595,98.8962,96.3061,54.5313,24.6657,14.7873,98.2834,33.9793,41.5342,16.0066,38.0099,85.7893,44.7568,58.9630,21.3061,126.6242,31.6532,87.7065,49.0254,43.7274,57.0965,74.3504,103.9900,47.7481,65.9998,116.2981,109.6623,120.9351,34.4848,45.8562,34.1880,31.6865,59.6871,60.3889,132.8094,93.5507,90.3513,98.1653,37.3314,26.4148,64.9751,139.9786,89.2874,36.2445,19.1613,125.5684,46.9027,80.5890,87.5753,87.1629,68.7721,69.4511,110.5223,132.7413,142.4875,48.3000,62.2801,28.1924,93.1451,136.3948,70.1720,32.5082,42.0963,89.3114,49.6453,64.9495,109.6489,120.2217,127.3442,8.8370,123.2042,21.7919,37.1059,62.1176,83.2534,90.4492,37.2454,181.8544,68.8706,56.2034,111.9792,55.5137,113.3903,37.0325,81.0762,143.6087,84.7931,101.2379,97.0636,57.6717,101.5709,114.6265,87.6232,50.5586,46.5313,124.0667,83.5710,25.6040,138.3114,72.7471,82.6754,83.9277,73.8908,84.1357,53.4658,47.7397,35.5304,131.6008,126.1059,42.2239,76.7724,34.3550,45.1703,151.8101,109.6836,99.0086,37.2617,31.3253,53.5514,68.8911,41.9002,83.9440,47.9792,9.3523,87.0905,72.5470,101.8235,89.2029,47.1631,67.7348,136.4014,35.5637,0.0000,6.9271,103.2224,133.9890,39.9711,21.9908,38.4909,37.8228,61.7400,37.3569
30.4692,60.1917,6.3167,116.3405,34.1803,26.1444,29.8469,40.0785,135.3160,6.7959,62.7812,95.2905,13.1015,68.1571,71.1206,82.0302,43.0501,123.8767,38.6027,149.0106,22.3732,54.9343,55.0895,52.7943,91.7109,122.0294,125.5643,82.5736,105.4618,60.6984,22.0955,48.8403,42.0624,27.4889,37.5706,58.8779,62.8210,58.7257,73.3501,20.7910,64.9719,90.5645,73.6929,43.1343,83.4731,82.0752,120.5788,155.9775,42.9505,41.9635,42.3893,56.7931,24.5515,98.9158,46.6011,74.1466,96.9352,89.4463,49.2152,18.4587,13.0811,91.3634,31.7331,34.7463,22.8197,35.4615,80.1221,51.0932,54.6534,23.1806,120.2010,24.9031,82.5511,43.8065,43.4349,50.1729,80.1951,110.3273,49.2443,60.4149,110.9192,104.5074,121.8790,31.5559,45.6499,39.0655,25.8148,52.8164,56.6405,125.9102,87.6286,84.1504,95.8615,40.2893,31.0677,59.7921,133.5158,82.3603,35.7952,25.9272,119.5394,42.3915,73.6691,80.8123,93.9080,66.3158,66.1885,104.5972,130.2993,137.1697,45.1565,60.4815,27.6160,95.1450,130.5881,76.2325,27.7388,35.2093,83.6984,43.1449,58.0276,103.7751,122.8274,121.7090,5.9873,116.2771,25.1225,36.1085,55.4953,76.6315,85.2334,33.0646,179.5719,63.0177,51.4520,105.0785,49.9779,108.9100,35.2805,85.7986,137.2525,85.3523,94.6127,90.2123,51.7759,98.1404,108.6932,81.7483,47.9715,39.6515,118.6634,82.5784,23.4961,131.4782,70.2941,75.7618,77.0697,71.3596,78.6873,58.3094,42.0832,29.9527,124.8574,122.1273,47.8565,71.4438,35.2858,38.3923,144.8840,112.2832,92.1410,30.6421,37.9362,52.2322,73.8927,35.0759,80.8506,54.8335,12.5110,81.6160,65.7811,96.5561,82.3406,42.6629,61.3062,129.4904,34.2895,6.9271,0.0000,99.3055,134.1988,33.1204,26.8756,37.0334,31.0534,67.0868,33.2998
101.2915,88.9993,105.4932,61.4186,66.5337,81.8951,129.1472,92.9734,97.5769,95.0810,129.6909,148.5628,104.4371,134.5786,109.1339,115.9872,60.1255,78.1066,65.5365,115.3145,87.4822,80.7619,124.3833,147.5004,78.1158,68.0740,174.8201,19.8158,81.3513,50.5954,95.3493,81.1509,125.9216,116.9505,119.3465,53.1995,68.4067,88.4906,65.7013,102.8713,34.3340,29.7187,104.9664,64.2621,34.8753,71.7594,108.3263,56.6735,70.3322,140.2257,122.9305,128.1909,88.2604,32.1720,57.0499,81.5749,179.7675,102.4432,117.9527,83.1798,88.6130,95.4204,70.2499,78.4596,115.6952,66.0330,37.3494,144.1728,44.8055,88.8139,68.2586,94.5628,140.4170,116.0688,68.3857,85.2461,129.4724,200.4331,76.8201,46.5633,33.1723,25.4288,82.4468,68.9916,140.6573,101.0571,75.8325,90.6347,42.8382,101.4311,41.7214,49.2417,176.6818,88.3467,98.7311,125.2449,78.2256,88.4618,131.2898,111.7048,152.0469,120.5910,82.3838,104.6892,158.4240,150.2818,145.4410,143.4343,41.0345,50.4561,55.3122,148.5174,123.9090,192.9994,165.5150,169.8476,111.3337,89.6104,134.7379,100.4004,81.1994,42.7717,106.9999,45.4169,104.5903,104.2112,93.1815,130.3516,66.2579,63.0115,141.5111,117.0527,87.1473,118.7055,48.8216,89.8042,53.9900,14.6858,127.7032,184.1131,156.6061,64.1380,65.8672,103.5025,112.6508,170.3494,46.2891,41.2964,134.7831,89.6565,38.1665,45.3736,78.2140,97.5196,36.0191,91.0675,97.4227,34.6133,33.9261,156.5118,61.1915,107.3223,86.5898,22.8924,110.0040,130.7736,133.0959,93.5079,121.8563,100.7834,103.0334,96.6634,116.2383,143.2774,114.0363,79.2879,158.4591,132.1976,111.6584,33.1916,98.8247,148.9637,76.9400,56.8493,107.5019,119.3527,128.1477,103.2224,99.3055,0.0000,225.9402,80.8926,99.7363,67.9246,79.7746,164.0460,117.7896
153.5666,145.2955,129.5390,215.5638,167.2987,159.8027,109.6311,134.0463,212.9008,140.5874,162.7210,104.6833,137.0743,164.6961,189.2418,133.2608,165.9944,213.2270,160.6001,216.7986,139.0801,150.2698,158.4729,81.4047,177.9895,218.0053,108.0131,212.7175,189.3228,176.8955,131.0387,179.7314,100.0226,110.2360,106.5965,174.2864,164.3424,145.0096,172.6224,123.9110,193.3313,206.9952,138.2863,177.3134,199.0103,174.5197,184.0452,280.7334,155.9683,94.1159,144.4669,100.5757,156.4465,232.0838,180.1501,204.1128,51.1945,154.5394,109.9378,145.3291,147.2595,163.0395,165.5506,147.5015,131.3996,168.9119,195.3719,121.3760,182.6807,155.1523,215.6505,131.5396,102.4745,110.6630,177.4904,144.3153,185.7701,130.6356,181.3317,179.9429,225.3056,221.8937,254.5197,164.7350,88.5524,161.3491,151.8167,140.2506,186.5613,197.1284,198.4582,191.3830,55.9508,169.4043,155.8719,105.6443,225.5882,161.1359,98.4184,139.9225,132.9921,105.5453,159.6308,144.3847,175.9841,76.2478,82.5090,123.9299,261.9217,249.7859,177.3222,77.4337,106.5866,49.6274,131.1329,115.3907,114.9924,136.6254,111.5516,127.2400,151.2846,212.6946,250.0346,231.7192,128.2121,182.4779,154.4987,98.3680,162.7826,176.8115,103.6297,109.0641,311.1482,115.4469,177.8621,182.0982,171.9529,231.5294,100.0429,90.1036,154.2057,218.7305,189.6730,154.2396,116.8580,71.4140,215.9757,194.2526,91.2090,137.2257,231.9596,216.7224,157.5621,207.7875,202.9345,153.4972,148.5251,203.8237,196.3996,100.4142,164.9440,118.6480,208.0457,247.3082,163.4048,106.0368,99.6562,133.2081,204.5774,239.7741,156.6023,129.2964,147.1618,83.3821,189.3728,146.7017,72.8609,148.9458,124.7633,198.6459,139.0361,105.6560,170.7337,171.2863,127.2240,185.1798,100.3754,133.9890,134.1988,225.9402,0.0000,145.0550,151.7093,171.1705,146.2059,103.6884,108.3554
58.2850,29.2997,38.4170,84.9903,34.3043,42.2606,57.8394,15.2016,102.2170,34.7084,93.3006,79.1379,45.4995,98.8697,94.3061,56.3107,21.4499,91.2860,16.3227,115.9410,10.9663,22.3470,85.6584,68.1042,58.5910,90.2404,109.1965,68.8772,72.3511,33.0879,16.2500,64.5173,45.0583,37.6794,38.4838,30.6593,29.9522,27.8101,40.6076,23.9874,49.2244,64.3132,45.9333,47.3188,56.4919,49.0058,88.1807,136.0757,11.9201,64.1527,74.6003,49.0719,45.9255,90.9452,45.0410,87.0800,99.5928,58.7509,38.7408,17.3063,33.6045,59.3757,36.0711,2.5122,55.9392,36.4875,52.8565,83.7083,39.0166,45.0145,88.2878,14.5042,67.8891,35.8398,51.2074,18.8450,107.5628,142.7189,62.6447,35.2208,84.2026,79.1628,126.3501,32.9565,61.7192,65.2396,15.2917,23.3079,43.9657,92.9030,58.6049,53.6780,96.8946,60.4429,57.6430,47.8820,101.3967,49.9987,53.2654,58.1661,96.3896,39.7961,40.9494,51.7444,125.2279,69.5334,65.2680,82.7670,118.0930,110.2644,39.1065,67.6532,47.2371,114.5532,108.8407,108.1757,31.1594,9.7922,65.5199,22.6134,25.4767,74.6306,134.8542,93.4651,34.9885,83.7661,49.7249,51.6819,23.3060,44.1412,69.9076,36.4718,166.8546,45.0794,33.7133,72.0875,26.9334,87.0261,48.4286,114.2773,111.0878,90.2484,62.0142,59.6413,35.6175,93.0393,79.1596,53.1884,53.9719,12.3419,91.6479,80.4974,33.7313,98.3586,62.3684,44.1462,46.6501,62.8798,52.8104,87.7889,20.4698,26.5574,91.8596,102.3982,75.6687,56.6658,56.9559,14.7564,112.2196,124.6827,61.2769,15.7758,69.3673,62.8577,98.0884,2.1388,79.0469,87.0336,43.6466,55.4188,37.3453,80.0625,49.2323,29.4927,37.7707,97.5689,49.4679,39.9711,33.1204,80.8926,145.0550,0.0000,54.6541,42.1856,3.1230,97.5395,37.2388
3.7074,83.7195,27.0546,130.0065,35.4124,18.4998,42.0802,65.0940,153.7213,21.5083,38.8612,122.1433,16.2346,44.4742,44.4401,107.9157,55.2271,140.0577,52.8216,168.7289,45.6276,76.9260,31.3500,72.1088,111.2740,136.3655,152.3698,80.6181,124.4056,73.3883,47.9538,28.4334,67.5601,52.8356,63.7891,72.3484,81.6064,82.2239,91.3205,47.6521,67.3388,99.0001,98.8755,35.6591,93.1895,101.0307,142.5272,154.9974,61.2131,57.7236,23.8218,83.3681,11.9651,90.6380,42.6918,52.4153,119.7560,113.2644,76.0708,37.3529,21.0583,113.9893,31.0936,55.4369,20.6840,35.0628,90.4026,45.1400,59.2120,11.9038,134.8299,50.5546,109.3812,70.6338,32.4504,73.3011,53.7660,100.8808,30.8306,71.1152,118.6541,111.1157,103.0790,33.6435,65.4470,12.2353,41.6482,76.9602,58.4190,146.1724,99.2588,97.7745,119.3301,17.8170,4.4959,86.6209,148.3166,104.5117,56.4273,13.2664,146.1236,68.8325,95.2617,105.5264,71.0109,90.1733,91.2749,131.2907,123.5147,144.0995,45.5129,83.2248,48.8269,107.6847,157.3500,70.3874,54.3238,59.5901,110.5560,69.2140,80.0460,114.6905,99.5654,130.7735,30.7548,138.0310,6.7537,57.7739,73.4484,93.8615,112.0807,59.2203,171.5766,89.8011,58.4261,125.5812,61.1235,111.8462,58.2786,87.6246,163.2920,68.3657,111.4745,114.1210,78.5537,123.4128,119.8995,93.2560,72.1473,63.9864,126.3896,71.2277,25.4192,150.3785,65.3990,98.7958,101.0230,66.7340,87.7381,61.0684,54.6005,56.8278,142.5791,122.3150,21.3763,98.3097,52.9902,63.5573,166.2020,89.0851,115.8405,56.5860,17.2434,74.1695,47.0493,56.1501,105.6646,35.0178,29.0805,90.7079,90.6094,123.4166,102.3443,49.3866,87.3990,152.1413,56.5003,21.9908,26.8756,99.7363,151.7093,54.6541,0.0000,31.9127,51.8337,66.5166,59.3427
33.7905,69.6256,42.2020,101.5075,8.2129,14.0783,65.0459,56.9224,128.7198,30.9582,66.0164,120.5688,37.9194,71.4490,56.3523,98.2188,30.8492,113.2474,31.3162,144.9051,39.1865,60.8082,59.5094,89.7784,88.8898,108.2037,150.8927,49.1079,100.7516,46.6463,46.0540,24.0014,75.7008,62.3643,69.9496,46.3945,60.3098,68.2295,68.2061,50.6990,35.5880,68.3638,87.4282,6.2210,63.2920,78.4371,122.3295,123.6413,42.3514,78.6609,55.4880,86.4370,20.3398,62.3435,10.9590,44.9043,132.1010,97.6110,76.8601,29.5872,24.1064,95.9984,6.4501,41.4479,48.4575,6.2128,60.9060,76.3286,28.4403,20.9439,106.9069,47.3201,108.7487,72.4280,9.0222,59.6990,73.2932,132.7886,21.1876,43.0184,87.4871,79.7094,86.9827,9.2320,82.6254,35.4426,27.1500,64.9438,26.7456,123.4817,70.2456,70.1898,130.4802,24.5846,31.4123,87.1637,120.2811,86.2257,72.7552,43.8276,138.4600,73.6373,76.6916,92.3831,97.4507,101.1079,99.4482,124.9516,94.4408,112.5602,14.0895,96.2746,64.5989,131.6103,151.0046,101.9394,59.8465,51.0092,107.2555,63.6323,63.5919,84.8758,92.8638,99.9258,43.0137,117.6624,25.2812,72.8736,52.0776,69.7579,111.0000,66.0030,143.4318,86.3944,29.0687,103.8251,34.5875,79.9373,71.5914,117.2943,152.2790,50.1987,86.1022,98.6183,75.9849,130.2499,90.1371,64.3856,83.0093,54.4013,95.1511,45.5570,13.6177,125.9740,34.7117,82.4459,86.3772,35.9465,57.6822,89.9147,30.7315,59.0157,117.1197,90.6171,45.8168,97.3316,72.2069,56.0501,144.4998,82.6054,99.8095,52.7476,48.7990,88.5990,60.8073,42.5346,114.1278,65.7282,47.7721,60.5751,78.8247,121.5848,80.9998,21.4057,79.9287,132.8454,70.9389,38.4909,37.0334,67.9246,171.1705,42.1856,31.9127,0.0000,39.1236,96.7233,66.4915
55.4455,32.3168,36.5786,86.1770,31.2890,39.1728,56.7710,18.0303,104.2977,32.2108,90.5547,81.9934,43.1600,96.1354,91.2198,59.4315,19.8502,92.9572,14.5248,118.2477,9.5715,25.0931,82.9301,68.4848,60.7967,91.5780,112.1139,67.1747,74.4702,33.0402,16.1324,61.3951,46.1915,37.8968,39.6243,30.7226,31.7720,30.8313,42.3380,23.9292,47.5449,64.2623,49.0510,44.3160,56.5361,51.0445,90.8314,135.3033,12.5104,63.8031,72.1111,51.1974,42.9218,88.8636,42.2276,84.0064,101.2956,61.7121,40.9183,14.4976,30.7754,62.1559,32.9805,3.7327,53.8262,33.4735,52.9346,81.9255,37.1611,42.0318,89.6683,14.8813,70.6310,37.7292,48.1433,21.8755,104.5897,141.0454,59.5331,34.6918,84.3180,79.0188,123.6069,29.8919,61.9527,62.2918,12.1725,26.4220,41.8985,95.2825,59.1026,54.5320,98.7124,57.3508,54.7448,50.3095,102.8640,52.7089,53.2342,55.7294,99.4969,41.3037,43.5588,54.8224,122.5379,71.0079,67.0402,85.8404,116.4598,110.4760,36.4472,68.7722,46.8730,114.7908,111.9283,106.6152,31.7195,12.3665,68.4324,25.2692,28.2152,75.2137,131.8472,93.8998,33.3469,86.3873,46.7954,51.8014,24.6622,45.7232,72.6933,37.2980,165.3592,47.8802,31.9859,74.4939,25.8081,86.3830,48.7062,113.3853,114.2043,87.4138,63.6741,62.6128,38.1935,95.2870,79.8454,53.5503,55.0147,15.3103,91.8394,77.9705,30.6234,100.5166,60.1171,47.0243,49.6575,60.6748,52.6157,86.6766,18.8210,27.5587,93.8040,101.5253,72.7664,59.3577,56.5710,17.4300,114.7710,121.6583,64.2172,17.2642,66.7726,63.6142,95.0197,4.3183,80.9909,84.5207,42.0134,55.3037,40.4598,82.9364,51.5059,27.1442,40.8088,100.3212,49.5783,37.8228,31.0534,79.7746,146.2059,3.1230,51.8337,39.1236,0.0000,96.2848,38.0439
66.3121,118.6020,60.8327,182.4604,97.5311,82.6567,39.9029,97.9470,197.6657,69.7413,61.4439,125.8121,59.6633,62.3675,91.3212,129.8317,110.1333,188.4740,105.6471,209.3860,86.7448,116.5188,59.0123,51.7026,154.0534,187.7799,150.5953,145.7599,168.0016,127.6792,82.1227,93.2709,72.2356,65.8481,74.6772,125.7633,127.2268,117.3624,137.9146,75.3967,130.1477,157.6170,125.8157,101.4438,150.5599,145.4518,178.0847,220.2652,108.7560,40.5423,48.5453,89.6855,76.6756,157.1537,107.6646,113.3113,93.8150,144.4293,89.8603,85.4445,75.7514,149.0125,93.8099,99.6712,48.3719,98.0233,147.2028,22.3655,120.4541,75.8902,185.8229,84.6627,114.1898,85.3321,98.8156,110.5120,83.7696,48.3736,96.4671,127.4999,177.9625,171.3986,164.4992,95.1150,51.2983,70.9425,92.8940,110.7769,121.3497,186.1148,154.5619,150.6629,96.3099,82.7736,69.0848,96.3967,198.8804,141.5048,52.3062,53.4142,157.5876,79.1158,134.3171,133.8554,72.5205,76.9361,83.8102,142.4920,190.0111,204.1856,108.7338,68.1564,53.7140,54.1000,164.7331,15.3377,73.0262,95.5043,120.2107,96.5256,119.2874,170.7338,153.4986,188.7884,63.2766,174.3404,72.3012,55.2016,120.8316,141.6002,117.0821,72.1182,238.0417,105.5898,117.9134,165.6711,117.0519,174.8429,59.1762,21.3356,179.1987,132.7260,159.3200,144.8873,97.0682,109.2386,175.5849,148.7313,68.2796,99.2314,185.7182,137.6084,85.8629,193.3445,131.2682,133.7057,132.7482,132.5513,145.7496,10.6892,109.1696,79.0857,188.1417,186.9125,68.3002,106.9177,45.5152,96.1879,202.7442,143.9413,147.2366,87.7966,53.8295,60.7813,90.2462,99.6682,92.5121,48.3195,54.8075,148.6868,120.1385,127.3283,144.5910,108.8122,110.8915,185.1120,56.5458,61.7400,67.0868,164.0460,103.6884,97.5395,66.5166,96.7233,96.2848,0.0000,71.4930
62.7013,48.6135,32.3480,117.7218,61.0258,58.4051,34.1300,29.8118,127.8109,39.9291,90.8362,64.0709,43.4774,95.6798,103.7690,59.0192,57.7038,120.8202,52.2972,138.5005,30.7754,48.8988,83.4771,31.4600,85.0222,122.0273,93.7231,104.4203,98.7614,70.1085,22.7102,81.8588,9.2093,7.1966,4.5595,67.5956,61.9429,47.5648,72.0715,16.0508,84.9820,101.1709,54.3281,72.6831,93.2507,77.6841,106.7229,173.2904,48.7981,32.0194,68.6328,24.4205,57.7392,124.6156,73.8689,107.0833,65.7311,72.9666,19.6845,37.9701,45.0181,77.8941,60.2467,39.7427,47.0123,62.9152,89.5869,65.1794,74.3479,56.3783,119.8587,23.2304,51.2055,14.4098,74.3317,42.4481,110.7583,119.6390,81.8902,72.4593,120.7062,116.0993,153.3130,58.6431,25.8098,71.5442,43.7950,41.0837,78.3902,115.3429,94.4195,88.5057,63.9907,73.5842,63.7439,28.9791,132.1493,70.9936,19.7458,54.1426,91.6766,9.9100,64.8085,62.3636,119.4095,34.7279,33.2149,76.3203,153.6909,146.4604,70.0244,31.0498,18.3913,77.9971,101.3845,85.0172,6.7958,30.1336,54.1442,26.0479,51.1284,110.0100,155.8998,129.1386,28.6107,103.0868,58.3726,17.1764,57.9009,76.1824,54.0560,0.8011,202.8430,35.6672,69.5073,95.3076,63.8508,124.2647,13.1643,84.1034,111.5613,116.5275,92.6362,73.4076,25.8860,64.9196,114.1484,89.3943,17.2431,32.2541,127.9606,110.9913,53.3142,123.2519,95.4175,62.9446,61.4508,96.2012,89.8690,60.8431,56.6460,10.8000,119.1128,139.5549,79.1842,40.8948,26.0328,28.3544,131.3460,145.3652,75.7708,21.9563,66.2769,25.6189,106.1896,39.0785,47.9482,80.0627,32.1023,92.3890,48.8203,65.4467,75.8100,63.1131,39.4441,113.6191,15.3498,37.3569,33.2998,117.7896,108.3554,37.2388,59.3427,66.4915,38.0439,71.4930,0.0000
