,Z-1,Z-2,Z-3,Z-4,Z-5,Z-6,Z-7,Z-8,Z-9,Z-10,Z-11,Z-12,Z-13,Z-14,Z-15,Z-16,Z-17,Z-18,Z-19,Z-20,Z-21,Z-22,Z-23,Z-24,Z-25,Z-26,Z-27,Z-28,Z-29,Z-30,Z-31,Z-32,Z-33,Z-34,Z-35,Z-36,Z-37,Z-38,Z-39,Z-40,Z-41,Z-42,Z-43,Z-44,Z-45,Z-46,Z-47,Z-48,Z-49,Z-50,Z-51,Z-52,Z-53,Z-54,Z-55,Z-56,Z-57,Z-58,Z-59,Z-60,Z-61,Z-62,Z-63,Z-64,Z-65,Z-66,Z-67,Z-68,Z-69,Z-70,Z-71,Z-72,Z-73,Z-74,Z-75,Z-76,Z-77,Z-78,Z-79,Z-80,Z-81,Z-82,Z-83,Z-84,Z-85,Z-86,Z-87,Z-88,Z-89,Z-90,Z-91,Z-92,Z-93,Z-94,Z-95,Z-96,Z-97,Z-98,Z-99,Z-100,Z-101,Z-102,Z-103,Z-104,Z-105,Z-106,Z-107,Z-108,Z-109,Z-110,Z-111,Z-112,Z-113,Z-114,Z-115,Z-116,Z-117,Z-118,Z-119,Z-120,Z-121,Z-122,Z-123,Z-124,Z-125,Z-126,Z-127,Z-128,Z-129,Z-130,Z-131,Z-132,Z-133,Z-134,Z-135,Z-136,Z-137
Z-1,inf,143231.16,48173.6,111393.92,111528.8,41750.37,68766.64,95271.19,114905.96,61869.99,88588.55,19849.2,120349.66,132232.46,108372.57,27543.81,142543.5,151316.64,inf,139002.55,134772.09,84610.87,125665.35,107363.42,156718.63,inf,121437.45,81345.81,90317.77,148870.46,81091.04,118899.02,125372.48,76147.33,63896.02,87441.96,127434.3,41412.16,128075.67,207951.9,84551.3,99307.55,139053.37,120603.66,161885.25,134755.38,169248.16,117972.81,87919.32,100180.49,103859.07,86805.97,148146.05,197887.17,149242.69,112192.58,84720.39,99827.52,76544.29,139581.64,53549.66,64200.74,126289.65,inf,45297.18,50665.99,1630.14,56639.99,166178.05,80980.36,22380.02,74240.08,105757.08,92667.71,103582.14,94688.61,6136.95,53026.89,184907.53,inf,105545.23,107259.83,110626.86,112948.48,86668.15,103256.1,103435.86,175345.34,73848.72,175232.12,108104.75,55556.12,85587.12,110874.08,74258.53,inf,157037.83,133604.06,74520.49,101728.04,149790.65,186321.34,90368.93,157170.62,115157.63,193973.84,83445.12,106682.88,145902.1,124653.85,68773.45,64368.3,92096.92,84958.38,64947.23,58673.98,120869.93,107274.15,120372.81,106497.79,90351.66,99858.79,59907.47,67514.33,115787.76,inf,87464.41,131475.66,200792.74,95626.29,73203.86,72328.33,177515.34,34136.65,92618.9,106577.53,112207.47
Z-2,90826.44,inf,176255.7,74128.31,87711.18,127645.75,47321.99,91913.85,33380.03,98617.95,150877.09,10658.87,146772.27,83827.36,110847.01,133234.85,88652.44,123775.76,187817.66,123007.43,48243.74,18635.68,118364.46,111289.49,86784.8,124368.71,193110.8,144727.0,125943.15,99701.04,95109.9,104987.35,139981.47,90946.56,110823.4,26245.17,94771.72,105436.53,103996.86,67322.01,122074.49,72656.75,174713.29,64006.42,48955.91,147272.83,131907.98,127196.08,85955.69,137082.05,42325.13,90805.0,96214.34,89186.24,74445.15,72218.2,22888.74,183047.66,inf,126431.55,inf,40571.26,165814.37,115167.29,77007.71,73093.57,126619.59,95121.88,inf,129326.71,123710.61,145980.55,inf,inf,92063.45,123225.37,123305.0,100784.96,120364.39,inf,60427.0,43895.9,134745.79,81175.44,133270.86,84184.77,118456.2,20977.73,128411.88,88329.01,21750.89,117837.83,148470.89,114571.55,47744.59,87349.9,131027.21,88021.45,96638.51,117414.81,109951.99,46074.35,137862.1,44460.24,129786.29,76760.2,135527.43,91397.59,74339.63,118291.38,82965.02,47903.98,72473.16,131064.49,88418.36,91718.01,77900.28,inf,101114.93,125785.46,46478.3,147915.42,135854.28,inf,123121.99,114795.99,118404.68,82346.24,64140.5,114540.5,150072.17,155748.97,inf,72043.53,155902.84,121893.04,127474.35
Z-3,121640.3,153683.71,inf,inf,166800.74,9027.77,102816.51,inf,28686.03,9759.12,122440.52,129429.3,127524.82,inf,193079.31,153904.92,124119.68,98047.29,86178.08,144690.03,123874.87,172605.95,111317.3,93972.98,72107.25,109093.84,135422.97,115661.46,89266.05,130492.24,102404.72,103738.52,103088.49,94346.45,167122.85,130991.42,122928.79,206721.55,49388.31,97951.7,103850.96,102343.03,183354.51,85961.35,112177.37,107718.01,inf,61043.68,15936.7,68194.89,105780.29,110140.61,74290.4,95823.62,119348.73,83984.42,104626.73,78386.93,122888.75,75167.43,156676.33,95270.52,99063.32,97344.0,106581.1,188541.03,44354.86,61236.5,150443.62,94016.7,55705.03,4667.22,86672.86,60725.67,121260.11,inf,71437.78,83991.56,129707.41,104032.16,73530.56,121022.42,134089.34,93881.81,101770.55,157965.24,102495.75,109138.66,157936.42,110275.63,72353.07,54540.81,112224.02,134826.2,60473.09,64954.3,141816.62,84428.95,46847.86,122411.11,125253.53,157528.53,159315.15,71660.7,86546.72,51234.32,91723.35,131184.56,114528.96,86976.46,71389.03,85399.26,67359.78,87744.84,104031.29,79102.6,168825.33,103388.86,105812.2,61405.8,89586.05,77772.2,145495.38,56392.02,115603.45,48876.82,49587.76,82621.0,78209.72,220470.25,63282.27,159204.51,120069.28,107672.68,143237.66,144527.82,46150.93
Z-4,100851.65,131226.54,114495.52,inf,177533.49,75581.15,91163.93,106783.13,134337.71,104720.02,139548.14,47276.68,71008.61,134281.4,inf,104763.6,93794.49,84294.64,inf,121989.16,80752.32,54507.52,83899.22,112674.52,95076.95,70493.27,118443.12,51561.33,62589.1,70798.59,71123.98,116687.5,105378.14,81542.62,72775.63,130822.43,78542.41,171163.25,61784.81,61163.62,90764.21,136151.27,100491.74,127699.18,45248.96,70063.32,101034.62,104117.7,77721.3,64046.78,147786.85,185004.72,119903.28,57587.55,49070.17,67904.19,142846.7,67185.36,69488.75,119504.54,97946.59,99757.35,174001.0,78102.29,127105.66,182290.95,71744.64,inf,123385.34,inf,87847.38,55908.53,162938.84,74636.16,110680.59,112235.34,61638.4,135918.3,78624.45,124212.57,29760.04,33130.35,126244.42,105918.79,99087.69,59001.09,182364.46,83288.4,189255.33,39086.82,38627.29,106708.29,inf,100879.39,114727.81,112130.96,164493.87,128293.41,146614.06,74058.76,99555.55,119710.6,126106.52,137236.25,151348.38,123043.92,144788.58,56009.58,103647.41,9978.04,188220.49,82117.45,112744.69,31721.9,103920.89,100035.84,101264.34,48603.11,88454.73,130085.85,inf,107051.17,57113.89,149886.11,200613.41,135311.67,125843.29,142863.06,51065.5,112628.89,101444.66,87580.32,94065.26,46303.28,77105.57,144613.14,155076.79
Z-5,176803.63,106559.54,26344.12,75784.51,inf,inf,133337.65,56771.58,84780.43,78879.18,58728.15,110101.87,191282.16,87226.7,125802.91,68584.6,126836.8,106775.55,101410.21,149889.95,81676.12,155049.86,110206.18,92931.36,40483.56,162842.05,108212.75,53474.87,146251.54,inf,90881.86,164833.43,106716.15,96435.04,143133.09,50926.08,154451.36,112369.55,138351.8,82172.19,92904.37,90945.62,55200.95,102177.51,129210.91,76181.94,39939.36,122875.86,35827.24,inf,90200.33,95516.31,143729.32,85072.92,25700.21,101634.41,146300.11,68852.63,125791.02,33813.5,133899.69,192467.62,91359.58,110418.16,80530.82,inf,119804.33,117444.02,86900.88,110881.72,126055.71,107795.38,162114.23,83434.73,155034.48,101920.38,162094.36,25634.43,135639.11,136113.38,75952.27,91244.24,20044.75,34151.41,99755.68,85953.73,78444.45,100267.75,56565.58,103092.87,119237.34,93226.02,85340.37,71927.9,104985.03,149300.81,110139.44,54144.74,107455.08,85597.91,99289.47,90827.3,inf,101975.6,inf,103399.86,70853.75,94246.3,94817.63,inf,160266.01,inf,inf,78615.61,2208.64,111132.14,34971.7,124566.4,69246.8,inf,124354.13,129993.82,146386.64,74225.93,49109.25,147064.01,153183.32,60619.6,154495.41,99015.3,124328.62,38744.12,22319.96,90607.02,103019.22,163712.58,162513.65
Z-6,82175.72,157179.09,77619.33,72621.9,117772.46,inf,142295.15,82753.4,90820.56,inf,155284.0,107630.77,71687.96,77442.77,88043.87,150555.93,78568.88,102460.05,179194.09,123980.11,42900.42,148086.33,71295.38,44041.5,104481.93,64914.0,116624.92,142716.13,102461.68,130779.6,74263.97,22161.04,79848.51,136251.7,29959.16,inf,106619.38,130635.06,97015.82,82406.43,inf,87321.57,13187.3,199188.51,inf,49617.5,118519.05,68997.34,148149.48,97198.88,97588.2,106522.02,139357.13,115426.08,85011.86,97558.46,93015.66,inf,160868.2,87564.13,48319.41,80846.97,94716.66,170254.68,46254.25,91513.31,114164.79,118398.57,44927.66,126536.07,34024.35,48349.94,66582.74,103868.7,74407.16,140213.17,62766.77,114129.51,85132.32,90838.62,156969.29,71149.39,148108.75,60129.08,46179.78,124703.12,185127.34,78847.91,74352.2,85304.77,131378.69,206960.1,75404.61,100701.69,74605.99,99186.74,121174.02,117645.73,167768.5,inf,inf,85266.57,133756.55,96601.81,89356.51,111381.98,67386.89,87885.85,88570.3,82044.19,inf,88336.16,131948.65,90904.13,72267.29,122141.31,87668.88,130794.95,12925.11,133740.8,168490.94,89325.16,125074.14,153336.34,68481.84,25958.3,inf,63648.93,100106.2,82606.9,27492.88,96328.11,83931.83,160409.87,88019.48,175453.38,134905.64
Z-7,92615.89,86385.41,107791.09,128672.45,76108.12,49105.99,inf,97106.58,79939.4,103316.85,93619.77,47377.22,142357.02,69349.8,86693.34,117278.29,106499.0,44211.79,125298.15,50361.03,71747.22,35183.25,80622.59,70349.18,115294.34,93174.88,30564.53,6790.26,49998.78,133014.83,68436.36,109803.6,70703.09,100166.84,76778.76,157000.83,104554.56,8596.25,50645.0,107439.35,157957.4,152991.62,63953.31,104873.18,186460.71,86756.31,43829.45,121261.28,106150.26,121199.84,68498.92,125525.57,105982.3,97804.33,149153.45,71664.31,130407.68,108894.96,106826.34,82540.85,118285.47,152058.49,85703.98,128018.61,72355.4,168527.66,50110.57,94348.3,120044.85,99188.31,139239.76,inf,102232.01,101305.57,87366.78,148199.26,121256.51,117627.82,144097.81,137179.63,132234.89,63205.73,133742.93,131675.72,88907.43,81697.3,64425.58,109336.09,91920.9,48223.31,114010.93,128515.62,192917.34,43876.59,133836.66,88759.38,51978.55,53090.62,16112.51,109566.28,50009.69,104103.97,65581.65,188345.82,125991.85,85102.55,94033.36,132094.12,130436.45,69090.8,80196.31,34612.1,151974.3,136256.79,122544.44,72712.21,7107.91,147319.17,31442.79,64961.35,141326.62,152524.12,160884.87,124979.68,86847.99,218478.3,155300.69,152240.11,111387.58,62557.51,120464.39,87940.71,123876.65,59115.95,165318.65,108896.39,inf
Z-8,93625.14,131932.82,150446.11,139977.68,62935.0,58231.8,146103.81,inf,88248.45,43598.46,104023.54,143210.26,133247.95,62295.05,73917.56,182926.65,94980.13,83131.39,99929.52,152569.79,86065.98,inf,123501.09,112624.48,68296.14,119302.66,inf,190308.52,142807.29,104678.72,70740.73,152162.78,86784.35,154861.65,161706.73,65194.43,29459.25,159184.48,81741.94,114877.06,145737.32,103182.98,67703.96,130428.33,84143.19,88349.01,96669.04,83913.58,71570.19,87113.09,17694.65,128766.66,96623.57,91128.19,101331.08,96120.2,130284.16,84818.59,120461.51,113520.27,43956.41,64081.49,22220.32,14322.26,inf,93550.32,119795.97,112177.79,99860.08,172399.11,90570.87,126514.74,85515.92,122263.48,95440.78,104473.95,177535.0,107882.05,103680.42,106267.03,76888.84,122517.19,103831.31,140473.18,78186.61,81394.28,143531.65,114506.14,33879.96,53683.83,62210.53,124681.27,109539.62,57276.87,121564.01,138918.12,65581.98999999999,100685.34,28212.08,133068.48,66465.91,132108.3,126445.62,115412.77,26332.66,121131.0,49746.27,111477.08,138749.44,45293.64,41547.66,127371.07,121127.42,115362.33,86528.47,110613.63,137124.37,113187.3,63419.82,143068.96,96559.06,48962.88,41437.12,87327.08,125545.33,76969.51,159892.66,94019.24,124502.87,123397.79,inf,136533.8,133787.57,111647.76,212387.32,inf,3322.84
Z-9,106267.79,105686.03,73181.03,64647.3,89572.66,127994.49,63322.77,147072.71,inf,37393.58,60476.98,68659.93,141247.77,82549.02,224185.55,144068.97,60044.63,13506.75,57912.06,93996.21,98214.47,162114.94,138366.77,27082.82,96095.16,28288.69,181577.45,145367.73,75589.58,116860.0,89396.1,inf,99492.15,91901.07,126550.06,126724.62,51733.88,inf,133376.19,104755.94,115737.17,115831.73,18947.76,111114.83,186990.33,61712.97,167407.13,123455.47,88157.76,118980.04,145486.82,132036.53,105266.31,170796.6,22791.67,68956.48,128056.98,111145.69,85927.59,87911.21,179713.38,130585.16,88678.47,141611.16,77366.47,inf,93664.1,132527.27,78298.31,72629.2,192035.46,123809.97,63544.13,74099.74,114909.42,102746.14,58964.14,88805.31,94380.34,109798.51,85252.42,153471.96,107742.15,194348.15,164019.36,60394.26,90357.37,95622.27,116476.37,94243.31,102839.06,55957.06,168827.24,148602.25,96395.98,inf,7942.55,77760.98,106671.15,68824.82,138050.38,inf,69493.52,184826.96,181100.99,103282.87,91654.0,169404.51,inf,81878.29,64988.97,86921.3,80881.93,78721.65,78576.42,124388.45,46973.93,160247.11,66508.3,80475.62,122583.49,66616.08,116108.89,150235.83,168589.33,96314.26,171396.85,14287.05,95922.78,107728.28,87860.4,116901.54,51639.73,58393.84,131588.97,119758.72,81083.72
Z-10,110795.77,51331.14,81351.73,inf,131336.32,36703.96,151873.91,168981.89,61012.25,inf,75649.03,104036.43,122644.49,23508.23,140194.01,44965.72,128228.44,75025.36,106600.91,124031.58,87039.74,96811.54,97760.53,95565.97,41722.23,124425.73,93243.75,128530.0,140009.13,79864.49,67295.32,152229.96,142259.11,77168.78,108069.27,inf,74010.78,98215.3,80293.37,139037.47,62147.29,154369.95,98671.61,57748.13,50663.8,79658.94,134928.44,100030.91,110308.92,80505.35,114951.41,104558.08,106993.94,72672.15,119162.58,101615.17,117038.93,122010.38,73284.52,122523.09,126773.91,92466.91,53985.28,103282.78,inf,186729.1,75085.84,12087.02,124606.16,86152.41,49177.53,58136.69,80613.63,63155.73,59323.19,105893.39,118071.03,74486.33,63829.28,153879.46,106527.12,153281.25,106563.46,75268.53,81757.92,153770.22,inf,203457.6,59497.24,53980.26,94082.05,133561.57,97217.19,118386.89,124017.2,96332.09,121801.55,163038.58,117043.04,168028.9,124422.28,57876.27,113480.5,68193.68,118350.79,150885.82,inf,108958.74,84166.64,104086.33,104844.46,118592.02,inf,63477.38,58579.67,107661.94,117067.64,112993.83,78147.99,135996.64,93511.01,133231.4,93912.6,22067.51,81477.06,108743.25,117514.87,113294.64,92766.89,126135.56,102610.59,99580.41,144775.71,115907.7,80813.39,87348.99,inf
Z-11,58143.86,144.79,65621.9,90312.76,64259.63,72445.33,135316.84,74169.64,134046.66,153442.3,inf,13442.11,39811.23,91166.54,107718.98,87144.76,152717.21,61756.82,93671.93,152167.02,137728.05,148247.99,21617.2,106075.85,69648.25,88839.11,64611.31,107561.78,116309.36,91853.67,108099.17,98683.27,35834.7,154230.55,80330.54,94534.18,69241.48,146692.24,132673.22,99090.57,167618.17,138055.57,11540.85,121387.81,110315.61,115091.41,66790.97,94902.33,inf,22334.89,74752.54,100990.37,107973.26,161891.75,47043.95,147194.04,55411.96,120487.48,65158.88,148461.39,168847.94,47619.8,143505.9,152339.32,105312.79,149477.75,129176.83,168028.22,102803.32,79528.55,97554.06,99995.75,142104.89,72171.71,143362.41,64034.13,93082.8,167116.51,107454.97,78520.12,79573.12,51348.95,128262.58,74409.6,67062.01,125266.82,117936.64,110889.18,104657.29,42337.9,128757.4,41840.53,inf,69164.37,195088.6,135660.57,160353.46,125251.85,70395.79,72222.38,100637.66,35759.88,120120.81,110310.42,64338.62,59562.89,61332.25,80747.47,99313.5,103691.86,115561.51,134899.66,60556.36,83088.89,43457.21,170622.45,98680.08,103358.62,97391.16,177947.63,99490.21,inf,82407.93,84120.82,93726.75,87092.19,60170.15,inf,125272.07,98010.94,13197.15,70278.82,6124.91,15957.17,106959.02,125264.0,86654.86
Z-12,88835.23,163745.13,104366.69,154082.19,133757.52,120874.15,80210.05,83870.44,inf,122514.51,64633.32,inf,inf,155242.33,115183.19,25341.22,129733.62,105165.55,50007.88,175526.87,145587.88,89474.0,79170.01,124849.59,110373.49,120047.69,112081.54,145392.84,50129.43,53967.03,77526.94,162132.77,93151.91,101072.58,88565.67,inf,121836.32,94633.57,131583.91,115355.17,116014.36,104536.04,85826.49,105382.88,117068.88,inf,118590.21,48178.52,134576.07,42857.59,113596.88,103275.93,141029.71,69124.83,88239.3,72361.42,12057.68,77444.34,inf,36792.2,34846.04,156635.04,89238.5,7755.5,130055.99,inf,93302.29,59318.42,58147.08,121148.5,44886.8,61064.07,141283.53,163649.29,114425.26,67166.62,33526.04,74898.97,156668.53,96348.56,115764.9,inf,78985.07,72178.07,107637.2,inf,169040.26,135092.26,85765.5,166149.31,71285.38,78142.9,135013.02,177084.27,63604.12,62283.96,111807.42,117955.95,51900.79,inf,50865.71,98337.24,120362.55,120977.22,78036.59,198601.32,136727.55,129460.44,142340.61,76899.54,91192.02,112400.76,75003.3,inf,46021.59,94401.75,127435.03,68950.99,inf,34781.11,101259.88,92073.73,100893.95,109236.97,142066.89,72783.58,122423.06,105459.46,74014.7,109959.17,64647.22,75899.61,26779.88,138833.14,23530.91,86066.98,132362.54
Z-13,16328.31,105260.59,87022.2,135636.51,85491.0,109813.92,155843.73,99194.25,137775.18,108027.03,78383.26,112966.05,inf,inf,100579.36,105110.86,77366.05,inf,98485.37,74586.85,72700.87,110942.14,33650.62,40619.72,69942.34,170331.48,134763.17,144824.27,120688.51,102588.78,166051.14,8138.57,173918.07,155371.28,86446.5,107683.76,87892.31,41184.33,121612.16,18596.79,90717.64,143520.41,62626.45,111704.55,152268.16,138345.6,158631.83,129959.86,94182.1,inf,65592.26000000001,136236.75,128874.49,67091.69,56005.72,106158.48,112857.06,110804.6,102370.38,159785.01,127721.55,90565.01,52948.01,124847.05,106223.28,105792.85,127376.17,88781.97,111215.6,128363.33,195815.71,59803.73,56886.38,32614.86,110988.05,73023.5,144775.14,inf,53208.42,inf,132241.35,157055.16,158807.19,128269.4,138061.13,20873.21,5865.63,105018.83,103521.58,142750.86,128083.62,43737.47,74930.89,71411.52,111252.02,103502.19,168062.08,134896.51,167748.18,92727.38,89660.6,75537.0,116676.61,137853.31,inf,inf,124310.22,112431.58,134292.01,119513.64,42844.45,76377.03,106826.7,104781.65,87482.5,74857.8,92573.69,91904.16,45242.59,46446.19,92106.53,17264.48,77156.67,34972.74,85530.64,130348.08,98286.95,142226.11,106056.0,74102.36,52619.64,162820.18,132766.23,149096.09,62308.75,119733.0,45942.11
Z-14,159047.16,70832.55,103651.45,72395.22,103418.38,62646.81,65117.89,182726.48,105382.83,166501.59,129485.64,13809.05,58025.08,inf,37208.36,61438.68,71055.78,95000.48,89279.5,154837.2,74328.45,121658.69,130728.58,156740.41,99835.59,98580.94,83264.17,27713.39,154907.2,59590.28,91661.31,inf,30380.89,92808.44,81384.82,81144.05,181348.12,41461.49,73442.88,59625.48,158502.13,inf,89873.92,89061.52,59496.37,162484.47,91382.95,107293.65,127613.33,109203.03,80292.59,78018.42,inf,106567.07,163408.32,77635.25,154214.4,72098.94,82768.75,72917.12,inf,69502.71,133735.19,51982.43,73380.0,111141.91,141120.33,46636.91,63736.19,60442.81,154778.48,142835.24,129705.32,53449.21,118549.96,162038.9,127591.04,100999.18,101425.68,inf,143343.26,79957.66,140325.59,inf,213451.79,143942.56,99887.97,inf,85770.81,5847.58,133513.79,84676.65,99952.74,138590.19,28263.67,99776.17,125057.99,36536.25,133785.43,153740.84,77435.65,104632.27,111863.9,115723.08,111510.78,inf,25989.53,127619.09,78114.27,84473.34,98868.92,161480.61,129458.72,88579.3,97888.25,137793.43,110485.17,156576.23,39747.77,99694.11,39453.82,78804.76,31385.75,89630.43,176836.8,140180.26,60073.1,173275.69,159375.34,39153.74,76458.38,117602.58,109002.94,61957.78,103405.38,101910.86,14382.77
Z-15,80786.92,161618.17,121548.21,171391.47,91499.81,91062.41,163535.07,67715.09,inf,140662.1,120861.96,146638.14,74195.14,61716.42,inf,56359.72,77749.83,92991.57,146093.15,inf,123672.56,67048.29,78561.46,103319.56,209556.87,90276.54,120763.28,59815.32,98296.01,151581.66,50643.82,130711.91,107934.08,74495.34,87439.85,162838.96,116796.46,121543.22,110454.9,104937.48,82329.58,66012.38,71735.35,150036.47,inf,128388.14,33924.81,inf,inf,42052.76,67021.56,141162.81,77431.44,67027.78,133612.14,8725.97,34599.81,inf,49858.78,inf,106445.05,83052.36,80044.5,82933.16,inf,60255.34,129671.33,108791.12,62273.33,inf,35321.05,65315.09,58334.95,164700.59,33262.19,166571.31,147636.28,75950.82,101818.84,79432.05,81826.12,85176.49,101561.92,57626.95,116003.43,163580.87,161556.15,67429.4,137460.41,77048.75,135215.41,153907.21,37447.7,86918.85,210617.28,158569.0,125910.4,inf,84570.61,37602.76,112000.49,166452.35,73305.25,53243.3,62109.67,51874.67,76970.42,84701.11,51881.69,74259.56,97255.49,129867.32,107815.85,147325.21,53275.04,100356.79,170599.97,114365.29,132625.24,133276.01,129604.6,48913.79,inf,88727.04,112239.55,120447.5,18115.24,92064.43,42268.3,109258.37,49279.71,inf,58986.02,77597.42,81572.41,77529.2,93156.64
Z-16,71716.59,154968.39,136995.07,70880.82,115171.63,97307.29,106063.7,84078.73,112374.49,122972.55,88519.97,77540.49,117817.97,108503.08,77322.04,inf,115779.23,inf,54659.63,66877.51,157711.94,150317.24,112979.39,120856.51,105215.59,114720.94,81923.86,91241.35,99206.0,103913.1,142437.33,81107.99,122420.42,166825.16,89277.58,69765.37,79411.31,124727.08,36499.85,54326.94,100450.48,93039.17,76464.21,145510.45,154046.68,107431.96,87808.36,117426.65,51180.29,131923.83,76685.98,inf,59951.75,116196.71,167864.7,71463.31,93085.3,24256.78,155494.8,149596.16,93341.8,114388.16,149090.19,133645.13,129573.06,122655.22,inf,inf,41717.55,70801.66,107864.51,107772.01,118592.46,146991.28,20102.68,112264.01,81737.82,87456.13,179217.68,124137.88,132593.03,78993.69,51550.62,176873.37,75032.83,112579.22,83788.79,127793.97,98089.38,121300.44,103848.11,inf,44395.97,121180.92,17264.67,160662.14,78697.23,74991.59,102618.43,129397.86,111524.02,61259.27,96834.45,92694.26,143920.35,85164.6,71191.47,65210.28,136734.15,29770.28,61756.19,85270.43,73203.81,142901.69,79286.58,114879.24,123731.98,101124.62,202284.95,39518.63,101072.35,inf,80217.75,88131.94,114579.94,147238.87,61806.01,141565.36,115519.7,145387.11,170917.25,89886.26,82984.47,213959.92,115709.17,101439.98,112210.55
Z-17,inf,87321.39,139702.3,87416.63,99549.52,36007.0,103344.92,149465.59,inf,138022.41,83109.55,111844.96,3898.65,48415.56,23257.67,85508.14,inf,99088.18,66792.5,144371.58,128982.9,44802.21,inf,101991.28,inf,119552.14,105705.48,131514.56,56322.39,88197.39,101651.49,83334.11,inf,129648.83,66221.82,120651.25,118663.41,91627.34,88717.58,116192.26,83910.47,83878.1,59563.89,107619.1,68123.83,92804.95,95870.28,103340.1,54736.32,77881.98,197372.52,173404.93,154728.32,98204.95,36381.23,95855.07,87337.02,139735.25,106073.7,112959.99,59635.84,72546.3,131332.56,89597.69,79888.84,111099.82,86790.1,93385.5,80071.13,87255.48,124726.9,inf,62785.77,152142.77,84207.6,118625.31,155414.22,133772.05,56829.13,89577.82,inf,151773.84,70809.45,152618.6,10503.57,146361.41,73286.74,177213.71,28842.83,127299.85,113636.32,108126.28,59553.3,109531.24,157815.45,96291.0,13725.87,91301.34,116022.63,61871.12,172796.87,59277.42,132855.58,123724.46,154612.39,98540.56,126208.38,150787.28,148716.32,153620.68,30194.39,99378.68,inf,inf,89309.01,62616.07,117988.39,inf,45547.03,100773.13,153247.06,76722.11,69832.94,inf,127707.02,149413.4,145237.86,99664.3,114230.47,130886.11,7840.14,91743.26,47603.58,178243.14,108441.08,105255.8,85444.54
Z-18,89990.72,70387.38,80425.32,114395.36,93891.08,91664.26,127971.88,64577.54,85492.7,57377.07,inf,80046.58,139814.59,13137.64,97105.82,129724.09,21635.26,inf,72565.86,146177.7,78727.66,55469.97,157366.53,117397.27,132414.7,85244.71,115892.75,101249.24,100503.41,59478.61,67360.3,50082.96,64798.96,174848.63,57632.64,115359.13,99654.73,136933.01,138777.73,148647.01,135272.39,122318.57,89294.06,57017.66,147531.24,104978.33,161365.58,inf,186668.0,76842.76,163332.49,93765.51,111915.62,93363.21,102100.43,52084.35,88594.85,127652.68,76648.81,115530.48,108143.73,inf,18069.65,97866.42,109419.77,108774.6,86315.72,135356.88,63365.46,49842.97,8285.18,28774.98,76747.66,108626.69,105642.17,125173.05,106504.17,inf,115192.48,29883.88,73488.07,126880.96,23306.7,158027.62,81081.88,63845.47,84163.62,119609.23,139128.39,129801.59,138236.66,78584.43,63174.71,67707.0,120981.74,1238.06,112854.72,148048.92,110448.62,80778.68,154697.52,175782.31,61275.42,26228.18,120358.9,57785.98,99980.31,84343.36,77350.75,121602.22,92233.28,165891.33,122380.84,172832.79,188268.74,108252.1,134000.5,124505.49,120423.45,117415.64,69595.79,156057.77,179087.96,87781.81,122904.51,65860.04,185823.92,76150.0,95918.98,103296.38,133745.88,104987.74,131053.23,81668.67,64050.72,inf,90716.82
Z-19,102060.43,94875.55,101335.38,92116.3,84148.08,86400.26,32733.14,115458.98,104424.52,88050.35,166349.2,68633.64,107924.69,82850.76,134936.73,137761.45,113198.14,48338.9,inf,inf,105823.96,72987.45,79048.8,104085.47,111029.58,82467.01,102179.65,178582.92,inf,129341.62,119379.52,87910.73,inf,181417.67,115395.25,101028.98,66675.2,inf,145667.41,96948.42,106947.9,101040.01,124902.66,77704.82,inf,47788.17,44355.8,132532.09,60949.77,70828.24,96613.12,84786.71,101323.5,67143.11,45732.95,54509.6,14346.5,74844.1,41852.63,126841.52,55871.17,136515.18,124736.54,98079.39,81393.06,104086.71,116446.84,60344.5,92548.55,72006.22,142557.24,83555.95,72421.81,inf,116205.5,113484.56,96208.86,91807.73,72519.82,13099.96,82449.34,115803.61,108362.56,72336.23,89040.97,141945.84,6137.74,100671.61,83726.32,106942.09,138176.27,79323.34,91352.93,81285.01,102843.34,82834.73,140264.86,43556.38,61344.37,101267.6,87795.67,38171.79,85786.88,127276.47,22681.13,132186.15,127853.59,83309.0,120222.73,96753.83,86202.94,143584.25,68291.75,150997.62,67606.35,29345.34,105274.48,87977.35,140969.21,128870.56,168631.88,142365.86,185509.26,117890.95,69003.78,87958.19,54879.02,52026.31,101963.92,50705.92,168626.42,172099.18,120334.4,24299.47,111921.07,38690.54,54799.57
Z-20,inf,127195.15,89866.73,88558.48,119832.21,113606.38,67312.42,148239.16,59268.7,71134.24,138852.43,52639.02,95635.89,133059.69,126672.48,111276.54,27884.27,98538.5,87758.81,inf,93194.56,106313.51,58135.88,68789.24,111914.0,105864.77,111750.54,150334.82,65246.64,112668.49,159122.95,136382.61,103948.34,111932.78,92242.79,157104.48,41669.34,75984.36,83070.79,196948.37,49651.53,119539.42,126795.29,120157.53,99124.83,90013.59,48839.36,48806.07,122140.7,138700.61,52761.7,107558.93,101441.87,60937.97,69083.94,173459.82,58270.34,132659.57,62839.12,85463.78,135039.47,inf,162775.92,108043.87,52764.29,184192.17,60142.87,32727.01,40557.75,122757.18,inf,82440.86,112860.38,95925.52,133434.31,31934.59,94640.42,179003.62,72250.34,142423.24,60674.8,134399.65,47429.39,144478.56,107288.28,148369.98,130902.44,99057.63,86294.84,104729.68,143082.93,137611.71,74960.12,72855.87,117055.55,84320.25,120559.55,106992.27,122810.81,110909.46,55353.13,75141.14,118667.17,125587.11,194233.06,129336.98,127475.6,216486.48,79648.12,inf,198883.37,162705.56,158760.99,63146.08,39896.39,66228.87,80756.87,inf,153081.42,68607.81,132388.14,140177.14,130119.77,98706.92,152796.84,116465.99,96434.43,34344.86,114573.2,114981.63,125440.72,76368.76,128585.74,61286.34,135524.44,156056.37,91467.21
Z-21,108820.95,160907.68,116157.4,109512.37,86345.25,104715.56,135307.76,158591.67,133949.75,120732.48,104391.48,95573.0,106899.03,165715.91,77551.35,176838.13,104949.78,140215.56,92393.45,132979.87,inf,114211.11,83554.6,89413.54,36179.67,72367.85,25768.56,53825.88,135586.19,135865.88,91244.13,2802.96,78447.74,158612.62,147952.18,117402.21,177095.63,6170.43,86110.89,131144.22999999998,117990.03,113583.37,144952.52,129927.2,113942.27,145328.77,91562.68,91748.14,92053.57,151389.81,13301.94,107652.13,129916.35,81395.78,83359.53,99236.42,62266.99,72235.2,87424.5,122356.15,95778.66,79727.62,38974.25,100396.49,133964.35,94997.44,138849.38,2824.57,141599.73,127611.58,119404.59,63282.41,17699.34,167001.94,121677.16,152803.66,144765.24,41948.66,144572.27,115608.94,88578.83,12570.23,85656.68,127860.8,12967.84,90506.08,94002.73,128521.82,104518.07,116990.6,107762.3,97700.21,110883.38,inf,118551.91,88387.67,55651.48,145433.48,164453.5,12045.46,116448.71,30885.37,89380.53,71401.97,42635.15,53271.31,161360.83,7742.82,98720.56,95783.39,106852.91,89047.57,135170.89,110786.0,inf,141820.57,114046.14,107827.14,172145.53,97013.75,69073.18,66119.96,130817.83,61004.09,114378.09,119546.99,158622.38,138447.5,46316.61,95547.23,136438.28,95600.23,84245.3,120766.68,15510.22,78238.17,68549.06
Z-22,197718.11,127643.83,62176.57,127197.3,89303.75,105854.02,93348.37,130714.78,94082.97,101662.5,47741.92,92864.35,116211.82,144514.91,70756.75,87691.14,186503.93,57575.39,66492.36,132069.92,inf,inf,99473.25,92802.73,88676.55,inf,114159.01,102373.65,141277.19,63504.22,85990.87,77285.59,120538.51,19584.28,157103.09,92263.1,85173.07,84389.88,108177.51,89796.46,inf,95462.47,99301.91,45050.11,88697.71,122595.45,156819.14,83757.93,110180.9,103744.82,88188.03,94641.68,74653.02,54411.18,108054.44,111885.38,66639.43,134041.5,73708.53,101057.14,107267.78,90041.89,38425.79,22311.17,83505.38,109760.25,87003.47,141039.72,131396.8,50393.93,152366.46,144521.79,122786.18,inf,147354.84,inf,inf,141060.29,54786.37,52795.86,182046.76,101339.67,164189.27,162652.54,115655.1,47017.58,76737.07,53424.07,107499.25,inf,114217.06,207886.67,59100.08,inf,137423.07,inf,109886.14,93934.36,153102.8,115645.74,141254.2,inf,149688.68,121677.66,93600.43,152306.44,86648.46,173291.51,55707.83,98438.11,80257.16,140439.94,129528.32,47552.64,125259.41,121777.2,93809.9,81761.57,169763.71,83948.35,84655.25,80205.92,119252.48,120627.24,109311.68,45373.15,106651.75,138429.66,152345.43,78255.86,91931.4,106228.69,81264.15,148592.25,131539.72,59630.01,107530.98
Z-23,206922.34,84938.4,89492.13,163741.47,93255.04,97212.4,128839.63,80980.84,65647.42,72621.77,98706.18,137084.18,113564.19,143745.56,75244.14,18371.92,227369.19,57885.11,135244.05,80214.3,117050.89,90427.39,inf,85858.37,147279.8,180327.89,74643.04,116079.57,132803.25,96392.28,62729.7,105856.68,104666.72,138132.43,81865.59,116031.93,38776.25,143456.76,136354.43,64195.01,103149.48,134871.45,106328.29,165361.74,44721.9,124589.51,121144.26,138208.25,77097.68,98273.05,76596.57,131659.14,118705.18,84421.96,64592.59,91278.67,34010.33,66014.37,141552.15,100593.62,29350.7,65251.7,139799.95,72661.75,24468.32,82218.57,75782.87,99409.92,162526.93,139407.41,95452.44,111981.14,115063.38,124237.86,88165.25,130265.73,103739.11,57341.37,92363.83,63729.7,62947.19,72363.54,93898.15,80329.77,97950.0,46507.55,102841.86,112824.95,131437.89,69266.43,111504.14,65921.67,158003.06,76264.92,120857.48,inf,58583.73,137331.63,148710.09,115957.68,97055.76,134052.53,107546.45,144025.33,86514.81,79684.71,115572.86,75771.2,65011.72,110830.95,37958.47,66290.16,121646.2,91422.0,106132.01,88857.3,48856.62,114557.55,84737.16,102993.99,118705.16,105156.45,87638.57,106043.5,59834.98,89985.78,52486.4,55573.25,39372.85,92154.14,138352.67,141716.35,36053.1,225537.06,162285.4,106190.02,77749.64
Z-24,94354.38,85055.05,82726.39,127525.95,93115.71,92572.73,80437.54,118050.22,104901.54,84782.91,120657.18,52066.23,159740.38,69600.72,30839.86,76227.92,153231.0,138943.48,89958.65,95977.33,164527.7,89305.53,90117.35,inf,110151.31,105537.15,77893.11,166089.95,87906.64,129344.26,27456.68,131295.76,116919.93,85272.25,88541.4,64590.6,170644.77,40120.06,178712.55,4243.81,163164.84,54257.52,102849.18,58954.63,126995.91,104058.71,139223.0,156938.79,110241.3,70690.72,130332.33,33810.44,128968.7,104201.84,57914.07,135251.05,143295.88,106755.46,189848.3,176668.38,130382.77,147574.65,132591.21,29182.25,111657.01,64300.74,135115.36,87891.16,40063.66,112261.73,128650.22,120766.31,97500.97,76001.33,159186.51,52924.57,77814.11,118980.87,68255.17,89328.36,61704.16,76975.34,73675.65,108441.23,74988.93,120400.17,96715.32,46857.99,84788.63,50131.94,65923.44,81433.51,147088.23,126359.22,67545.06,83428.06,49795.28,84915.08,97501.35,120641.04,69100.74,30377.57,84226.19,128153.81,146475.39,128716.48,147197.39,73248.29,96473.15,153493.63,98270.05,inf,101234.62,68277.98,70306.04,138004.69,48338.1,132411.96,87919.71,81210.93,97087.94,103758.38,164214.54,45503.8,39789.72,73555.66,50455.06,166709.53,162181.2,87431.93,87230.78,55142.16,134933.4,126289.32,129587.94,89641.31,132785.07
Z-25,inf,13065.25,96481.85,103547.68,inf,112129.36,118791.78,93325.21,127564.26,104851.78,96799.49,34702.65,134344.93,111192.52,153205.29,115435.25,116047.5,126271.03,116449.37,127699.06,139671.89,88456.0,94325.18,77884.64,inf,129029.13,39790.45,90210.63,88661.77,85979.1,38659.0,inf,40116.66,139721.81,73299.47,133809.26,131561.68,96475.95,156205.28,61160.36,54853.21,104519.39,114320.1,102940.08,76233.82,136053.59,181191.75,70528.15,137003.86,119155.67,135658.52,98030.4,inf,inf,106102.01,43936.28,105537.28,125870.73,117742.82,122520.76,102873.02,79877.94,92928.15,23691.06,141238.09,112331.54,80817.58,inf,63272.98,117331.42,117220.76,133101.93,101019.43,115016.96,86796.44,111569.62,34784.04,65324.7,33200.75,88632.5,97691.26,99168.81,60769.88,102668.8,125315.08,108044.47,117120.3,152812.22,109411.33,114296.31,70448.93,128784.6,158429.87,99666.0,92622.88,52061.81,107930.39,inf,75926.05,185392.97,inf,126074.24,129662.23,11351.58,125113.97,50732.86,103645.48,104319.3,135423.53,91114.05,116622.68,85816.25,15569.14,137324.53,inf,128781.61,92706.75,135538.93,49068.79,38885.34,48511.6,104497.21,94951.5,91613.72,189581.06,38081.68,133909.2,168845.46,156919.35,173502.04,1881.68,107641.45,86575.8,115492.4,127009.25,123030.25,150913.79
Z-26,117770.31,46617.61,62783.31,139915.31,86076.29,73929.54,79018.95,77727.23,78652.55,139599.48,91293.64,50807.23,62255.51,82444.18,51976.94,58353.68,206387.85,209636.72,132960.22,72441.61,75663.97,75215.58,inf,163098.41,inf,inf,142858.74,95746.87,95219.93,178750.91,145124.46,56256.89,84076.96,150690.14,126585.49,97729.93,61477.28,97424.12,69560.02,65646.03,99661.98,108601.78,104176.96,103625.35,167292.48,inf,120319.23,63468.95,106897.44,71315.54,83439.06,inf,105671.62,44518.78,161808.02,87958.05,117520.86,71955.99,78863.28,100794.0,108814.93,95476.33,153235.36,120769.76,155365.92,102941.51,178327.79,112896.4,118993.78,24155.81,159492.5,89221.35,100636.87,66870.76,151750.07,56795.71,25799.45,23485.07,87413.93,111367.72,29164.93,75691.33,inf,110588.2,90507.94,117895.41,29671.2,inf,53046.65,50551.35,49894.5,101100.05,95197.42,125822.86,137178.81,108762.81,163245.81,109502.22,inf,136325.41,56589.07,112943.38,131972.14,118704.87,64090.47,131592.85,138833.77,107613.86,84544.04,106360.89,117772.02,54279.69,23688.24,124111.36,72757.63,80482.19,54858.23,inf,91098.8,141718.23,132314.28,83795.82,173640.34,138299.68,68840.34,89781.17,42213.0,112475.15,89975.77,70625.45,156037.16,85736.01,72118.23,100659.49,166225.61,110595.99,97325.77
Z-27,127078.49,110248.61,56597.65,69887.69,79609.72,116491.48,152029.79,107911.58,163821.37,146857.81,119663.18,108256.94,107576.79,155589.73,152927.69,100210.22,inf,94076.7,128816.39,104131.88,140176.68,83407.47,127981.13,141502.5,165218.82,inf,inf,144366.5,29218.12,67583.57,57608.99,inf,88896.53,106595.33,128934.5,100170.8,124788.69,80384.77,99260.58,113149.33,77319.19,32060.02,97413.46,26561.6,202571.79,95427.34,38219.65,66734.61,150059.07,101575.33,57458.76,248686.81,141511.87,100685.82,150919.52,148154.49,186801.98,49868.61,80969.26,102226.65,93465.01,200566.44,122352.92,107119.61,55130.75,114391.24,140025.26,137684.29,107204.05,104014.35,130195.17,51197.53,148752.67,100145.32,122155.99,72360.0,96416.61,19457.37,inf,inf,99954.89,123842.6,40554.93,93214.6,145969.42,100165.83,45186.92,105511.79,144021.13,152242.18,58327.72,185038.72,154450.19,135331.22,inf,153909.15,182330.57,110988.67,125722.52,56448.19,131576.67,171242.09,165854.04,130731.53,121035.42,inf,73831.72,106466.08,82952.6,94042.61,95917.33,127906.37,10616.63,inf,125394.09,90636.44,94337.11,181634.53,115118.33,166163.51,138742.37,70414.77,161677.26,84018.74,97401.12,138371.08,126338.64,85092.66,68269.76,inf,63637.23,84811.84,inf,129157.14,80024.37,108619.94,106546.66
Z-28,176729.61,112037.25,161580.18,116556.94,123699.31,131808.97,84866.32,137954.12,69679.05,59797.12,101634.54,223454.02,102345.45,85764.97,135148.12,51877.46,131055.66,75284.17,171945.97,85568.04,104501.46,113545.4,64253.61,103795.87,60299.45,113636.74,92392.23,inf,152536.85,122981.5,50268.9,92286.22,104668.0,38881.91,inf,16094.76,102296.72,150648.18,56598.64,85860.54,12908.65,195302.41,101666.43,115683.17,119636.8,98323.7,144066.5,112617.38,63394.56,89492.54,112063.77,106496.41,65580.70999999999,79027.67,67330.16,55685.87,inf,121696.74,74726.99,201422.5,109645.25,128997.37,33876.33,100821.92,118415.31,65218.17,124883.57,108063.37,116193.76,79299.95,84905.97,50391.1,74027.99,90764.07,97836.95,196800.3,41600.83,112410.39,43467.92,101055.23,110975.9,inf,73644.38,88191.13,117983.33,67152.61,58353.01,157671.45,134197.55,94393.52,75942.04,161510.34,141665.52,163050.81,70514.05,51832.24,101296.37,131821.79,148016.61,168780.59,88555.17,116332.32,85103.48,18663.81,83200.3,84017.28,137680.43,55778.63,68648.77,106720.85,33404.48,112634.52,inf,94967.35,71400.36,184505.19,68067.31,84761.73,108403.64,82428.53,141404.75,38078.23,85104.94,85799.62,89740.69,99113.36,107965.26,73010.6,134836.59,116841.22,26599.35,87363.96,55808.96,89864.41,122755.57,43663.07,73841.65
Z-29,50186.84,96324.59,40340.61,107492.18,118769.75,206516.49,94987.63,103031.98,196900.48,98955.52,43931.67,125954.11,79080.8,89970.72,inf,168968.08,61604.69,99936.43,178195.53,8797.26,165469.87,140034.26,36275.19,152127.91,120301.99,44850.95,115659.08,129465.3,inf,117321.44,37518.75,127495.52,73278.12,75971.11,173846.97,99200.55,25345.06,143310.82,74880.69,99301.14,113143.15,94306.37,5516.16,131620.14,53681.76,59811.75,114347.91,77710.84,132961.43,127482.39,71302.51,inf,inf,131658.08,52832.78,2703.31,144326.73,64869.77,39832.26,31028.52,106963.29,129551.08,119148.1,130488.96,90970.68,69871.22,152786.47,197497.62,31329.24,78293.91,64163.79,68949.56,55175.62,93188.5,58544.79,116495.94,69209.12,144090.65,82692.67,113464.97,89225.67,113506.59,inf,85184.62,115634.82,135756.25,114433.01,106930.52,53990.11,131476.3,81727.4,79337.36,88091.66,19430.89,95928.07,90275.49,4083.69,113161.25,177563.35,94933.03,126893.25,88342.23,172054.12,115088.63,179541.69,24758.81,92384.44,63076.32,79178.24,112521.35,69296.92,119831.26,176413.84,97188.62,70890.4,70771.06,87150.16,143751.12,131433.08,160915.32,188226.49,127298.41,inf,85713.98,132147.88,121564.0,94457.02,120527.75,inf,72966.6,123459.01,63040.12,58970.72,74914.17,146193.37,62618.76,95586.26
Z-30,118890.32,43399.04,62656.77,109256.59,81212.09,105219.51,84606.01,165403.4,46825.38,50334.99,53335.1,99085.43,39700.12,61741.91,52865.28,117289.67,127848.03,181620.37,73787.13,158456.53,125834.3,161624.7,87110.04,38576.52,23858.2,95051.44,91928.23,210436.5,142642.84,inf,79891.49,inf,156866.37,inf,116745.73,114310.18,66928.29,130042.53,182671.49,93734.55,75213.01,90085.01,129908.31,54575.31,110026.42,151636.01,inf,114212.47,146817.72,inf,66370.78,76064.27,127245.25,133584.17,158637.77,106299.01,68136.99,103117.77,89647.61,126735.33,141489.01,inf,94692.32,172125.99,inf,97333.29,68165.14,147133.86,105084.72,118893.98,143002.92,61233.59,77155.81,142343.35,44815.02,77553.48,96106.59,154878.22,70807.12,13523.91,108357.14,44083.7,139299.36,123680.28,32230.61,111191.48,128362.35,108604.68,102225.02,74082.45,121341.76,108457.56,102871.6,185121.09,162785.28,145331.95,59927.24,80236.32,45340.29,inf,88199.5,94515.89,142978.45,183448.47,99465.82,124686.56,162315.06,61307.48,15723.78,41159.87,52905.22,54640.44,87241.17,58897.05,50381.0,53753.94,inf,100643.51,126629.75,100943.18,155777.18,118100.82,99840.53,53884.09,73285.84,71870.03,135495.7,153942.99,96654.13,inf,187112.41,23146.1,111135.67,66912.87,110772.29,87978.26,88287.04
Z-31,inf,27236.58,99907.73,147282.6,inf,70608.2,97879.6,113093.32,131231.54,8431.9,108061.68,inf,80698.2,151331.19,108631.15,108092.35,128745.22,inf,98010.59,127560.47,130833.49,88490.7,159619.81,133351.38,145016.38,71409.71,161213.83,97242.45,68548.45,45312.81,inf,74827.07,124793.76,96605.27,84490.09,84939.87,inf,92001.02,54780.47,86081.9,68729.09,105622.02,105632.81,38956.27,128524.08,83952.68,122598.48,83817.38,86703.75,54916.2,120565.9,32013.67,154072.22,14911.54,125409.08,99700.21,114635.46,153111.01,105453.39,75365.81,100130.37,42891.97,87822.5,111990.94,inf,107469.89,32242.61,97381.66,112213.58,11642.45,41790.47,128080.78,inf,45543.44,126753.36,80049.76,157580.74,146227.4,185299.52,inf,104247.84,170833.76,60887.7,61531.39,153797.33,42391.14,159229.77,113861.22,115204.34,116081.21,94524.35,95006.66,139049.48,72096.67,71246.02,90463.71,137037.19,inf,95289.42,130381.72,103095.61,128009.05,72698.6,126825.51,99337.38,57611.3,87966.92,30880.87,84229.37,17687.78,70732.1,75775.61,61321.49,150338.02,151383.2,inf,54200.19,136948.36,26894.0,25257.95,142912.01,112986.48,55798.61,88975.63,110656.85,97364.54,inf,78428.99,inf,101413.63,90580.48,113002.56,67893.2,149503.18,108070.01,142933.49,115114.09
Z-32,129382.9,73191.51,65809.99,114949.44,10314.59,157496.51,91749.04,192969.85,88541.73,50403.12,128851.55,inf,142170.49,95511.44,19849.27,158321.46,108122.44,129973.87,109730.18,inf,170915.27,76309.61,121324.18,130147.05,133135.41,114007.1,71502.88,137310.44,110568.06,127672.18,83293.35,inf,80178.22,114115.79,101443.98,151682.97,66614.98,72976.44,118086.94,49488.81,97494.52,81922.79,124759.34,95900.65,70041.01,74643.75,91170.74,121363.38,79376.02,46811.84,153868.02,142965.79,99535.29,96334.73,94011.92,79965.04,107837.7,81875.53,93377.85,142191.62,165172.82,62421.2,53900.23,60488.86,85623.71,83485.14,138256.49,93523.05,114709.25,144133.43,139847.5,122543.63,409.43,87947.29,76122.0,112853.73,79073.32,94276.75,117079.19,150133.65,136624.95,75004.26,60528.76,188069.59,107468.91,121190.51,64534.46,83508.98,76086.43,62571.47,141499.55,34960.31,53580.38,37657.38,69687.18,80116.06,109542.73,41520.71,117460.98,76338.97,82154.06,inf,68501.0,135778.07,144033.6,145530.23,208272.8,103432.99,140984.63,66150.87,83042.02,78133.85,85622.82,178506.1,183687.66,121082.52,87253.51,138339.86,96939.83,158264.13,122902.59,100470.64,108562.43,36688.57,87302.88,70327.08,inf,138508.32,113822.18,114042.76,189168.88,82808.09,98906.15,112868.93,115262.97,122789.08,82626.96
Z-33,179794.66,inf,81778.02,76009.79,71816.14,84895.62,141467.53,65216.4,58981.73,inf,140311.02,43195.08,69379.34,164629.59,168338.79,124965.8,59630.63,83665.91,162392.38,112375.08,94557.6,101269.48,126217.25,51631.14,87939.3,42867.92,147930.87,121067.92,101034.22,102112.79,45579.2,62676.38,inf,inf,42821.65,101461.92,99712.89,93061.97,120524.27,130646.29,90197.25,149820.87,73016.08,115242.66,81193.0,80707.26,104514.18,117385.01,93716.66,90686.36,32216.79,123711.26,4181.02,116501.02,131730.09,115652.28,98214.54,107860.48,106015.36,99730.06,96407.84,128814.4,22321.56,159008.44,113038.8,88722.89,68395.82,171258.52,129518.31,87979.35,116253.81,54393.82,59540.8,104132.97,151438.45,146346.39,125690.75,131818.54,78353.55,143333.19,126820.2,74096.9,54298.35,19798.9,21549.28,85656.37,inf,101241.01,142696.98,89262.0,95140.78,82213.19,126627.68,70765.22,51534.44,122401.88,48302.09,163376.63,22881.19,127242.63,15373.42,55622.34,94267.41,194747.43,91808.33,178256.35,127390.35,101432.65,86523.74,106148.46,73931.87,62828.25,70653.37,83548.52,71509.97,108355.14,198703.85,123266.34,109534.31,135355.02,115822.26,176884.33,92096.81,58882.33,169566.23,82904.3,127628.39,101047.12,74400.5,80617.39,133832.97,172503.79,156792.82,30157.97,159661.83,118152.0,144256.38
Z-34,125689.99,50226.23,119987.56,69400.78,192469.83,90125.68,148443.21,114420.03,191309.33,87962.14,34243.89,120422.04,30179.91,66598.45,45767.51,90817.51,177945.36,62680.38,105931.39,60890.8,120356.38,63788.45,114900.99,inf,103742.32,98855.05,70549.84,49330.72,inf,118931.05,57571.06,109208.56,inf,inf,83889.23,inf,40976.42,96119.71,145471.44,61262.42,63138.96,28209.77,55298.5,115774.66,128338.95,116368.74,129590.36,111113.02,91369.87,53542.62,47483.49,24239.87,169424.72,30234.36,77403.52,97421.32,58316.72,117196.41,123842.06,90600.24,82451.42,77845.46,23497.03,inf,63383.73,93537.23,128620.95,94032.92,136897.93,128892.22,97702.73,103535.61,122043.26,58426.71,175292.79,65148.65,126635.36,37802.0,106072.52,76801.95,92919.93,106598.06,100392.29,136548.06,66920.79,85724.92,59986.1,136405.78,58223.11,95792.39,71581.72,145405.11,75138.31,73744.71,81276.5,75298.39,92636.76,173694.14,142656.03,106040.27,inf,118903.92,173063.93,99523.17,106036.07,96493.89,107984.68,140954.7,59882.85,inf,115452.64,115960.95,78757.3,95097.76,92103.73,86780.07,107683.89,108924.75,96342.04,173890.91,34133.6,133860.99,113539.27,113146.32,118028.16,112501.91,33336.6,106281.75,149298.71,85046.85,79592.11,129118.74,102998.73,102432.0,109404.51,104189.39,137039.48
Z-35,111656.99,47674.82,152575.99,inf,76030.2,74398.74,64617.28,75530.96,80390.45,37138.88,64388.98,75615.87,138380.07,137026.51,64054.59,111009.8,122615.37,148147.86,153131.3,106316.68,132861.21,42523.69,146413.39,99904.49,83406.92,135426.44,108840.24,58320.1,66336.53,124602.19,inf,89119.77,20599.05,139097.91,inf,135098.17,141913.89,108875.44,120176.24,119899.77,95679.12,56688.69,64411.4,inf,138297.44,144321.03,81654.57,53051.05,99851.24,83159.05,113438.42,92166.98,48861.57,143515.5,61205.83,82142.63,131398.65,158894.73,77877.74,134066.83,55879.46,142461.45,81929.11,135278.75,103495.62,94381.11,137287.59,15793.23,56852.23,14478.55,124526.07,72244.66,61620.08,85285.9,93882.42,139440.81,115026.64,65719.55,105045.5,163717.9,150089.42,101764.19,104062.65,132737.23,73493.53,15492.33,18251.25,65381.56,66012.51,68154.36,24324.32,51109.54,75297.85,127326.54,91330.54,59161.93,128150.2,140621.98,97354.46,150072.35,35079.01,115460.65,84758.3,101256.5,56416.46,112992.59,111228.9,139533.26,76695.17,87902.99,113175.07,157331.77,inf,10969.29,8332.51,76196.6,60192.56,70382.84,137973.12,136776.94,108253.7,23586.83,29187.93,57645.41,118369.73,76960.94,inf,91701.26,149537.92,105740.87,131716.46,89924.81,136063.68,74078.34,165229.7,145343.26,97128.67
Z-36,86822.27,86925.09,16113.29,197348.92,24973.77,130396.28,52491.07,154973.24,110878.16,135536.97,144902.55,122768.55,85469.95,74041.82,inf,83060.57,inf,143545.0,93204.14,140378.7,101766.82,64022.57,29661.59,52218.97,115396.4,36736.54,143727.66,60556.98,116432.12,183346.68,inf,135370.96,32295.5,80447.84,66848.57,inf,95106.14,133914.66,148622.84,71931.65,102207.81,121312.01,81755.11,123917.9,62340.85,128962.36,42880.19,8024.36,106014.62,42216.6,188813.55,121447.29,96555.37,84573.21,81322.75,80988.11,27875.04,130651.32,106319.51,184552.97,84700.82,124838.16,114182.86,148201.32,145221.83,105457.73,71352.43,78932.83,122654.99,186620.04,48005.45,84931.22,86260.33,39148.3,109463.73,75493.55,71737.5,93207.8,107760.91,108884.97,97861.83,inf,131886.88,95303.43,58027.07,85183.46,96971.41,98352.92,139997.77,155042.41,89138.39,127535.99,46873.97,102296.54,130652.81,145425.65,98560.07,164780.24,inf,130095.44,85164.76,194967.49,105141.8,192367.66,106770.68,198807.61,66069.7,127985.03,113066.42,42571.11,93678.62,89482.61,136390.36,66921.79,125145.16,99543.87,69954.16,110567.46,134696.81,77282.8,62987.9,90404.3,145055.12,87920.24,104296.11,123183.5,150707.7,111904.4,89875.21,125265.05,106728.28,94277.1,103930.37,40723.6,inf,101368.82,70542.38
Z-37,71350.08,62830.17,164155.95,104101.47,187605.82,95784.91,39968.23,195054.24,116852.25,142837.54,122457.86,156020.37,120449.89,113874.89,135101.07,133627.18,76085.16,129751.34,inf,100582.95,114742.96,59008.81,139368.85,99217.82,132590.69,inf,64573.15,71898.08,59382.45,41677.06,97257.82,86459.59,91967.85,44254.84,126713.74,93545.72,inf,123164.78,109322.61,108882.09,inf,50242.78,49903.25,110962.1,142405.2,80418.05,126493.11,152089.06,124097.61,136575.71,79831.05,191451.3,166788.86,44826.97,inf,73942.21,81365.42,16890.91,116258.57,107889.84,114812.96,inf,145028.15,103284.09,137440.75,111768.49,94308.09,89807.9,106784.51,104309.0,106243.21,166452.29,144931.77,137588.7,81745.47,126780.44,93079.74,114253.78,79346.14,102760.1,42663.44,56397.73,90899.78,108934.08,155032.02,127852.9,97447.02,112597.84,83995.11,45830.63,136923.98,118620.13,83522.03,65352.29,inf,45347.77,113915.41,inf,70894.58,138483.28,61268.82,63645.17,124855.88,99226.25,24361.03,68944.99,53671.64,58940.56,189430.53,96154.11,150319.4,160459.96,46210.47,45131.25,135358.42,74007.07,90090.33,85230.35,60409.17,30660.38,98634.66,53610.92,119310.93,188634.65,72581.59,114692.31,119280.0,98521.56,107089.08,120463.41,203140.53,167807.58,161656.01,2613.52,155548.18,57025.37,129665.47
Z-38,82713.74,143893.82,143808.65,179253.52,150004.74,79484.77,117850.44,30040.19,137597.5,102150.63,28812.23,73370.56,116207.64,79640.85,79636.28,86730.38,171775.03,144444.0,122481.12,4154.05,88931.48,106195.19,66251.65,88274.4,35282.86,132097.47,95157.79,159781.7,145903.16,63397.21,37683.35,60087.8,18123.61,94345.98,43416.36,9542.97,58656.98,inf,120232.45,4481.57,114692.98,84923.87,124286.57,85181.55,112501.92,126166.64,50746.28,74261.69,133798.47,34259.0,144535.53,155647.29,inf,132256.89,171071.73,78899.53,62075.35,125673.99,48798.78,inf,97885.65,78374.17,152447.92,101274.97,120156.17,90843.34,87637.58,99645.82,55609.63,103638.91,46875.78,69807.7,67668.05,162180.03,84950.68,95915.63,95596.55,71763.19,94033.86,145193.65,149432.86,126139.26,108567.22,23675.01,70725.9,136386.24,108233.24,81496.07,63282.29,inf,125522.98,inf,132122.87,93083.41,107807.41,133317.83,50653.72,1401.31,101917.43,49474.84,77424.0,139011.61,63751.74,59078.59,146181.79,179852.16,97580.32,109593.05,134990.25,inf,130719.3,122120.11,140933.03,104900.78,46608.67,78159.59,111220.45,131837.36,9740.78,109810.69,81943.47,4811.08,3367.68,91026.48,91649.35,110541.72,92524.85,187713.69,inf,92756.04,96838.31,46723.05,58502.98,112664.36,126972.01,138363.1,42071.9
Z-39,67547.83,68048.47,113043.08,146255.53,171222.91,90408.67,99680.82,89857.96,120481.19,81052.69,156231.16,119363.81,164043.62,123296.78,61149.47,161672.78,137989.11,125833.93,67585.54,96567.34,61262.88,113720.29,86458.15,56616.4,151153.41,132652.74,93877.52,33300.5,133003.21,75043.59,118531.02,165872.29,43730.67,117519.75,25393.88,64263.28,103424.46,48318.88,inf,138683.25,80652.62,175609.25,78984.86,39243.15,97179.67,150595.22,170291.18,89675.56,117193.85,88884.24,31703.28,174253.43,38239.72,61476.02,46097.95,32074.98,94572.48,97634.85,55082.57,17290.41,43159.44,138538.82,27620.8,73769.34,93771.91,133018.51,inf,77229.49,84398.97,118057.36,155500.68,103136.32,197086.0,133418.24,99723.96,134723.15,75824.49,61603.32,70495.31,123782.67,28870.34,125388.2,38585.82,90680.61,81423.13,inf,20772.83,48171.81,97763.85,134809.56,13294.09,105725.99,33600.42,125046.69,75325.68,131767.51,110117.71,98248.19,84382.79,122015.37,113065.62,108390.17,146762.39,101570.69,84205.1,34908.79,59383.37,122442.32,188838.99,167929.62,156921.04,inf,97843.12,91715.99,124962.61,78277.96,59658.28,48057.82,85635.1,148262.62,86526.09,165057.8,70799.85,157417.46,104847.47,51361.63,88203.43,138986.64,72135.86,105011.69,128917.04,103779.19,114454.79,134785.98,142751.64,inf,inf
Z-40,inf,88278.59,89946.76,210217.75,150758.83,127859.92,91553.93,inf,79636.96,132191.26,71096.36,53072.69,92020.65,121109.04,181035.29,83634.84,90955.38,54248.45,76589.07,75420.53,164130.52,84871.4,130434.71,89186.14,18629.31,71030.57,135655.07,112681.85,51472.66,121212.77,10960.93,144966.38,31410.95,144256.38,122313.82,154788.45,125398.25,113471.61,43454.31,inf,117565.19,206091.45,119109.28,inf,113794.3,31175.8,80693.27,114792.51,96789.41,113004.19,68511.09,166478.2,76656.15,172540.88,200677.16,5722.72,124399.56,102096.9,88114.63,102643.02,114859.52,128060.98,46370.0,inf,180855.28,125693.69,98615.42,106244.94,143708.95,52141.09,141372.01,117317.21,75864.02,161048.21,195362.49,inf,102924.51,164214.15,105905.23,183879.13,63396.38,169707.08,132028.0,149501.86,80194.41,136504.32,155240.6,132305.71,45958.04,88220.52,74949.33,104339.87,116966.56,80967.46,148269.26,139076.39,66137.97,134702.49,inf,71866.84,inf,128237.78,121614.93,31118.58,171544.16,86945.59,79637.73,76152.4,70304.02,78109.96,170019.85,169951.92,132592.48,136902.94,69036.14,19807.75,130220.01,123512.95,18303.92,135266.06,112632.82,101952.2,127723.64,163313.43,99664.25,10496.57,74699.62,65893.89,70652.44,88651.08,69183.33,114844.64,72141.22,93099.18,214996.58,45786.77,185848.03
Z-41,25157.1,103417.52,160913.43,131578.47,99430.6,92574.59,117292.44,130960.89,146336.8,90714.23,128875.23,66154.72,109493.58,106074.18,132681.0,74591.94,115303.6,135526.93,179115.12,155993.91,94573.96,92459.61,172153.87,144811.98,78298.91,44375.29,192009.94,181240.14,83136.19,58173.9,112727.26,51038.05,94589.3,97172.87,145993.12,17496.12,121926.38,137635.8,89125.4,153028.5,inf,93302.02,65281.77,13356.09,109167.88,126225.61,105478.69,120635.19,inf,41779.59,106009.78,67532.4,100385.61,94256.79,88113.01,80400.55,99690.68,142492.53,139399.12,113788.27,78528.05,74704.08,146624.23,159891.02,113428.86,122789.52,98906.97,156836.54,126716.98,65660.03,78889.12,76784.8,65383.53,12419.7,inf,120571.27,162296.06,161184.25,126619.11,inf,89528.0,127603.97,130865.8,102039.06,195496.44,73790.95,153886.98,88639.8,109142.02,86095.93,107303.82,inf,57763.34,63947.0,93744.04,109411.08,93808.68,77758.29,139088.27,118919.38,112613.8,90965.26,186458.68,153442.34,111646.82,135296.08,178238.36,107015.96,166543.43,76281.43,192799.94,143159.8,102743.11,84035.13,32164.2,73549.62,94127.69,181445.75,96077.43,85505.54,74722.21,73930.27,25614.38,51209.3,inf,48407.47,79713.37,18492.3,64719.22,126886.6,159863.94,205150.49,117798.21,inf,16036.92,161703.55,142410.65
Z-42,71854.73,80749.75,61481.45,94353.81,84806.99,29166.68,83377.14,130492.41,111312.63,107198.79,133257.27,144811.07,69103.42,160702.73,126051.73,90960.89,124065.99,85261.01,121720.91,149634.87,96575.32,128386.96,46046.66,122467.8,59769.91,86144.68,100826.71,92760.21,84326.87,142486.82,103498.47,48013.93,94226.36,110030.54,63167.54,78872.49,67427.03,89633.16,174884.22,163920.1,99008.9,inf,72004.6,128978.69,115797.63,138470.91,95319.5,79292.21,91160.13,120827.71,79924.61,62244.06,104912.74,145939.55,47951.76,inf,108423.01,133116.41,111459.71,77271.98,111841.25,71100.84,74432.75,46127.17,146739.89,103887.81,87262.84,95345.45,28417.37,81228.15,61322.87,121662.66,170653.3,63045.6,145933.8,109436.32,27158.97,inf,79893.92,127842.0,41988.7,139111.85,141650.59,169446.46,77018.41,149833.05,139795.33,28381.87,148015.36,68649.04,131467.52,125581.19,80353.85,143315.75,169002.32,59199.53,102059.62,132044.55,105926.23,80445.66,42597.01,67926.27,120002.75,110982.82,25773.19,106735.7,65485.02,141437.3,77897.77,62632.7,153813.06,76963.58,60474.34,122876.78,115358.45,65748.89,112757.12,138816.03,49647.06,62437.59,65164.9,79829.0,61917.27,85750.41,156733.31,108040.8,119874.39,101010.62,137347.99,inf,197631.8,141760.74,148207.47,153553.23,108201.85,67618.81,147087.27
Z-43,132620.29,112097.07,89617.65,111340.54,142174.11,94340.21,51906.53,94826.49,180277.95,inf,114005.24,51905.63,121930.39,74983.59,104911.33,140062.71,91962.03,119713.97,102049.46,24943.6,89466.99,94689.0,105823.09,104050.51,76411.57,105698.55,147623.47,110129.79,145667.64,35172.95,91944.84,126064.13,84158.2,87764.23,60357.96,79565.62,105709.23,60741.76,82772.6,119312.6,112477.02,116919.1,inf,179119.1,119456.47,92226.18,100779.91,31158.56,79011.96,86289.9,21756.83,121969.81,88030.1,118084.27,102477.64,54968.07,68915.92,163435.8,104382.9,inf,95221.57,132344.86,109517.84,81993.92,129147.49,83972.88,135136.75,77232.47,87618.6,104964.41,75870.73,105349.41,86258.79,76178.6,72742.61,144880.58,191339.18,36322.95,111362.55,inf,82059.66,108225.71,57579.77,inf,89584.84,100743.37,89596.97,76105.44,60296.95,142753.73,72419.72,119975.93,69053.29,118695.32,61454.19,inf,60022.45,inf,120358.02,61948.89,66671.32,80082.96,109960.41,61290.83,93453.22,74204.8,98954.6,79916.28,127365.97,135467.89,79064.56,139248.6,137231.54,62110.61,81080.08,inf,134567.84,128580.1,104930.28,51574.0,81215.46,115695.6,23517.47,123618.87,77385.94,70394.52,123763.46,153886.97,142315.81,65809.6,144133.84,131225.38,78974.79,93351.77,63393.76,145399.23,inf
Z-44,124624.7,89164.31,138145.26,inf,110642.86,89501.24,96647.65,84503.64,127869.23,57485.26,168092.7,22888.06,121116.15,73242.44,40295.61,46785.99,89677.96,133235.15,87360.74,67285.57,124786.88,inf,151219.91,55317.57,87145.83,62723.37,106122.54,inf,73496.82,25200.46,64015.08,107174.52,117300.72,63637.33,88820.2,160628.18,73669.12,35531.7,79950.58,161275.7,101290.17,87856.89,86080.04,inf,65912.14,40435.13,70543.12,79832.08,117779.76,41688.89,3239.94,132807.21,103123.6,135443.23,158356.67,147196.11,154723.81,112104.16,139565.47,55687.77,75367.58,138585.9,69720.36,84084.11,103160.4,83286.52,112250.87,53972.8,58405.57,88700.58,107871.58,121593.38,201847.48,110947.62,65961.16,inf,114314.38,158926.74,71433.44,77392.82,60765.66,131267.36,123545.2,75843.34,137201.04,14636.19,103576.93,124800.37,127091.98,131954.74,94144.48,78191.24,108513.86,91288.81,104069.48,108170.48,37898.97,119061.8,90720.4,inf,88114.16,123028.47,171236.55,19786.66,126928.64,125292.76,117250.93,22432.81,94891.88,92328.95,156454.5,110478.13,116967.91,106453.09,96607.46,105423.81,140481.83,31086.7,72656.21,47220.47,inf,inf,102092.65,86881.55,inf,77264.93,22482.12,100098.77,132121.32,54641.56,33208.79,40246.71,80628.34,31528.52,72271.29,111156.94,92592.1
Z-45,20877.34,92776.75,66978.69,123036.61,62419.74,129180.38,62591.19,105897.77,173471.65,141989.32,91853.64,81997.85,124987.06,182130.01,141688.87,86679.13,58998.29,87083.15,50335.84,60897.51,129672.97,25183.5,108755.01,124054.01,45245.88,79801.76,106392.94,167288.43,78290.88,87194.16,164839.11,132854.47,75385.63,105316.25,inf,113826.84,16544.63,111226.84,75818.37,45703.11,inf,114163.92,inf,87017.31,inf,86757.52,119334.04,48286.38,8468.88,150301.45,91328.64,145857.55,92673.35,103715.39,inf,155033.04,152658.05,139740.86,92737.19,131947.61,106811.27,92902.92,89677.55,89642.3,92750.87,137781.8,163032.6,24095.57,88339.74,156465.32,62665.73,132771.66,128550.5,62808.79,92232.33,74688.92,31146.53,107930.5,133516.27,84632.51,136324.75,90865.16,62441.23,93236.01,63540.15,89262.19,158026.87,26655.77,183057.81,94859.06,131110.8,82643.1,48234.08,59414.8,28611.35,inf,51562.82,74366.87,104371.43,73540.62,159969.72,95339.92,23779.96,inf,58627.87,121565.25,132300.34,25799.74,102783.47,95231.2,23360.67,51036.99,61171.37,79319.45,74417.95,80395.15,103300.33,99742.02,127903.99,127659.79,119576.58,112886.75,80443.1,122245.75,inf,119734.84,85426.39,107569.49,124016.36,71697.07,31390.73,120628.92,73519.08,120697.5,113897.94,93143.67,69823.61
Z-46,87584.6,95481.78,165026.46,201899.97,63333.64,162343.91,105599.22,117716.47,80561.08,115542.21,112865.42,12154.13,125718.4,56341.22,52169.14,97380.86,118015.97,inf,80813.98,5819.27,47427.47,79531.97,103223.14,20789.99,151610.7,51703.43,89186.17,100946.2,83567.55,66529.41,120061.06,131114.91999999998,202642.29,71391.83,76973.33,93968.86,116792.23,172031.43,77619.65,33923.91,136495.63,172368.42,166359.82,70257.19,138393.88,inf,inf,53874.81,133077.47,74986.48,70644.97,150166.92,175609.06,96413.98,111001.69,104317.43,inf,120572.95,156131.92,63889.73,97583.85,45222.59,121470.63,7771.19,123282.2,152005.87,68305.98,89985.85,89239.6,113879.7,91752.42,95602.15,163118.08,158594.55,150654.97,95256.21,30883.41,123204.71,100635.95,163183.47,85127.3,66261.35,70624.95,127047.54,86155.02,147403.93,141736.66,103342.9,72807.92,78224.0,146566.57,120467.04,110163.76,151218.04,47325.55,inf,inf,117828.58,28964.9,183880.43,107621.87,95620.39,25059.48,99482.81,91958.09,85349.68,96244.28,105539.47,74479.65,92256.81,91360.58,78076.7,106553.59,101007.95,62590.73,129080.8,117093.88,80626.03,125291.15,93077.66,22504.47,131526.0,50770.61,143434.36,94453.39,51241.79,115230.88,82369.06,92569.3,445.16,84786.59,82055.08,74615.99,95901.69,69621.67,79466.12,91138.67
Z-47,174615.6,63445.57,55915.23,178873.58,113301.67,110559.44,inf,164630.79,52885.17,128272.78,68521.1,60891.8,145733.3,83455.62,107335.27,83785.92,inf,174508.56,80236.72,108333.29,52105.85,113942.06,100504.06,84057.67,147264.44,87572.61,139309.09,86073.54,97791.64,94769.51,56829.92,160590.87,67547.9,102825.88,35151.64,inf,46139.28,96966.38,97674.65,89515.79,49685.37,171071.84,96412.09,41408.69,107807.96,9197.84,inf,108120.36,55463.63,101141.25,54502.27,103335.78,88932.83,135584.01,64909.52,141160.3,120289.71,48440.82,78145.0,65102.92,42761.63,119779.12,122549.45,103896.03,148345.1,72249.78,inf,29954.34,101970.82,90062.16,107517.39,104952.6,180057.16,98989.38,63695.56,111408.08,77487.92,142772.71,91954.25,140562.91,98533.0,121085.47,inf,135339.54,84645.05,114212.86,125895.25,52839.19,49014.25,133970.05,123155.56,177926.39,120864.87,73892.28,95378.71,93733.3,16860.84,93153.49,144423.32,96179.35,75089.2,80675.48,70778.39,98253.99,66948.49,134428.66,86849.33,155075.77,54849.37,68378.0,90404.97,61433.58,71098.74,116624.53,68868.45,78376.58,177122.67,7107.5,30728.01,79318.51,93067.14,117743.37,119753.39,103730.92,111569.75,127584.76,41884.55,59287.21,111273.36,88805.9,85425.73,109992.08,90945.37,78787.69,46498.28,90664.35,95305.52
Z-48,99546.37,120009.13,38509.37,117667.99,145566.02,121005.42,92062.65,110609.84,58257.61,94152.25,106105.36,102084.09,126280.24,30842.48,49646.24,82999.97,124178.42,inf,1246.15,132576.59,68300.53,180074.65,inf,172478.64,95787.36,inf,69228.41,108254.14,151271.38,68713.43,inf,75922.82,133023.16,126395.15,97068.52,50856.83,161075.19,inf,54656.75,114369.79,132850.5,119102.53,106930.36,92655.79,81420.48,211728.48,48473.21,inf,55858.65,105053.75,78735.54,118562.93,100120.17,56655.65,99022.25,118224.81,101966.49,89636.12,89796.9,68273.71,170806.58,145456.11,165875.11,inf,108035.43,106549.73,171468.06,61037.82,88124.63,76704.63,37354.83,143701.31,73953.64,150499.38,inf,110304.93,19176.61,151184.32,72172.88,89368.24,inf,inf,54225.71,55044.81,130125.96,88217.36,128210.56,97507.89,111217.43,106012.09,97783.0,70813.62,124090.46,141203.46,100237.95,80009.87,99477.3,64489.1,131988.16,91686.89,74376.09,95263.04,37787.91,16816.04,168764.94,103651.15,31954.98,64199.94,103935.63,29266.36,67947.18,15023.04,102349.2,112626.44,inf,70466.9,205575.55,161024.14,173567.79,80402.01,99561.43,70233.52,162177.86,155701.6,102377.18,69841.74,65155.75,inf,56155.21,54762.62,139983.81,inf,64520.65,99092.19,105531.42,616.23,inf
Z-49,79959.28,87723.15,103777.49,59734.07,122166.31,2873.07,145473.67,inf,98065.18,inf,139606.79,153357.21,77732.33,inf,50148.36,148391.12,112203.66,14809.85,104546.41,69506.88,89248.11,77203.0,112496.11,86588.42,102103.35,91780.68,65284.77,182177.88,104200.33,128648.24,55146.22,38194.03,119117.43,81451.69,88703.15,151115.47,133871.64,97830.7,63799.02,87901.08,44146.9,130911.63,69436.81,32664.71,88605.11,65591.48000000001,69453.97,124430.61,inf,42464.42,inf,72489.25,27482.74,121561.16,123243.18,70382.11,89255.13,65953.59,186706.38,144578.86,134849.14,inf,51119.97,151036.62,113541.01,64548.42,65587.86,83777.99,133067.72,194404.4,79643.31,72145.05,63322.43,65959.21,inf,88791.41,116511.54,45651.4,124491.53,155135.38,60160.41,74636.98,157695.69,105713.53,105515.59,150344.0,85657.15,173062.21,68350.24,156103.62,50124.26,36071.92,115617.26,111962.5,131354.63,105969.95,123487.51,12560.25,172642.07,136940.68,14694.19,79363.82,135653.8,147962.21,143458.1,74937.88,78936.22,145522.87,78415.45,92200.26,73337.42,inf,83336.17,10866.42,90821.26,63332.07,83518.77,136570.7,181401.46,102844.7,94001.15,124145.06,58988.94,100511.19,159911.96,64019.12,96295.64,159797.98,156742.26,141085.38,35058.46,92088.12,101719.51,117206.57,117558.12,128339.58,206629.92
Z-50,57759.18,58984.88,inf,121276.81,139492.32,46545.22,130510.14,184793.24,103324.69,81435.38,27783.29,53826.98,84532.58,60293.15,141140.76,144029.66,54310.94,78495.71,51386.13,134145.78,105073.19,145747.37,80929.06,75201.44,inf,79901.92,79988.66,116223.77,130245.18,102762.14,108806.27,78101.8,120286.06,98384.5,117328.23,75035.51,84049.62,4386.74,157240.22,138553.14,155499.12,131774.73,121045.52,133223.64,126038.86,85670.03,117828.9,122211.6,62064.4,inf,151158.66,185302.17,84175.29,152598.41,88019.37,inf,140435.17,122864.45,71124.01,92574.0,217868.73,39855.65,435.56,104231.05,78480.71,79735.09,139131.12,13078.55,112079.09,86253.73,126040.09,121790.26,49595.68,90929.42,61874.19,85416.3,144994.22,127115.24,167640.77,41877.07,119346.59,inf,106766.59,171570.78,70653.86,90655.64,135899.58,121831.27,122396.82,192214.31,133505.55,157973.23,86450.01,83127.88,89635.98,89860.52,104657.07,156296.52,inf,104004.46,67532.49,130468.13,101148.32,7681.64,115006.89,108249.35,92379.97,144376.73,20511.04,40710.0,101944.28,96141.84,136943.47,inf,23146.05,112927.5,133629.01,153000.84,61944.39,126398.02,112551.55,103977.17,67904.09,158140.84,100651.58,65053.25,90433.21,126504.28,inf,91569.19,53356.58,120999.13,80504.94,84861.08,73006.59,96102.12,78830.6
Z-51,82479.32,141081.35,134426.02,97514.9,187400.21,81667.11,160365.11,89625.94,174097.77,108310.11,138780.14,133220.03,116246.27,137210.44,inf,113858.02,127294.13,10082.73,123678.07,77455.14,112472.64,173217.08,128124.03,115008.39,145244.86,100971.05,75316.25,62376.5,89153.33,89156.16,87500.03,117175.28,129859.72,138134.24,115100.11,142908.93,143916.22,80617.46,121103.25,145984.89,121559.24,69147.77,46929.24,118130.26,28596.97,135376.8,64649.02,119004.84,123059.27,63499.21,inf,154385.8,79002.16,137020.23,97537.79,96074.05,75890.22,140127.99,160322.94,99450.85,80745.43,139376.91,11188.82,117063.81,123506.62,130007.06,119622.63,103699.87,101828.28,81197.05,143395.86,77211.07,97337.04,83246.65,56198.43,inf,109010.85,54972.71,127273.35,52338.37,105915.73,64626.45,64218.35,120575.12,144355.04,86876.73,97669.2,97236.17,81583.69,108913.67,141200.63,97639.71,70497.86,57453.05,50993.76,136268.33,163272.69,108433.29,39152.98,169246.34,148612.56,inf,139380.1,80073.07,92048.64,118770.09,77361.72,147289.8,116880.14,162111.89,106147.9,86637.15,84212.01,91789.66,71704.23,66463.28,95380.57,89171.05,82591.88,93037.98,105614.06,176598.88,147624.1,31416.3,21934.18,48273.24,127249.48,102189.47,133903.24,135295.66,29254.81,inf,83746.21,inf,159292.6,134353.8,154229.53
Z-52,116098.37,141972.16,78661.38,171965.75,63070.9,55453.17,98515.38,95408.28,inf,62027.07,123205.61,94940.27,57707.04,151924.99,109247.06,111910.81,inf,102256.52,138901.41,71210.13,31870.77,139608.6,183981.02,inf,170619.58,126894.2,37333.95,74913.54,98773.24,76229.7,86314.68,90747.95,41500.32,inf,73089.45,106892.76,145791.74,111718.71,127898.58,31283.69,65794.04,141053.01,90793.85,120210.96,136429.49,147912.06,123544.28,108430.7,117255.67,89305.91,92913.86,inf,111422.89,152971.17,94777.8,152923.81,156529.67,135594.61,77946.64,153670.17,83517.54,107714.92,44120.53,129335.19,111100.69,94792.09,87264.6,77613.49,130853.16,95175.28,82860.24,58815.61,78719.39,183677.47,128944.96,35277.67,144365.84,129219.21,86140.18,167498.22,67465.37,160630.3,128386.49,120648.35,inf,78757.19,87382.95,121133.57,80354.67,93739.19,34227.64,12126.88,104301.56,96161.24,117727.24,79389.99,159548.63,104294.51,131377.34,96303.78,131887.32,189058.71,inf,63131.36,98273.59,72893.16,163368.61,168283.1,42952.68,138142.92,81336.65,51902.09,105904.35,183489.78,92117.28,68954.91,67372.09,49824.16,44768.45,98101.25,138546.74,43309.5,56408.86,85266.85,63813.52,27787.86,118693.09,54900.43,152999.99,116177.29,64991.08,51110.97,133674.43,118692.95,160170.95,90268.11,122049.82
Z-53,116242.82,64148.78,99652.12,46431.3,128039.24,49697.58,inf,170124.42,133577.45,155280.52,52723.11,126481.14,115758.65,119117.43,126406.38,174060.1,125320.94,77501.64,133151.89,86787.82,113155.01,inf,140438.96,92777.46,11210.27,40636.2,103488.46,114495.58,85501.42,91364.24,inf,208678.48,197889.22,40553.16,47253.72,81918.43,18701.59,113892.38,47904.99,76878.55,96616.98,84788.33,84521.92,103417.26,56712.63,133428.71,91643.8,169836.37,104777.51,98602.39,170078.16,inf,inf,110567.52,81517.58,141733.38,118083.89,102354.74,98895.56,136822.95,30909.23,117623.73,192046.33,100895.98,124453.35,113608.73,103766.1,107815.13,108469.42,132621.89,56038.32,87679.6,75656.87,75341.89,157715.3,inf,65052.55,43067.5,113848.71,18969.54,126849.89,152718.32,132514.46,214694.97,17865.43,125453.55,50279.13,70356.45,106627.39,143057.5,75168.5,48583.21,92774.64,53650.59,inf,inf,60125.78,85666.34,112665.36,123254.81,150077.65,92130.89,inf,82644.29,67198.11,104773.02,54817.07,114720.1,112650.71,151218.74,92050.7,109659.98,71358.34,46772.83,inf,inf,176945.4,99835.62,inf,125658.5,148503.57,125183.15,113496.44,106798.41,97719.31,94141.99,25235.09,208552.47,45145.92,66163.31,155582.63,70540.18,158864.33,18009.23,3136.91,138499.72,91031.56
Z-54,155325.77,123860.76,124267.71,97515.54,55984.92,115349.79,120156.72,60053.85,165710.93,139643.26,164727.81,37312.23,76587.24,145713.98,78447.03,54537.14,180026.36,62883.34,37007.41,56753.83,150091.48,78632.57,87742.77,83226.31,12775.45,65538.20999999999,110349.31,41078.55,127397.95,104858.31,42099.53,136659.49,65031.8,83749.07,73350.2,91020.96,110934.72,199286.67,90960.04,132967.51,59871.73,15918.76,117325.33,100063.1,116571.84,22156.74,132732.74,110345.05,122601.96,74937.4,101845.18,80143.96,94933.91,inf,46018.28,161109.41,150418.74,inf,132761.5,95204.12,97492.57,178878.34,172125.43,117694.63,105249.41,113477.15,52637.1,inf,inf,65102.71,123125.68,141152.32,109279.41,75678.19,86945.05,149805.6,135482.49,59808.38,80183.13,133410.49,73263.69,145024.35,58380.62,145086.66,134740.76,38226.68,130895.84,126733.12,38516.06,101508.38,125771.56,112378.64,88018.64,76600.77,193643.42,65547.98000000001,167897.29,66183.88,119219.98,32264.38,87843.01,66485.71,48543.21,145353.17,118298.02,84287.24,91856.85,106277.43,94047.15,118326.93,100890.66,inf,42821.07,98939.71,109761.49,134094.03,123764.81,61684.86,62852.71,127333.82,136076.42,130930.49,154881.25,139835.92,112811.03,inf,160311.86,65609.79000000001,94023.69,72231.67,100520.3,68617.78,66843.51,inf,49423.21,130281.69,96776.2
Z-55,129793.62,92907.48,inf,182608.98,183451.03,45031.78,151129.99,139262.22,100979.02,111555.11,29226.19,109907.18,86077.22,136580.55,127448.16,90272.01,143582.14,110024.95,88338.17,59133.26,95470.87,114577.89,84915.04,49367.95,93801.45,87604.04,8998.58,65954.97,78630.13,111471.07,94249.64,inf,101769.85,120112.09,178859.38,39633.72,102362.54,77441.94,85346.03,88743.94,103457.18,66791.91,124394.78,97013.31,144613.48,124939.13,114796.6,91481.29,128997.91,42582.48,66004.47,127477.58,62320.87,52063.45,inf,104000.46,119225.11,115007.23,88532.36,62855.72,103067.69,inf,21913.47,120904.32,118753.28,109719.16,56421.98,86437.71,49850.97,57402.52,inf,154459.84,142018.76,71222.59,43565.76,170582.38,117701.31,116883.22,84100.2,176480.84,59915.81,112757.71,108771.96,47353.25,118752.84,154956.1,59127.6,123585.93,130828.5,71308.99,102539.2,76879.66,114400.55,65127.87,45446.98,1642.0,135568.34,143131.56,127517.07,130252.32,101508.18,84606.88,88785.1,12986.61,49562.81,173158.43,119098.79,65159.69,73884.13,152383.11,74895.14,134381.57,146011.96,99528.2,116400.03,114460.91,143358.41,115280.26,inf,79743.41,204497.99,81218.58,74968.63,129030.14,22291.29,102503.02,133733.37,39275.0,63956.96,142060.99,58579.76,131867.14,103835.08,124792.1,119092.44,103674.64,134436.05
Z-56,126281.76,171139.74,75252.8,72132.5,81233.42,123602.37,101660.61,147126.83,108835.84,107007.54,101063.47,34522.43,82613.56,73364.7,37984.15,120288.05,68338.28,103007.99,145769.51,73869.89,inf,65703.5,93879.01,117593.98,146840.77,71230.06,23296.86,37126.71,48810.25,62102.58,61663.84,17399.71,131196.16,75572.59,121552.93,72481.71,22905.7,5064.53,27403.81,87713.15,109013.64,79239.42,106525.29,119132.07,81051.08,74738.79,116255.83,126156.5,94532.07,132456.81,94041.79,85988.52,175974.21,99629.07,81098.81,inf,64021.94,57742.31,69838.02,115083.7,97392.98,36276.88,145300.98,142695.14,98999.68,109275.3,173708.14,90226.13,57279.44,66153.6,inf,39975.17,68366.31,119589.19,54127.81,146723.36,123997.19,145369.45,168789.26,101617.27,132243.21,119788.04,104139.81,89197.13,134778.25,111320.78,47201.64,109816.56,88030.89,125412.6,64862.8,58682.38,98045.85,116767.27,141890.56,87784.07,110041.02,108864.0,169472.31,138488.47,105866.72,131412.63,74598.31,128926.48,121958.15,95595.24,108702.26,114573.48,inf,66085.88,47786.53,99530.32,61366.9,73881.72,155967.66,102077.95,51843.3,33718.77,57364.18,61901.27,132599.34,93309.43,93838.49,69641.51,66070.72,52479.97,90833.11,62794.43,78656.52,138589.92,11659.69,59708.12,98633.06,87664.99,52368.94,141583.11,147331.98
Z-57,77077.16,104767.5,102080.2,129403.76,inf,42165.49,114995.2,82530.38,117115.41,158226.94,79637.96,84110.2,87449.73,21150.61,70928.34,91897.76,93902.46,84034.76,171079.83,117057.07,113191.94,13239.44,93745.66,105330.05,58705.18,92184.05,123052.78,58852.28,53237.53,91400.48,42474.17,39802.94,64149.51,74959.82,inf,80137.62,59750.19,126502.1,59243.31,inf,100251.07,77621.8,118293.19,172591.12,94623.3,70317.65,123332.96,124047.17,148777.9,115373.14,146004.38,139621.87,110209.37,116500.19,105049.55,66455.67,inf,48791.01,61077.82,109589.34,136768.2,60231.27,90050.51,108295.19,106705.04,62563.67,96973.74,7750.88,83985.36,155704.57,143714.09,102915.33,158191.38,111620.34,185047.57,55481.31,177429.84,73973.93,12460.51,68018.31,40153.3,78064.07,142060.06,153633.35,122837.08,121026.71,77250.15,108493.85,176992.65,140476.4,139186.83,98511.75,56192.78,151198.29,133284.61,111647.21,inf,110718.33,103657.31,63314.22,86460.68,105469.66,120004.11,126281.31,133369.35,125357.12,67868.26,93515.77,106170.31,147786.52,79373.57,inf,155942.35,165762.44,176556.54,72035.6,87471.41,inf,147951.63,85560.1,97663.7,169360.06,96725.89,54558.9,95379.08,25089.01,41375.77,inf,102994.23,42690.9,30929.95,114594.53,141835.43,58497.78,67268.45,142785.27,147427.92
Z-58,73280.14,117777.82,52145.95,81709.0,inf,54068.53,84288.32,68313.4,95408.88,inf,85482.57,65783.23,inf,54535.78,109127.59,57261.94,inf,85669.98,77457.33,114550.11,172018.62,55489.65,155764.81,134640.42,45830.82,77700.54,125648.51,7335.65,143359.89,81464.09,69101.32,85637.35,110730.19,73419.33,69484.81,103343.87,inf,90107.73,26914.84,inf,59546.18,62092.6,inf,28816.93,136277.67,92083.53,52968.88,88281.04,12666.25,57686.08,85732.92,49704.25,107607.6,82867.77,inf,75646.34,57485.17,inf,inf,106170.97,160795.2,70242.53,98346.23,85734.87,135617.13,211970.75,120054.87,134848.48,104551.06,155922.55,91020.29,164458.58,52159.51,102766.36,152524.73,50821.93,inf,79764.11,65868.95,113365.18,47731.53,16643.34,142698.48,140708.67,94679.32,108536.26,130663.04,93118.06,144779.16,162928.0,89570.98,83024.39,87756.92,119651.91,99195.43,113639.68,77280.12,81834.89,16358.66,120231.26,160047.66,inf,109648.43,137448.09,47281.56,125710.94,80800.62,74403.0,89762.77,67352.08,109879.59,112293.83,84086.2,79371.3,66568.29,77488.02,89884.44,100652.9,72055.61,103018.83,60077.78,31351.53,76752.12,134426.31,149336.15,74438.43,156947.81,112899.49,129653.66,134204.69,58797.46,71515.61,54192.37,77863.63,inf,131097.94,134300.6
Z-59,73070.04,114261.7,59436.64,133575.9,29369.7,144595.21,89045.53,126632.8,134288.42,73967.55,109549.75,77886.27,58928.89,186285.91,66998.98,143295.87,63317.56,90393.5,inf,101946.97,124349.56,87707.93,80481.16,92274.13,105526.65,51301.23,75043.09,91424.82,92089.34,162997.25,138991.06,181658.93,inf,7044.29,33168.0,63266.76,161605.17,81716.65,94564.03,1797.96,203041.84,inf,102977.89,49069.6,99568.2,67112.33,16794.04,32216.81,109044.82,54579.43,101449.7,144019.82,71756.05,51207.23,62367.16,67756.39,83793.26,38058.05,inf,85391.21,94680.58,123453.2,108162.91,131461.16,78923.76,83746.9,83279.59,22927.79,52246.04,75507.64,185624.94,131247.81,79130.18,146289.52,139301.83,67083.39,130301.87,128888.35,63391.93,96554.26,50716.84,80531.73,145455.43,153284.01,88497.39,77160.56,64914.71,130752.53,157210.14,46540.51,92395.8,155339.52,130733.3,87110.17,inf,119349.45,110568.94,116256.97,106231.81,129502.77,26134.3,106685.0,74274.75,99497.36,129790.85,92087.06,94294.27,111284.83,111443.39,148741.38,101309.36,67187.15,114326.71,131692.98,81551.93,120897.29,49624.63,87131.47,113065.12,56493.97,95677.62,133037.45,84800.57,58942.01,83388.0,121364.84,161455.33,105686.08,104851.59,122279.11,121316.56,133409.83,99254.6,111018.63,31629.79,175707.86,188656.24
Z-60,36966.02,126070.14,86539.0,45111.39,52797.56,65383.67,75571.18,107249.97,inf,195244.84,122347.23,81062.95,186548.65,82949.56,114454.56,102072.67,97772.54,64540.63,125042.77,125432.06,88159.67,134351.12,125421.83,177515.33,inf,884.74,91807.04,120651.71,202938.88,58667.36,50468.54,71040.71,98173.0,67299.29,124416.1,89769.12,46007.53,121238.84,92300.62,90860.59,92802.77,23742.83,111192.94,75071.48,84261.58,65301.5,98738.23,123700.57,83987.73,132929.79,35706.49,156178.29,63582.71,106373.11,194886.11,75838.3,87234.79,97200.66,131184.8,inf,28526.52,121549.53,27211.26,99087.13,143576.39,139228.4,148483.93,122204.06,102814.95,40511.8,78683.1,184486.46,54334.15,192670.65,64690.33,104948.65,128920.15,148979.99,88196.96,134606.19,70030.37,166387.68,57140.25,84237.72,149910.67,148836.78,124240.85,81140.32,70390.33,58046.15,128337.84,18838.54,143349.35,182298.36,73412.66,143431.99,116031.72,73019.68,65207.21,36018.73,60396.55,144555.58,132243.4,inf,84042.25,95048.28,inf,130171.51,59768.85,133218.24,26774.84,83596.56,57589.09,125962.28,131730.9,inf,104876.51,122622.98,105013.09,59349.72,121899.87,148804.1,53617.99,inf,85299.81,94619.34,125248.89,106855.36,50312.19,80482.06,81961.74,133978.6,31554.98,126872.68,107628.11,89406.7,130023.53
Z-61,163639.98,151794.83,139353.36,172358.63,88605.39,161028.71,51514.98,102686.4,55603.23,84917.3,110295.84,109828.6,123785.47,104098.52,65876.84,91432.79,31922.38,21777.03,122070.79,140335.34,101395.59,149194.59,74185.6,92076.16,inf,68496.09,131941.14,111626.55,110702.81,105719.46,137278.65,117309.3,38970.11,166456.6,inf,49546.88,128512.46,3934.16,84261.54,105279.45,79264.08,55661.21,53641.61,117251.83,79322.33,107886.3,10076.17,79686.63,96897.39,77266.31,140587.1,85938.77,83131.24,96709.81,111014.44,77635.76,121770.53,108777.92,154181.05,90999.16,inf,inf,114307.77,inf,34204.41,187134.63,121309.31,inf,116916.56,145326.82,86021.92,60960.33,55782.32,163115.26,130076.38,110589.56,175838.99,70615.16,inf,104177.14,54548.74,108999.3,inf,inf,64964.96,111223.54,120340.6,98573.05,161933.06,169720.85,124391.79,72234.93,101323.62,56686.41,195248.48,113092.01,116030.48,47490.63,110470.76,151810.52,162888.16,101530.57,92847.41,115657.28,92276.42,103602.34,160848.86,97423.09,144166.25,5349.05,55501.4,118804.96,114272.44,92798.85,85479.19,81391.79,114774.52,138200.55,116518.79,1292.91,71229.42,157660.57,166703.99,81103.24,163880.55,116303.41,113411.99,162604.36,81875.57,90450.68,153253.89,76188.44,143330.66,96455.5,153839.92,102790.66,138162.66
Z-62,155687.9,116866.27,127325.54,100627.4,114757.01,83350.82,115976.4,128302.44,129388.94,86014.32,121326.73,60326.36,179740.44,154926.85,15488.22,52644.36,79476.61,148313.06,90481.39,95285.76,107302.44,113832.94,143097.34,101796.1,142282.66,71650.16,142788.18,127483.42,33509.1,93315.46,75238.07,77136.69,34397.46,100835.33,60914.23,114241.76,72541.84,106623.49,184027.32,132826.43,44341.43,128789.14,105369.86,84932.85,83270.28,107572.75,99052.18,110380.66,111760.2,59309.07,132590.98,30856.83,inf,139274.57,73429.53,112439.83,88596.8,92155.57,inf,127285.23,69861.64,inf,147479.79,83157.24,37058.3,124634.1,22991.93,48652.68,58831.62,118732.72,37062.59,69612.45,137156.84,140407.08,104319.53,111527.36,79597.37,163712.15,27061.81,106598.27,62630.93,41906.32,78429.48,117824.71,147462.66,115974.5,156008.99,118304.88,121099.54,75140.76,153150.88,64110.74,25650.76,73757.86,121627.91,62520.55,151250.43,157441.07,129899.74,13456.37,175564.03,197806.24,73872.1,114266.43,121475.21,96427.24,109216.68,70082.69,34063.07,93401.99,153842.18,inf,103398.25,44470.17,86463.2,91679.51,89453.31,88597.78,123762.66,106484.89,71060.53,109045.01,66097.23,60767.97,49474.86,57918.71,105401.51,44859.63,147981.04,92801.31,130082.53,141416.58,164359.58,93699.26,11990.64,128238.49,34265.91
Z-63,105902.0,68593.8,6274.2,84646.32,174315.04,inf,163358.83,83892.51,128715.87,71039.83,36715.58,79815.74,inf,156216.18,129936.59,69352.0,49440.73,84959.51,106756.36,84633.12,121748.46,106601.4,78097.96,69576.21,125833.46,123995.45,116926.56,111174.54,151502.96,58432.68,32840.3,16825.5,65057.56,123506.75,inf,113416.68,65234.59,142944.18,59595.66,55997.28,61056.17,134710.76,26471.55,45084.63,112262.89,174604.3,132298.57,144910.44,53876.29,154593.28,165473.18,104368.13,9444.27,107907.76,46137.09,104618.78,113416.47,126483.04,84235.7,72093.54,23192.77,34850.63,inf,135965.82,74236.6,156429.87,98179.19,93926.63,136552.09,118937.61,148922.67,111023.74,150754.28,122087.23,inf,76801.18,70031.18,48784.89,96720.09,137611.52,68694.02,88967.1,100563.4,89236.13,99232.89,146716.88,119244.26,42900.19,63557.79,66583.76,140505.01,77267.22,inf,44403.91,68499.2,110845.99,inf,100748.53,129706.91,74264.62,44859.72,82911.89,117559.38,127257.34,115859.68,105752.1,232767.13,21319.75,86354.02,140148.15,150814.83,107780.68,112990.22,130190.33,67597.84,108135.91,60416.02,168404.72,58461.71,166099.93,152646.43,121705.21,122492.43,inf,153795.63,82887.53,89259.07,132578.4,100291.17,173599.04,89221.0,170931.06,104868.69,137822.12,47175.75,inf,125001.92
Z-64,134463.77,140467.04,115456.33,112981.99,146854.04,137557.05,71907.16,67393.39,76285.57,67805.94,105097.31,175422.8,100822.54,116148.65,68459.75,158721.73,inf,69337.84,96143.87,82599.43,10846.91,119481.48,169280.06,54865.63,108527.87,90674.42,80167.56,94049.42,89328.52,137019.41,88574.04,174412.48,64139.9,133557.16,147281.4,93581.61,inf,73011.54,63532.07,108974.89,47176.95,116036.83,inf,112103.16,156634.03,185352.85,92890.52,48258.41,143820.59,97219.24,107756.97,163168.83,53632.12,167191.59,162065.34,73548.46,175045.62,83748.98,120860.49,181853.93,102434.48,134353.45,94213.1,inf,123089.58,110752.95,95941.36,51301.41,142311.96,107004.72,178290.18,129344.81,100536.33,213059.38,167848.94,173001.43,202920.14,170173.73,77236.71,132598.03,69343.73,44227.52,104292.75,105912.78,54150.17,138270.9,93115.95,70408.19,104227.84,101052.28,115390.59,96956.12,125146.86,125246.17,127845.88,134597.96,110375.42,122935.0,117102.65,142576.88,76186.63,39829.12,81103.08,107478.69,185082.0,93164.45,inf,16207.3,84985.57,71456.29,96403.71,176017.26,128410.33,66754.98,128740.78,135332.55,118004.82,83761.95,97630.03,146773.83,114752.33,72499.88,47742.52,102514.98,93851.69,106529.42,67366.64,83190.36,53920.23,82964.42,77227.5,60530.8,156321.64,127914.58,136846.26,120235.98,107063.58
Z-65,19761.18,59416.35,151154.25,60129.5,99419.56,34198.31,114011.71,180561.07,105438.18,58465.27,149357.19,21608.8,inf,83723.22,106160.66,125544.66,106966.05,100080.83,160008.82,110342.61,78535.84,110072.17,173273.15,103935.86,99023.69,71084.98,87551.86,87307.85,149096.61,127277.14,128007.94,183263.84,74319.98,113385.66,90962.25,50091.36,116929.88,79861.91,133525.11,119384.1,146088.8,96702.0,176040.45,121431.73,152720.05,124927.8,117748.71,122490.18,95412.41,inf,131123.87,73976.34,75086.72,115492.71,135854.93,inf,120121.37,87816.39,118970.3,101594.14,65595.37,50824.52,79978.23,68171.89,inf,69221.11,145727.56,114601.09,153442.23,93122.28,68812.06,119761.3,88590.39,63612.81,127513.91,117985.37,61513.95,96840.68,60815.14,94466.63,46479.14,76219.12,96519.81,39210.5,91140.26,91152.22,140782.56,161581.79,77272.85,81957.98,125292.91,50385.96,144422.97,96019.32,85958.19,98808.39,inf,168071.49,123945.21,80535.26,71634.99,117428.22,115033.33,85828.0,78276.67,86312.97,132309.24,152876.11,75322.87,129321.29,143383.38,109146.53,80955.61,118275.99,164387.79,130755.09,21217.03,76842.76,182201.7,101640.4,130406.66,98032.59,inf,7387.81,53251.49,142725.88,53419.82,143644.26,101040.61,181214.81,5415.34,90301.77,125907.75,inf,104954.11,156331.07,101810.81
Z-66,73769.46,inf,inf,77088.83,104828.46,103052.88,82767.76,103658.02,169262.54,190863.91,81178.3,137147.87,136838.28,70807.84,52160.89,58824.75,59588.99,71014.74,112694.63,82687.59,55899.03,90374.25,86201.56,75504.51,75681.91,97143.69,113204.56,70821.77,51327.15,133297.93,121154.99,115591.73,102498.96,inf,160643.97,140923.31,117921.19,27973.32,66980.49,81559.45,56090.02,87201.38,76363.61,108495.58,50875.16,78185.26,116823.75,73643.42,87919.09,82886.0,143974.84,29626.42,42674.84,107571.3,inf,79767.24,109536.17,159568.68,82120.2,55677.96,154465.83,78588.08,169268.8,182658.43,144502.54,inf,29176.6,100600.18,174983.83,94488.26,88209.7,127817.69,126656.58,77650.17,158041.88,145167.8,155800.22,99152.83,99628.29,108241.52,140158.04,98170.78,78700.3,97053.62,68950.32,87946.4,145905.68,128208.07,146385.55,58302.19,115423.12,136226.48,83278.77,119535.29,inf,22910.44,56266.09,92846.76,104671.11,144291.39,17393.81,102448.8,131350.31,72368.03,140100.9,75231.29,119821.46,135639.43,109621.69,55501.03,85682.78,135257.62,59754.15,164789.98,37242.98,90546.0,102867.09,178213.38,79897.09,36185.16,14194.53,123214.75,134800.82,190183.51,103913.23,124291.14,inf,105381.7,105142.8,53766.01,187934.91,163480.61,131738.09,48640.61,88511.26,99727.32,70065.95
Z-67,117994.37,67504.91,143756.29,109221.82,80866.26,68773.75,66211.53,inf,146637.94,89141.74,inf,175639.61,77742.96,96409.28,84990.06,114662.13,135180.01,125552.23,60173.01,inf,111750.65,163734.55,143656.68,83675.31,93534.37,71170.68,64787.32,inf,77893.75,94077.78,79421.32,142380.7,119357.65,77995.59,64088.07,41249.08,88223.09,74753.62,119093.4,73334.57,28611.21,4692.23,64125.55,136729.84,49828.19,121153.53,120757.76,172848.02,141789.42,3529.5,65240.11,114817.71,143458.87,140463.07,60249.95,135909.31,47784.33,75888.26,73249.79,70914.2,56744.38,110200.63,87093.42,153652.84,117959.38,146399.36,inf,111886.98,79020.55,60815.56,90530.32,149227.72,123442.45,143977.56,inf,141810.26,31939.61,84854.39,107436.15,93238.9,137832.16,inf,137294.91,52639.68,182912.57,inf,36202.51,inf,94447.15,101943.38,72257.49,77232.52,108989.79,73751.17,39391.34,117195.3,146050.15,102675.52,109061.98,117681.73,67689.54,105117.21,inf,81703.56,103426.29,91479.18,135747.95,105476.45,79902.36,178786.08,54233.75,77166.86,176245.2,35850.97,160161.14,169053.89,106656.43,150841.22,154494.84,8881.12,111512.71,127782.29,143607.95,87377.68,141089.24,124733.47,inf,23918.17,122972.53,91249.3,116396.0,85834.25,58391.9,47920.76,57585.63,110614.87,104753.84
Z-68,inf,108381.92,93097.31,inf,95171.19,20198.93,75851.19,15969.51,88093.2,inf,93726.52,152715.79,inf,104253.05,72499.6,94693.18,69663.61,56031.12,76777.74,95651.76,96542.86,144906.42,156561.33,133451.84,132631.73,165573.03,66611.42,49942.0,176402.45,75210.28,100886.55,162947.04,82546.98,77907.21,24795.37,69122.53,81940.62,114901.79,35293.85,144637.62,68862.06,160226.92,50959.17,178273.91,117506.55,128489.65,149380.7,92889.18,99158.9,49903.22,60396.22,121962.29,101900.22,148542.19,178127.06,158228.87,50532.35,143990.75,103352.04,70995.42,127352.74,82696.66,156478.38,inf,98283.95,154381.03,102388.24,inf,103942.62,58685.7,91316.88,97811.2,inf,85523.08,64904.51,110345.97,36114.66,inf,101683.67,76223.67,182733.64,159909.87,144584.0,16294.74,67233.79,88456.94,166451.56,69129.79,46420.2,70733.04,60528.68,120047.08,130441.46,55650.58,112899.76,112152.41,178014.66,132100.77,127737.08,78470.04,153016.49,94289.71,66675.81,65879.79,75028.95,106173.77,79686.08,72320.02,131276.03,178123.99,46087.97,103551.3,54650.64,138628.62,122445.75,106770.25,116200.12,94586.76,108047.75,113793.39,34965.19,21819.4,31387.31,133961.01,65653.28,110845.73,78224.72,inf,73199.44,86430.11,131394.53,91288.45,125854.77,95611.85,98403.42,190286.63,101043.84
Z-69,135315.14,92524.19,126815.41,109589.06,61946.57,125466.94,63988.9,71123.86,77809.79,85718.52,74581.66,2961.38,91486.19,78181.42,132354.57,inf,93311.88,42669.63,106155.52,52669.04,137981.04,99519.95,52424.42,125764.16,104578.6,149862.58,25276.12,117878.54,74303.49,110637.24,124648.99,96648.62,57463.22,93797.49,85479.74,146795.42,143216.61,73809.84,92486.53,31008.15,136640.74,95489.07,129149.88,185583.21,88641.58,117202.91,109427.28,117504.19,129229.63,79952.17,124256.5,75693.12,70590.0,95600.92,102427.29,82411.26,129745.47,122948.3,inf,inf,inf,170.54000000000002,13482.0,117057.67,103536.88,43112.44,150414.32,130706.25,inf,134102.09,173684.23,82235.88,7781.61,132990.55,174853.8,171121.7,62448.48,120518.7,121454.16,76799.17,173492.13,236795.43,62719.71,127676.76,85487.28,142951.92,107280.48,161968.48,147778.96,139528.97,124444.34,30496.53,141145.95,107897.25,87275.58,183196.92,138246.7,114220.68,99059.53,156848.1,107701.73,122755.96,62441.98,152462.52,55221.22,92997.4,73986.45,85846.39,78257.96,129990.82,inf,73177.93,116195.31,184522.84,142966.32,36378.1,176379.15,137063.59,110834.5,69249.72,79230.71,159135.56,inf,123980.5,11470.44,inf,108299.88,115195.37,118972.99,116059.05,98927.75,85376.96,110867.42,41194.92,106060.55,36008.65,121651.5
Z-70,92884.1,inf,140740.53,67716.15,58524.29,88635.47,95232.86,122450.83,68418.03,116040.86,71011.6,8791.26,130299.5,95220.47,19238.77,134600.9,116930.82,147799.88,88660.75,inf,95793.27,37621.83,179593.85,59159.91,123070.21,15252.1,64173.51,inf,110775.34,55049.77,108173.82,115987.03,inf,103846.26,94200.07,157944.37,103227.6,16833.47,104326.08,45161.31,69105.58,127921.14,136531.22,143774.46,130859.19,105703.19,127927.85,103212.0,135400.61,3045.58,102851.73,117449.15,102043.61,90601.85,100376.67,181694.6,74405.36,100969.19,152690.08,165430.8,87448.9,102041.51,inf,97327.56,99961.52,168481.92,54476.98,84511.38,105182.73,inf,inf,112188.97,18955.07,30673.92,89859.4,inf,94426.65,99394.48,87956.29,60550.88,113560.82,50080.25,27612.36,inf,123641.15,71495.79,70967.61,113320.27,inf,156987.58,61130.34,148422.84,74450.65,79274.77,90958.59,133162.72,77719.57,119682.96,107078.77,64630.73,100362.32,inf,102697.34,113262.17,76718.17,108107.7,37861.46,74346.07,125076.4,106470.54,103393.34,143332.03,85218.96,inf,151395.93,135602.76,64540.34,23280.28,49402.32,inf,9204.18,67129.01,88027.31,102266.54,89104.51,99694.51,inf,127038.25,100752.73,109117.99,35506.44,104842.12,98460.58,103220.08,116324.41,13873.74,103533.77
Z-71,151869.99,51900.0,147255.16,196547.54,175745.16,95824.85,117033.0,94131.08,97022.5,100521.64,157538.88,97458.7,88536.69,166923.96,89955.6,105422.21,97438.31,95657.0,106453.6,107669.26,102899.03,150090.51,127009.08,1751.81,106334.75,87853.93,72985.24,86200.18,109037.96,29497.15,124728.36,99631.37,53326.03,100881.18,115720.08,107866.22,112588.89,159829.2,195606.54,33468.34,113797.75,98390.94,114131.23,134283.85,94074.02,75600.08,71487.54,117205.58,186771.97,136096.25,28172.25,168629.66,153463.86,167404.12,192468.84,187991.29,64942.42,96407.62,62217.66,108636.54,106886.89,108685.22,inf,inf,120176.23,81364.96,87283.08,75865.26,91691.21,134163.79,inf,80220.1,128941.3,116174.52,125768.55,68401.49,76663.02,54391.7,134816.24,139060.9,138722.03,128174.69,126984.32,47594.88,138944.56,77066.73,84998.94,94922.68,117559.34,96375.83,99870.65,147454.03,129154.5,74378.32,166332.75,inf,73546.6,138186.16,86429.98,66465.63,141166.59,97270.46,83751.36,150262.11,108805.08,102124.61,123545.78,90028.15,184695.24,104870.24,90122.71,145508.99,127468.25,118474.76,59543.47,83983.64,186464.38,122834.75,64989.74,135089.47,201550.64,90792.94,123988.83,168786.22,92888.98,81003.66,inf,101736.77,84615.07,133909.58,150593.25,77424.64,122978.5,61718.65,30076.66,115644.34,107115.48
Z-72,77593.71,104642.44,170487.69,151583.66,93790.49,104358.27,130762.22,106198.66,151626.56,166694.13,74379.86,inf,inf,54894.93,120826.56,66773.92,82825.67,105316.62,34121.65,66547.26,128204.93,136213.28,109774.87,108860.02,24636.47,inf,55112.73,148884.75,inf,88765.23,113110.94,81298.21,177298.38,160330.35,175345.09,104092.71,78704.91,113247.8,96854.5,132519.51,119676.43,93948.64,151197.37,107599.72,90855.34,113453.48,86167.36,inf,86393.85,48057.82,139968.69,89982.33,149325.44,188370.27,103543.66,120831.55,64132.54,139808.3,33022.6,87096.77,73899.04,20686.83,35480.27,144166.27,129532.82,103269.25,84888.32,81519.88,139425.05,72080.29,136453.82,inf,140719.62,151144.24,136800.66,106376.17,104274.19,132384.24,inf,inf,98521.55,7274.73,65877.76,inf,117189.11,112276.02,111373.44,143005.87,168345.06,150170.94,150272.81,106481.86,133367.42,145288.21,87144.72,55645.26,123094.56,55928.1,106969.26,88514.5,139066.93,50751.51,inf,153784.65,123405.48,58088.94,129550.23,76509.54,66126.44,141439.81,108939.76,109664.35,104470.59,43745.45,61967.56,104416.24,135362.92,58599.69,112652.16,134346.2,61591.38,108781.88,117173.85,140021.24,129176.11,125790.83,141416.92,99494.26,127799.91,148418.7,84158.41,110247.16,101636.03,119444.71,124627.0,117138.53,189091.38
Z-73,109686.59,48307.31,54394.52,27160.41,113432.77,138942.62,59286.25,142773.42,85872.96,71541.84,50800.96,43302.19,39508.63,93730.3,131226.88,39474.15,102071.62,141765.99,67397.84,78376.37,197645.65,166330.94,81338.93,192365.95,240266.67,74090.92,189693.98,140504.83,187534.03,66878.49,57683.37,114491.07,61334.15,96566.9,108276.94,108540.62,60789.17,78757.9,104045.28,167695.21,141797.63,168096.08,67741.86,158941.05,128947.34,49711.72,101241.69,147027.59,86600.2,21223.02,102084.43,63119.92,114312.29,129389.31,7105.39,72148.43,71780.07,118029.29,131236.08,144600.82,80775.79,65141.65,144258.32,116255.47,182927.18,164109.76,127201.44,131525.58,144823.65,90219.38,128707.65,21398.15,inf,91271.83,87435.36,8242.07,52504.93,108245.52,116689.94,96986.9,189533.28,92351.73,inf,132271.32,163538.34,127598.76,92634.76,56047.95,65773.42,49995.14,50717.13,143299.36,99577.94,101017.0,3161.87,74781.96,117812.72,176048.75,inf,8309.56,127572.07,119319.83,111697.17,93240.35,58774.02,188372.94,102411.66,inf,90822.15,34668.03,inf,inf,106323.67,66370.36,5306.43,149588.69,112637.18,86614.36,148659.56,126462.56,125271.74,95165.94,95648.2,29171.47,inf,21101.89,77831.89,52440.57,inf,111331.41,145090.99,116842.42,26054.19,56711.55,124676.77,95056.38,134609.04
Z-74,197999.16,inf,123653.82,99465.52,60698.22,inf,70030.97,59262.19,54583.01,139906.94,85259.29,98555.4,151994.09,164507.46,167206.99,54071.09,32890.41,176715.2,115537.02,75289.2,inf,71656.89,116872.97,111498.91,29776.39,111998.47,95759.66,23935.37,97085.64,122721.71,70519.99,150885.03,105151.26,164239.37,156236.21,37254.85,82030.17,88998.8,133210.3,217490.85,108653.21,80342.19,141604.48,109567.57,106714.06,101381.48,82210.49,127839.26,197719.76,85103.95,113456.4,inf,98683.63,115170.45,145077.27,49662.64,80800.52,inf,134084.3,83559.15,57278.41,97064.8,72757.86,64818.33,115406.27,117317.33,44644.62,33382.14,102109.72,146272.79,155847.75,122313.93,41689.46,inf,156432.88,70201.73,37294.83,inf,115329.04,75341.3,141326.64,180167.67,154438.03,101392.4,58477.13,117219.43,50601.24,35019.67,160045.42,21903.8,inf,95071.06,60155.23,95713.0,109475.86,147391.44,110627.35,47073.13,30522.45,40536.63,65385.51,80373.22,28230.49,137952.41,84228.79,98784.67,114766.97,125048.83,167289.73,81313.66,144076.79,139049.12,112140.19,65734.77,inf,107973.02,90753.99,93956.67,53755.81,121537.73,90738.12,114682.34,58039.1,67163.24,129975.34,140682.14,163841.46,182937.4,132541.32,92905.86,146240.88,101331.89,111921.07,105519.75,103613.36,122169.82,42374.78
Z-75,101547.06,152045.69,71077.48,54255.82,55113.68,82781.97,96657.59,69892.94,111437.0,78787.84,110805.18,149939.17,27203.95,81306.23,92989.51,124527.99,185368.89,44448.59,131218.56,77450.28,57960.43,135709.82,157688.06,130352.98,78913.68,106340.78,92617.34,40394.38,124307.56,72064.39,47998.69,143480.9,123459.2,111234.12,inf,82656.89,125336.14,78575.03,inf,66289.16,140009.84,127734.83,45109.63,112848.27,115016.24,115086.57,33304.46,109458.89,57463.47,142227.06,63030.32,102766.24,94454.77,131623.19,155308.32,93495.03,84851.9,108040.3,156787.94,28147.03,84071.77,58329.42,132555.52,125874.19,107266.47,147389.31,94849.95,103349.73,107408.82,85280.21,76377.11,64062.61,85780.66,20688.21,inf,111720.11,62381.1,83863.75,125265.93,inf,107299.33,184072.33,63257.7,93018.88,91680.0,153619.85,inf,54122.45,79817.15,104059.79,102964.64,83410.87,85764.61,168853.98,113567.65,151596.36,inf,22931.84,101704.94,92818.63,119384.43,67209.07,83519.42,150443.92,12375.27,111518.76,88749.34,90212.69,160946.7,87803.99,84406.56,inf,159062.9,119795.73,58920.24,95040.64,87075.37,73068.1,117987.48,45476.92,104418.55,135130.56,177772.13,74362.05,140065.31,inf,116469.82,127748.41,inf,142474.38,57497.01,101605.59,139884.73,20575.42,137527.87,146603.31,142960.18
Z-76,145393.86,112002.32,99059.85,53591.77,95870.58,113748.43,133715.52,38948.04,128236.66,88622.93,100845.45,119856.99,71779.24,90131.07,100444.75,102062.42,80716.53,134663.07,85358.49,37661.6,103947.73,87342.18,100007.86,168682.27,45893.06,106881.23,inf,100607.31,99046.63,82860.79,117786.98,112821.52,73840.25,111227.68,55317.41,70246.74,91407.8,1699.11,123072.39,166506.18,98380.92,120465.64,149707.38,159272.56,142823.26,105350.52,101531.48,61227.95,116039.25,67462.37,116497.62,inf,135932.42,96906.23,25854.8,150585.51,80631.25,76836.4,121796.31,119629.0,44902.78,96735.08,89786.55,140027.62,24788.75,167480.24,87854.59,49660.58,80808.36,95722.68,70052.55,96464.07,92156.05,96255.95,168778.37,inf,180169.31,73821.51,71821.09,91892.73,106813.77,127383.8,53838.9,116223.94,63468.3,inf,100451.91,157299.06,95119.69,103308.86,70517.74,129666.49,82125.52,75856.03,63395.45,145278.89,62238.88,17645.33,137101.14,106104.5,110885.32,74649.48,92899.86,119962.8,12104.8,inf,141286.49,122016.11,102965.39,89517.79,inf,37976.05,153862.04,127016.97,130974.75,85213.51,111010.13,38862.67,88055.57,106988.18,24606.55,99769.65,59844.44,81927.37,100601.75,56134.46,98810.21,87852.31,122447.23,115351.41,157597.46,23359.22,204184.96,70017.84,67201.52,125516.19,49861.27
Z-77,63434.02,53473.28,110086.88,106303.25,89746.55,57697.03,inf,27664.31,162355.64,26400.37,96984.82,73173.17,82481.51,94933.89,132296.91,139833.24,79702.06,192505.22,123593.13,77723.53,133830.0,118247.14,90884.78,107798.44,92946.41,149553.8,48245.1,82970.45,102767.64,70524.72,191269.63,143309.11,98749.85,55946.19,101486.18,144025.4,131350.77,91293.2,15229.84,73476.05,53267.14,94987.68,105941.87,70644.14,47818.02,130467.03,97300.04,74476.65,101752.39,140734.24,104653.21,116140.69,138722.52,95453.31,142681.81,122319.35,90023.04,121600.71,92199.89,inf,60688.55,87122.17,107983.09,94256.09,177004.69,78210.44,61272.13,117580.23,inf,108844.74,6351.22,inf,103796.5,89899.23,107368.36,197534.51,inf,88554.77,135318.68,109610.92,46210.29,84991.6,189608.2,64252.97,107841.7,21929.11,inf,inf,106267.93,103696.39,132759.09,86548.55,inf,84096.28,41655.28,155085.95,105298.12,inf,50008.04,137480.09,130382.14,99236.15,113117.11,72775.44,124027.44,45520.78,139244.16,82175.67,27097.81,55589.01,107826.44,84681.98,93567.01,73019.0,129201.92,89876.15,100588.8,50270.2,111523.35,124730.89,105759.45,69310.61,inf,60811.81,128342.85,102174.02,62709.81,128792.83,114747.96,93886.19,inf,100776.28,100494.07,111625.83,140982.77,63288.85,163245.35
Z-78,149351.74,85080.76,121578.95,162464.9,147115.48,101894.63,77437.9,112907.91,71991.13,114370.86,66445.57,87736.2,86770.6,96503.44,71272.01,76394.1,inf,176543.41,106234.64,88480.65,53439.9,29034.51,103104.76,77169.08,inf,3050.21,134337.82,99294.91,97981.15,110377.22,178159.67,100029.1,183848.84,72608.78,118227.56,110094.85,84750.23,67439.44,49334.08,148121.58,144326.54,141572.65,137222.26,141085.61,163317.52,110373.71,90238.51,79218.57,133621.45,96565.77,90561.03,inf,142496.65,74811.48,84753.19,76402.28,62785.63,111403.99,63769.37,inf,inf,109933.14,89177.78,62929.25,211382.87,115465.36,58530.5,inf,122635.5,inf,107170.77,155008.27,72403.08,77845.57,inf,53324.13,43961.49,inf,35275.24,81496.96,178062.94,51540.76,127684.46,159631.01,91759.51,inf,67538.26,93353.57,101545.92,86697.47,inf,73783.57,63514.5,103850.49,133721.06,107359.53,74428.58,34242.38,86249.8,62921.65,74332.03,70430.39,81182.44,103345.09,69482.38,9356.26,94126.38,125431.37,54081.74,132263.51,151307.25,93471.59,102647.93,147730.07,67705.09,74652.53,199368.09,101621.51,135398.63,78564.64,inf,92763.9,122738.25,102318.49,99915.98,81178.77,58932.92,96691.81,161315.07,46775.72,33227.22,70576.25,103762.91,135686.82,54495.44,83356.18,28247.07
Z-79,136613.72,162100.05,41701.76,5886.51,63091.68,56422.53,163711.06,42344.61,86113.87,119243.51,70847.49,94192.89,132136.53,106717.74,99079.33,95297.68,59707.66,74716.31,116931.27,127733.57,173406.58,inf,65233.22,130323.67,71140.91,134136.44,123266.6,214379.65,95988.15,138838.41,88715.39,120763.16,108445.49,70245.55,130091.63,109505.54,48536.56,96576.44,120956.89,119982.62,96578.97,99557.72,142758.37,127330.47,111256.84,65549.82,54607.79,115962.7,77024.16,167385.42,105354.71,87914.02,151137.86,117772.46,40536.01,68608.35,99186.68,101049.68,111495.42,119020.79,80749.79,83117.81,154488.92,124988.68,90296.49,52180.59,109344.44,26253.57,165018.47,163040.39,122486.4,86536.3,97801.21,179988.75,130677.77,92509.77,102442.24,86030.82,inf,inf,9009.84,112277.5,116474.52,99931.25,49635.18,94777.68,106971.45,41808.5,79443.45,94283.76,81702.2,64988.34,90652.19,175766.39,83076.53,67955.89,68109.88,133809.64,126264.74,121812.48,153945.57,100283.55,118222.04,79032.82,67950.98,113580.92,135406.0,109746.86,72389.18,49206.71,101505.06,89008.48,182615.77,43910.76,60388.79,136052.86,91394.59,158484.39,54038.71,45446.82,177373.02,66765.61,103321.52,169514.33,91799.18,106634.12,102372.11,inf,92336.38,92523.39,138681.86,150819.02,123489.03,116698.56,168160.83,109048.94,114482.42
Z-80,126917.7,inf,158314.22,113633.4,39718.11,105489.41,115199.6,110437.52,98184.2,156784.59,82667.36,122981.77,inf,118032.3,96145.1,68368.97,66743.79,106904.54,101862.52,146744.13,124820.12,114527.45,68166.15,69973.58,127747.09,176207.98,74843.59,126030.55,42053.41,75632.68,57611.31,21826.25,128108.37,inf,85244.45,88214.85,117952.97,63311.72,64644.5,60674.43,120897.11,87139.51,161586.46,87174.67,123757.66,99007.37,55686.3,129855.02,127242.12,74791.62,95858.73,134759.7,96097.71,120377.78,11666.71,113545.05,152438.45,67214.16,inf,81212.72,92789.92,85050.88,91009.79,69512.29,75388.07,145950.53,75763.64,161620.93,113670.17,67497.52,67099.48,215945.04,161534.82,167786.11,168809.21,75999.56,103435.04,156090.75,66871.69,inf,52922.88,112569.68,176460.93,125975.18,107888.15,97294.96,inf,89627.35,206457.32,93779.24,105031.32,144237.05,151391.06,154171.95,inf,180780.64,90090.59,88791.52,91526.47,169240.34,87918.3,99643.55,122587.64,118189.47,102810.2,78942.32,100095.6,113602.78,101217.4,106199.63,116062.47,143836.89,68957.43,138200.44,52604.36,154043.28,77416.34,119851.38,122060.13,111594.7,179984.16,159676.78,162198.09,134053.11,42773.68,inf,102414.0,83378.37,50183.76,86092.83,89955.59,79030.44,14436.57,94510.26,32043.9,95567.74,77592.39
Z-81,52621.33,inf,69546.42,121363.43,93475.13,147619.67,inf,6357.44,74467.16,143470.99,104915.55,129336.24,140396.15,148841.96,91421.19,86026.33,119911.17,56723.2,105244.38,87112.26,90072.95,133684.09,113875.19,57616.04,11261.08,116113.97,66249.03,107923.81,157709.77,11126.41,64410.11,205678.4,33695.4,70127.72,89711.44,130302.35,89684.05,153087.09,160767.94,39047.23,77583.41,55376.73,189138.77,99258.85,55659.81,107198.99,117150.75,123129.62,157992.29,81037.31,48587.32,106780.64,66686.97,67338.07,127982.01,114049.63,32415.55,95269.11,100379.35,52703.18,64493.39,187338.53,inf,103999.79,119119.55,93340.16,124589.39,147575.51,74429.79,14504.3,74053.12,211758.31,77151.79,154898.59,inf,92755.11,73912.3,46533.48,103298.55,146191.0,inf,inf,77419.58,144027.72,inf,84455.6,135447.04,82981.95,124627.41,113630.45,inf,64657.31,120575.82,178168.52,33199.9,94703.47,67063.96,44854.29,172793.1,180273.39,135633.41,inf,102141.82,42015.18,122012.25,168320.34,89561.45,119754.93,80030.33,49733.77,111609.8,135150.03,152269.91,182796.95,97058.29,143635.72,78080.56,inf,116650.45,25730.82,62101.04,44306.45,155105.36,91082.72,66396.78,92482.87,52998.61,101759.62,159690.29,138027.48,107535.01,121090.88,92148.68,67961.52,68218.42,105318.88,63046.67
Z-82,102310.58,inf,148093.89,136746.34,151825.7,128413.78,105684.53,105921.06,88278.61,96089.64,84522.58,71873.62,91732.62,166751.86,48718.26,82220.83,107553.56,192325.78,111832.29,38815.86,103438.39,87637.75,147330.07,100202.75,156044.51,135291.78,158518.74,35571.68,136358.24,inf,149361.34,inf,80818.16,122926.42,144770.49,38733.19,74362.55,121453.46,104022.31,38804.55,108755.17,135737.52,105283.71,47933.39,165771.0,87316.93,inf,150426.37,80521.95,84655.65,122800.16,88292.53,144612.64,117675.66,115337.64,78189.86,65341.78,39553.72,126543.91,125351.53,193071.69,108587.01,93205.48,136287.07,122895.0,85693.68,147551.87,145411.35,167520.36,164371.76,71383.43,127015.8,102548.0,68547.54,98237.42,144942.64,64698.84,95380.2,91864.32,81901.85,inf,inf,106532.34,21864.28,129208.66,125475.66,106433.86,147002.67,112922.02,inf,81306.62,63103.91,151425.43,5378.17,89886.92,116521.04,155273.55,40224.71,114244.13,162044.01,103992.2,149727.97,116121.04,80869.8,126278.77,76208.02,158512.67,75389.09,inf,213254.73,91028.11,110341.06,74489.58,46950.12,164285.01,65249.04,131764.78,143920.88,172262.41,35875.26,115571.21,143826.22,56364.65,97378.05,89956.77,75765.51,116941.81,137393.6,67063.6,107558.14,inf,114013.2,90133.89,88796.64,inf,133207.4,90794.99
Z-83,142676.89,95350.59,58989.13,156590.37,141742.13,61595.69,87636.22,81513.21,94200.11,94722.04,16958.05,30938.38,117936.39,122118.04,60428.57,85775.44,3288.03,10635.49,58519.44,inf,90998.07,103592.41,36121.96,25269.5,20522.7,99604.4,79350.79,144551.53,87172.45,106907.03,inf,57490.16,140437.65,156529.47,147344.85,72913.47,126912.31,inf,155972.08,61793.83,147700.21,131832.47,96927.5,157847.95,132326.23,111171.17,92624.9,119500.56,97766.59,95642.12,69062.31,40897.26,107307.45,35718.4,104479.61,108745.12,166412.32,75210.75,154104.78,140103.56,17989.82,95719.39,103685.42,172095.0,inf,59204.31,53719.86,76870.36,69576.65,34709.58,81209.55,98310.34,104850.05,59499.47,108765.8,3028.86,45959.67,102381.28,107838.82,83004.35,61506.23,130780.33,inf,44024.73,148435.28,150934.43,73042.72,130218.13,106809.45,132406.62,100191.11,145528.08,101338.01,inf,33593.53,112931.19,76786.78,162742.65,83383.03,190562.61,86131.49,105815.42,108677.58,75731.8,168149.92,69231.8,64114.99,133694.49,49885.01,104694.36,94573.02,122738.38,63195.98,105011.92,42520.13,101867.76,69117.99,inf,97182.89,77809.11,148988.27,150224.43,44891.16,77382.06,161064.3,153074.35,48278.44,122985.07,128312.42,122744.96,119421.39,82018.45,132123.98,85594.52,106297.71,108909.63,185750.06
Z-84,60053.59,136551.33,97772.56,89435.54,26821.48,70018.94,40776.23,143762.06,152848.26,152086.19,69824.93,94170.88,58653.83,49971.52,69610.36,106197.42,164346.96,74440.93,170305.96,inf,120798.88,173865.12,100662.93,74437.31,93930.74,75421.73,143438.19,99331.95,88180.91,49434.45,135984.1,inf,64273.04,175037.02,153777.74,96299.79,146663.23,148337.7,39363.24,23084.65,91167.28,48797.24,145612.6,102809.04,50662.55,84335.4,58011.43,157628.02,131337.03,121636.09,60386.33,74011.98,133149.72,inf,59735.74,190637.92,99478.68,86237.19,142885.62,83877.5,117551.43,79882.73,77518.22,86615.82,116708.66,159178.19,100057.07,125579.11,130757.27,139564.92,85713.02,117635.33,129168.28,67528.41,inf,102629.4,133920.16,121781.51,48521.99,128327.57,136215.99,138773.51,82136.01,inf,74673.09,102427.83,95129.77,184359.37,96118.45,98937.42,119956.87,15744.04,49576.17,190056.99,inf,34946.04,111497.23,96745.64,77568.71,71939.86,126164.25,129966.46,58109.72,100042.52,101926.71,84269.08,128888.42,104376.82,65309.43,49636.49,inf,97522.28,132637.32,79279.17,111839.13,119619.5,98744.03,89287.26,80566.06,121809.52,119214.51,105605.1,88456.44,74323.87,94607.43,103214.73,121908.67,inf,114786.35,83142.65,67091.69,38486.52,141498.49,inf,162122.11,83262.6,66809.96
Z-85,106381.07,128580.07,inf,29947.48,61884.32,148892.88,107464.27,74655.5,130415.35,109261.8,35748.39,152568.7,52820.2,94587.3,79960.57,151035.82,74635.59,60076.58,140019.94,79367.02,116905.31,66117.47,inf,64806.08,39222.92,inf,135242.73,96856.52,113186.3,126303.17,148241.04,57703.7,172143.43,17261.55,112234.24,155667.7,149831.77,135298.73,85055.94,104076.74,12136.47,73087.32,inf,42286.19,86809.35,94306.99,92248.27,85029.87,34818.85,171081.1,135409.21,36406.25,104222.03,77187.34,79024.07,32515.13,126153.39,inf,117654.53,inf,133510.45,159294.45,142374.6,inf,65684.54,inf,73497.04,87236.92,82388.82,61147.52,44585.0,91453.2,inf,110122.68,132901.17,51537.1,85592.92,84928.02,156428.21,69661.81,112452.49,85505.6,115185.46,27250.72,inf,107637.97,154977.21,85920.0,111307.28,112654.49,96538.32,112367.16,70161.83,18785.74,95485.41,116506.19,70306.96,114184.14,145535.39,140488.22,187086.8,133770.76,37439.49,196401.58,26602.73,136968.53,124335.44,97827.98,84128.71,73755.72,114327.84,101981.26,69774.29,138152.48,77434.44,200449.14,80492.97,81733.82,97132.77,133710.75,127252.12,44442.02,inf,107072.59,145768.67,124165.88,131874.68,91513.67,65742.83,57721.77,85719.86,129800.29,151089.64,27831.4,45244.61,156913.47,85935.03
Z-86,106602.4,131070.47,80186.99,131989.19,73835.41,133342.29,113767.91,32019.23,120217.18,33990.57,82020.02,79422.41,91168.32,57608.8,80783.95,83891.37,83557.27,58801.77,44895.9,139210.2,18494.3,65431.09,49674.21,46760.93,72639.17,57719.57,75539.25,85796.4,66018.63,37523.45,162916.68,143521.82,64993.31,44601.93,95841.82,106471.39,82772.07,77608.28,76549.8,78547.16,26140.96,79250.75,57960.04,109715.73,148674.81,107397.37,35204.78,37688.39,41743.56,42348.24,98514.2,inf,102995.38,61636.0,20960.97,161258.5,151952.37,145606.14,inf,119518.58,113597.4,48580.17,87587.21,33764.62,5393.29,56277.86,121704.51,64325.84,inf,48128.63,96223.61,120892.18,29603.32,133395.81,127017.75,30948.88,73812.5,76862.21,138457.39,120524.31,136344.12,125969.6,72020.19,181772.31,143281.53,inf,43626.71,105375.44,inf,71844.38,86453.29,135630.83,16655.96,68570.18,125933.11,144432.66,70612.64,60625.68,91561.03,116572.18,107509.91,135564.1,21784.9,82207.08,28342.9,100814.89,90222.7,34263.77,65111.56,128872.9,121322.48,158766.59,111101.64,62058.01,22480.41,42652.12,41020.07,140754.37,103895.71,23469.61,138412.3,36138.39,123062.0,80559.71,94955.97,40558.82,82770.45,142443.45,115981.88,107407.78,147196.08,145397.71,155335.89,152538.93,42404.78,145463.42,116706.22
Z-87,77755.13,89274.36,57316.45,65072.75,175737.63,107814.35,147099.86,80510.0,95478.15,80923.89,80786.39,142391.41,105900.96,95757.42,92206.16,inf,79639.36,99326.0,161985.15,103939.08,82867.17,127434.24,175895.84,66051.98,111394.65,137089.31,87898.52,145956.14,77751.59,125973.88,120969.56,121036.13,140899.69,122254.81,119456.55,81417.85,68804.4,124988.74,84310.2,94587.85,148722.66,inf,inf,151546.12,84749.14,106495.2,119964.22,70195.73,78078.82,inf,148368.7,109145.16,74697.79,170748.52,122382.66,106670.42,76317.28,71330.58,97539.64,136442.17,inf,37755.35,89141.81,80749.72,74210.15,84013.05,59552.5,126453.73,64143.26,97477.49,105827.24,28206.49,99457.45,83145.97,114552.16,116784.13,143804.87,157626.55,49655.5,56650.34,46631.94,91968.73,2911.55,78522.48,112884.02,inf,inf,108363.74,138387.55,116192.44,59352.16,98609.6,82139.07,69748.15,126692.91,63742.53,77598.79,82828.87,109173.53,135415.47,105075.84,inf,111105.8,123121.01,118995.28,23431.23,61612.73,84843.75,113786.11,78844.54,131911.76,214888.47,51645.27,131716.17,100728.89,124124.3,144827.92,117047.34,123762.67,31893.51,105679.73,43803.39,148150.31,64016.34,52262.99,90301.86,16668.04,159753.99,85384.45,182585.78,213770.31,91212.61,112614.06,55265.29,73804.62,114278.95,inf
Z-88,132920.93,inf,87339.99,64093.58,118584.91,45120.91,59546.64,89475.02,98201.56,137827.77,103166.08,189895.11,98427.21,136893.02,137677.82,90607.16,160064.14,73279.14,80804.96,135371.57,112189.72,80909.71,102879.74,168437.31,69156.94,86394.39,114564.86,94583.78,93910.11,123507.07,39088.71,102804.28,114693.74,78061.23,100824.19,73210.92,63309.95,99583.55,103599.06,167197.65,118098.28,142816.97,92903.41,inf,59676.8,54862.21,60448.42,118500.4,106962.57,61413.21,49084.0,91439.46,72650.25,169705.26,157649.57,135430.65,57235.15,25152.02,32930.54,37405.48,179653.63,98969.33,69239.51,132048.59,159316.78,96075.41,71616.95,26969.4,190052.49,140884.56,46798.24,179431.08,76693.4,77463.11,37507.9,147581.18,60460.43,141823.67,113787.61,90942.45,138938.09,89545.6,100879.39,119698.41,83463.19,111903.02,53157.99,inf,111231.51,56052.44,85992.07,25808.36,111525.44,141522.46,85948.82,87310.91,109647.08,71035.16,126122.18,123000.69,146541.23,112457.91,57511.78,95110.39,125050.14,2028.05,30412.95,184358.98,71831.61,44178.25,56489.29,89589.39,111181.71,80779.75,108769.33,62837.92,107074.08,87804.58,26334.23,118518.06,50225.95,70336.49,108327.25,20775.88,71240.96,54999.7,98367.63,66277.77,158859.48,179480.08,37605.06,79324.26,86131.49,149774.25,174725.17,92224.44,143943.35
Z-89,78259.2,121156.43,118701.18,70239.1,78594.06,145569.18,inf,73891.78,81868.21,100611.34,14385.24,127156.67,74035.78,108420.9,141075.37,86556.52,inf,107259.84,68280.1,59269.25,114145.39,54161.71,110123.82,inf,71674.55,inf,75687.58,135172.66,2250.77,153898.48,91762.94,132925.15,114308.16,105657.6,130952.23,114689.87,94238.64,148108.45,109200.78,116500.83,132664.72,129864.32,117541.41,73381.4,5727.19,146174.43,121606.51,109728.41,52640.23,99360.36,118475.5,138102.72,inf,79077.12,45608.41,139884.5,91012.6,85394.23,99748.77,53635.04,118131.41,68067.79,64693.69,36892.58,inf,83365.35,152576.84,71524.55,96255.53,88143.88,101984.93,156588.07,inf,77099.94,49466.12,50133.52,75787.59,103543.85,64716.46,86992.94,80920.29,140687.51,60380.5,70023.7,51654.68,97934.62,82391.81,110537.04,inf,inf,inf,100711.48,92999.26,79144.86,110193.79,88766.82,97673.48,inf,79431.49,inf,inf,78325.35,67332.28,123492.09,98915.32,137674.42,104107.17,75296.15,140410.55,148299.33,157266.04,110379.86,inf,131793.77,74074.58,67324.46,130329.42,166704.49,66888.79,116402.79,134348.27,102313.04,106086.68,94696.62,74308.85,77102.53,185701.96,77580.65,121025.07,69947.53,100146.62,111378.3,180418.59,78059.73,95511.05,105541.0,122141.04
Z-90,118300.14,67795.64,148524.54,58115.63,96283.58,169902.67,130104.2,142359.87,96625.85,127849.9,80066.87,97317.23,158813.17,184702.56,113026.56,129371.64,30966.07,55406.16,95811.39,128458.64,123804.94,129073.96,73900.55,100501.23,167847.21,126242.85,94974.94,85285.79,125907.67,83362.46,86685.36,140578.15,107033.54,31698.15,52064.33,inf,92649.07,82148.7,109096.7,84459.27,45753.46,101241.13,89765.77,125269.11,80643.85,81346.76,17949.94,102730.7,125506.57,104693.31,168399.72,100666.06,141909.67,93438.37,135727.09,153026.53,146702.76,36176.59,204380.77,130876.69,108092.69,28759.08,74589.11,59895.24,67881.26,73863.1,inf,21721.35,141321.31,86888.73,74890.91,80522.14,inf,106982.52,103996.21,43100.96,108936.35,157048.82,104723.51,104105.97,106913.49,45388.53,104672.11,92308.06,137124.1,inf,48283.09,115844.78,12266.21,inf,113400.34,137437.42,53693.44,123813.63,50045.47,16292.63,160438.33,inf,113044.21,111394.16,131040.55,109037.64,128886.08,173385.34,131674.91,88626.71,143225.51,inf,128907.22,86680.01,134420.22,155272.36,79887.88,114780.99,193643.43,83145.29,70944.75,107248.25,38625.37,43882.42,70289.1,44164.21,113198.4,76459.48,87603.47,161712.01,64538.04,110410.54,85718.17,119687.2,27857.54,8689.39,inf,98902.88,106248.55,136869.61,135306.41
Z-91,151620.78,71398.53,112295.07,100253.52,77884.15,127794.96,106478.64,117063.48,89637.33,156902.0,71746.82,inf,147299.88,134999.64,92793.48,84147.86,79505.02,60696.01,116445.57,90116.27,inf,41087.27,64007.03,164428.72,56372.15,61776.7,121843.48,130925.52,77567.98,79382.14,97165.33,57054.98,89537.32,123108.72,169213.05,87461.67,92904.45,70360.24,56567.33,99435.99,133372.89,57148.61,101500.51,154526.06,22523.63,91550.39,121847.7,154958.35,127351.2,98791.97,66674.36,88695.98,105418.27,81672.35,112006.99,118355.64,155504.61,189633.12,96604.08,142340.5,105813.79,110505.65,53134.07,98820.62,167710.91,85081.46,118228.84,145649.08,69853.65,inf,121618.56,83852.21,34171.65,139421.66,73229.11,35639.4,172705.51,143270.88,113832.56,10132.73,119750.34,97904.79,inf,62101.24,inf,163463.72,63275.94,99699.15,123434.89,inf,inf,100739.22,133008.06,97965.66,204620.54,72293.22,107907.31,60526.84,51153.89,55661.97,59265.02,134432.59,112207.54,55146.23,128688.32,39764.75,39052.49,55379.53,inf,42202.35,86668.77,85847.93,61411.52,4418.13,188587.22,95631.43,163540.4,125931.45,112958.77,154135.7,inf,inf,93481.01,81252.67,76695.9,86290.13,26146.51,118684.09,207974.28,71109.61,108809.61,22269.91,92490.89,106575.8,142923.5,95667.42,71210.68
Z-92,103558.95,165821.83,86870.41,129221.08,50220.91,91614.42,51831.28,56307.13,155143.13,53729.77,inf,128272.73,111964.85,95336.97,55315.08,85362.17,66053.12,84802.41,43120.31,104430.21,79030.3,47737.18,126533.25,134342.12,76964.53,109229.16,85367.29,53707.44,122360.75,170808.71,128900.99,142410.58,93628.02,99438.24,84376.9,54181.16,135014.93,118378.19,108310.33,135734.38,109092.41,104784.71,75444.67,127726.8,37380.54,107141.19,104503.96,108524.24,130760.31,125400.97,165705.01,106412.04,67629.07,127999.56,85667.75,180040.77,99538.12,89694.43,78272.58,89948.11,61176.83,153720.45,56837.22,97007.36,112611.23,111178.47,86108.33,95835.78,104964.25,60730.34,142434.57,161854.47,26409.9,79681.22,114750.26,111533.26,138375.52,105181.0,41262.06,152070.03,82818.76,135176.43,141604.77,143377.01,200146.29,89613.26,144065.26,118951.72,140104.28,166148.58,55381.27,inf,120748.54,189125.18,89668.47,47775.35,152433.48,95298.5,97394.03,154136.81,171136.85,99216.8,154823.98,123698.7,98089.52,89618.29,98449.57,152858.69,33143.56,133445.87,93028.85,92588.13,46857.15,52776.98,121731.03,96788.7,229508.74,77676.45,71196.92,66782.3,93931.72,183430.21,55023.5,86713.26,189814.76,90490.57,139768.97,8374.87,102625.59,116833.25,48300.63,81371.52,82955.75,164197.95,54868.37,193417.47,143022.61
Z-93,83050.12,53105.95,132419.13,54391.59,105077.57,110139.24,21668.22,92197.86,73164.56,72283.36,113902.36,100376.94,128866.69,80351.17,109484.21,79738.3,62319.13,43322.1,128342.07,139587.55,95608.2,68742.09,92924.41,inf,53202.34,136137.87,46917.6,79608.0,97739.72,51598.42,100080.89,175661.48,67736.76,88701.94,100469.03,157661.15,inf,88723.53,96539.59,112822.99,120958.28,59389.61,124895.21,107733.59,42829.37,inf,60683.45,112349.68,81506.06,159702.76,138863.67,41913.56,108471.97,195656.62,117910.94,80330.84,99841.8,130508.07,185691.25,80044.43,172564.57,165729.66,69538.55,138701.03,137611.74,168111.23,98104.5,87858.11,120450.32,184404.52,63139.66,79345.0,48542.45,90716.11,94624.9,99758.24,97263.15,85297.29,142549.96,77970.55,93588.68,20753.6,169733.41,77858.78,124547.73,87590.93,74498.57,48368.46,97401.55,123244.07,54935.44,67815.73,inf,63100.91,149764.89,68067.67,120522.33,111402.49,36364.77,92560.74,173357.87,49848.41,117906.05,41780.97,150534.98,28672.73,66508.81,79175.19,76891.0,74541.29,152930.48,103022.25,96931.52,31258.42,105849.05,155116.03,83326.28,125426.02,101066.29,110089.15,78066.67,65973.22,143465.8,167133.76,93626.85,inf,120201.04,85115.48,5412.8,124647.44,128868.72,81399.47,77019.53,93125.45,101934.17,78988.86,91937.48
Z-94,162451.61,70878.59,155463.69,49740.49,112532.57,124867.36,118499.01,114095.79,100443.36,83529.88,9378.75,108764.88,89141.42,83932.0,112421.54,88221.49,55455.65,86322.73,19537.84,132908.46,177519.18,131662.13,75682.45,54651.29,68644.88,102746.05,96030.07,118236.57,184682.7,120304.49,59429.36,156426.19,154871.28,134648.55,128783.02,30318.1,145007.19,95907.05,130393.91,51421.66,72137.9,120231.74,22008.38,80167.79,136847.89,118475.29,82763.16,164223.82,98456.31,156968.89,92164.18,110631.5,127617.17,74410.21,134219.16,122176.41,92282.06,148695.34,38355.91,115367.38,100533.77,102720.49,127966.86,124594.52,148021.38,87332.44,88206.68,144620.03,32376.54,60544.98,1563.49,104135.03,147848.31,123711.63,172403.22,63801.34,99458.31,134698.73,96101.24,20130.81,137772.22,150402.74,166140.37,65515.32,101709.95,43952.0,86800.21,135149.73,102393.1,97230.89,inf,88250.26,132627.24,inf,107657.47,149560.97,115928.17,inf,162767.57,45483.98,48710.42,149328.53,72465.9,79129.12,97370.34,124375.72,66540.74,148221.17,140073.31,92100.46,107907.91,102161.63,85885.96,127435.46,83125.41,86020.49,162670.64,76926.65,96490.96,117066.36,120393.23,53651.47,90931.56,22100.05,84418.5,87214.41,120644.08,129344.92,97332.15,81256.61,93106.86,97515.85,46261.67,107830.55,108487.92,174158.2,102465.67
Z-95,93896.43,110431.93,120624.58,101833.84,84114.66,173933.19,23987.27,117465.39,114430.77,127545.68,158910.0,102490.38,28434.55,154714.97,16475.64,102891.79,21093.82,inf,68079.37,162581.14,115257.4,119547.36,52766.42,103103.56,57120.11,16734.04,134783.77,94382.55,31235.71,180391.53,75078.26,17239.92,112239.56,71350.08,18922.56,101472.82,200286.73,104466.44,146883.59,114700.09,129372.83,111414.19,101313.19,157407.18,101683.82,158192.88,108354.18,117308.67,131256.7,171565.42,inf,75963.44,6842.95,108477.23,49154.86,53760.9,79636.42,inf,102948.13,72746.82,71136.51,99895.88,77300.91,87768.48,48642.82,88144.44,178209.46,128648.21,162837.13,66908.36,115886.8,47460.69,128136.82,102038.19,79482.67,4529.24,95844.86,133114.01,54305.09,158458.12,168032.41,152372.59,inf,69171.18,122366.98,120679.33,122987.15,100317.32,58800.2,80430.51,98998.89,91164.05,inf,99228.73,inf,186501.43,92898.52,108863.84,114889.78,124645.93,31897.15,97530.6,127767.77,92912.38,150818.43,113350.32,83591.82,57244.79,94115.52,76476.67,91827.66,73257.56,148601.41,129855.38,115067.53,59257.2,inf,110113.92,119864.21,107607.36,32687.12,132808.27,89326.44,69710.07,145811.18,inf,52029.25,122114.72,57935.0,94788.59,152601.02,140884.7,68312.47,68399.87,86780.2,113140.83,144123.85
Z-96,42969.73,inf,86991.5,148970.5,141858.17,150796.77,49354.15,78042.3,inf,74637.04,104192.59,60538.46,81607.3,102421.98,114755.27,109646.84,14165.01,148139.27,104877.42,inf,25112.06,95879.44,105620.24,117388.68,120798.49,77936.79,89920.09,179945.46,66702.37,88866.95,67363.67,170409.32,94837.25,180613.8,150630.46,127479.23,106995.87,90374.7,145841.39,106620.93,135207.94,138721.45,37851.84,102915.93,77391.72,91045.67,145958.01,72345.12,75998.24,131642.28,inf,116097.52,42144.11,98605.93,153441.23,64734.81,85814.67,101661.58,87175.78,101508.33,58663.2,60312.81,144558.44,108441.57,65470.56,142562.74,65948.38,131660.5,101678.77,126415.39,86241.64,104280.85,106671.81,150587.76,52017.99,80467.72,156350.82,158714.94,135595.28,174773.66,inf,83839.04,17957.41,113434.06,72906.59,111444.24,181504.98,138785.42,138044.86,149140.79,71146.5,93294.87,inf,56744.74,36743.5,inf,205859.31,100895.0,117666.3,167972.31,inf,143936.41,inf,129182.44,106458.27,46042.09,107535.76,142842.16,inf,107562.56,84020.15,102143.23,55049.23,87723.71,88354.16,59251.22,122414.44,114479.55,44596.2,125892.15,78658.5,inf,145068.71,124574.63,158893.54,42451.39,83789.97,97777.28,37586.67,78718.72,78325.43,129758.94,68318.69,101964.2,86011.16,119225.84,76519.29
Z-97,2429.87,95876.51,28729.39,125575.43,86638.81,81364.55,56300.84,134142.68,72129.3,31491.01,inf,94063.28,141004.07,131948.55,83425.95,70040.94,96073.53,134614.63,98614.04,127391.74,133081.09,76919.59,121273.23,143587.35,105650.46,70561.61,76765.54,50534.56,90449.99,125463.01,65507.33,8476.91,72498.06,80756.48,63269.68,37702.53,41577.39,184842.44,23463.85,147399.22,79292.34,145079.86,116395.48,79442.35,121852.93,134749.16,60786.0,90626.57,60141.06,147058.9,127388.66,128165.33,116079.95,119811.67,106372.85,118564.88,114058.08,152723.52,149314.07,58399.25,85736.91,107984.99,173940.06,43159.28,100131.36,108504.02,75540.07,142321.05,162442.21,101871.02,inf,105606.07,107519.64,110155.7,78626.7,85651.88,141611.76,51697.98,89314.79,134793.1,66876.16,84699.76,86626.3,147609.55,109489.26,89136.97,69303.83,111960.24,165530.09,182929.09,66426.61,116066.31,56442.81,128467.46,inf,19692.41,inf,160990.55,99307.88,157197.22,127989.7,48132.64,78992.93,65007.31,96009.86,117365.28,127061.65,97150.46,88200.43,130527.16,79835.89,67382.82,22611.51,144546.67,115056.59,48966.03,61071.52,126194.33,76535.77,14176.27,170109.32,130422.67,94035.35,173161.36,84179.09,65182.83,104985.92,inf,130172.38,142875.82,156628.36,inf,73991.43,inf,119774.71,61245.02,93741.0
Z-98,70667.49,132209.07,25774.1,142986.68,97012.16,88658.22,113666.66,166167.25,114388.51,99885.65,218540.16,101569.65,82147.19,61055.57,82940.34,134251.38,104258.14,72527.08,115677.87,105786.8,95004.09,95672.72,22429.56,149864.62,106591.83,34583.96,75902.4,57696.25,72000.68,140976.48,70160.69,135671.78,119931.42,134529.47,inf,107129.72,71780.58,13324.47,66750.81,143889.5,84798.0,108041.22,91848.3,116023.14,84806.49,125645.09,112023.14,87859.13,94056.28,122045.44,80870.28,114602.08,103358.45,95477.84,65737.11,137504.26,125686.69,56119.5,92232.27,135133.08,152019.87,62075.46,116399.56,129988.65,122414.92,58211.61,128231.96,140622.87,142323.76,106787.52,105627.12,97884.5,143704.36,130578.29,inf,78390.78,83098.54,87283.88,175507.45,82998.27,104683.28,121945.23,74350.64,101342.6,46161.18,61015.42,188097.5,92691.77,122803.24,161279.52,111327.29,89059.91,75084.18,126202.26,231195.07,124841.64,154820.23,inf,56484.68,76656.66,75007.63,78710.22,85626.71,115247.1,177174.55,116741.27,141667.65,138152.31,98591.93,121919.78,77783.19,128188.76,129787.87,100340.86,133998.1,31739.08,121285.92,105558.46,130995.74,inf,70330.71,151701.6,73480.41,177373.08,92139.07,79791.8,139363.31,114935.65,88482.79,114374.26,165335.13,104991.03,11221.66,46086.87,112804.66,62125.37,70323.06
Z-99,79547.67,56112.72,117773.32,47677.97,137459.92,146930.04,125175.97,95567.02,124090.1,77859.09,66897.98,75608.29,16639.56,48739.68,167654.48,127912.36,195386.88,40560.05,97862.84,140618.51,150444.64,121778.9,186488.16,inf,53374.68,71748.26,137255.92,89040.09,3676.48,104082.95,172547.78,3588.09,45285.49,104737.96,121230.41,122094.97,103088.29,107018.2,98684.26,83095.48,121601.74,151079.19,46018.29,100533.24,162662.93,128098.49,95130.36,140884.19,117456.35,76807.46,46958.46,52105.85,67185.32,73786.07,91534.1,107448.97,129306.66,138738.69,160186.35,54755.39,14150.25,123634.84,115355.82,1312.31,66467.75,80526.62,inf,81290.3,113158.57,107184.79,67370.82,95857.15,87718.26,102250.55,128600.9,inf,125231.06,75310.38,inf,inf,inf,100074.09,52499.13,104693.9,99908.41,131194.58,55704.61,141441.39,157229.85,92384.04,79977.66,102722.7,49589.02,41566.22,197979.06,124855.8,150084.62,93335.76,inf,68172.26,116363.6,98025.2,90540.08,78696.21,99925.57,90217.73,82802.52,81597.93,86470.76,107645.39,64484.38,34535.52,220749.46,87833.66,64959.92,43662.99,149531.55,147395.88,65642.61,157824.75,132281.99,130793.66,119055.63,162569.75,97953.18,42129.07,64589.42,87134.0,42142.02,83352.42,94909.79,88296.52,119992.52,152940.28,81375.96,99442.46,inf
Z-100,92279.09,156765.34,81611.79,74593.66,94914.5,13979.6,inf,45862.17,120556.18,84832.22,88989.83,118299.24,194189.35,88485.43,137595.73,91245.92,103689.2,inf,130970.7,184988.52,160287.16,74116.8,186243.99,145065.15,54371.81,124137.9,100920.11,107784.52,inf,53919.03,inf,83270.04,46864.93,130117.68,107286.18,63797.04,75030.22,54084.38,58530.69,155631.08,84013.98,158427.0,inf,134245.16,114449.0,181095.51,63758.05,110685.17,59509.53,130670.19,119999.89,31466.97,117802.45,59706.91,65296.94,120020.91,69122.81,139036.03,57302.38,57865.96,79829.14,88477.72,95639.68,146079.34,121738.24,inf,83053.53,105087.57,84765.06,73728.93,89375.21,87984.7,48866.29,58212.52,97782.0,96363.3,128126.95,64378.65,74376.31,84168.67,31545.83,73503.14,119625.72,92560.0,67564.07,80336.82,101035.71,92029.28,31251.06,102598.87,99681.41,70935.91,109105.09,64296.51,124967.96,60971.67,116766.52,97076.01,55652.07,inf,133404.41,73715.41,124761.18,107168.06,127204.91,120988.48,88757.41,129920.91,182030.67,119543.12,129323.31,45161.48,119327.42,inf,inf,118596.55,95014.58,109726.45,93910.63,107515.86,inf,134202.94,141932.27,114880.63,57896.66,53606.63,43799.71,87846.77,84087.14,159842.88,60591.18,30745.11,104791.09,152099.88,145778.24,inf,97360.25
Z-101,85210.96,68583.53,55780.86,57884.86,124437.47,182920.19,131239.51,85415.64,152323.06,144435.04,151906.03,108601.06,216047.34,102751.8,89573.87,68210.56,115048.96,111615.78,40807.83,38354.4,85522.92,163899.01,83797.79,73589.14,146424.27,30332.38,139890.65,57293.98,131647.45,54154.5,107027.1,133926.58,118076.36,104402.98,87775.46,200220.62,133767.13,145658.4,54986.42,56492.97,100079.52,127332.04,41144.19,106445.57,96587.88,161402.38,90295.9,157199.59,99886.81,5161.87,112861.85,118505.63,115118.46,135782.02,58446.71,125459.51,103956.58,99344.5,inf,138445.64,73966.01,117123.49,145973.66,139819.8,70658.2,inf,7011.06,158865.32,58167.49,97166.4,53070.69,76714.48,112439.1,67596.49,133294.72,77306.53,172362.94,112610.65,40196.84,87875.92,75270.05,142810.81,57923.87,28402.36,75931.55,125477.91,111077.32,92171.31,102526.87,102436.64,101223.89,123035.5,184386.01,63036.09,37559.83,inf,inf,101727.4,89468.47,59468.73,inf,72087.9,162330.85,129763.58,103355.5,95866.05,91408.23,62960.72,53756.31,161057.58,48223.58,133369.12,153628.4,146392.98,164627.22,134186.49,65390.7,111055.31,105360.59,121885.58,120878.29,128076.28,126873.09,131039.07,141044.9,116215.62,127941.13,75348.1,87336.89,167497.48,63788.25,76953.95,131427.08,133396.46,97508.14,92082.97,84332.16
Z-102,111199.17,94073.4,86897.91,79943.24,130233.94,148200.85,98490.3,93667.32,inf,81236.77,125381.53,15056.84,76302.17,34157.27,65231.14,95937.47,115487.42,65854.74,88630.16,122499.55,100760.4,89634.89,101555.56,109472.72,125708.65,130346.36,56126.37,80438.87,105261.29,87744.8,inf,194597.25,81562.56,174533.94,11172.33,141333.32,85570.0,33847.79,59986.77,155878.02,55960.18,93691.42,96044.77,72084.52,54166.97,146975.12,177066.34,98158.35,154163.02,128508.34,95507.16,158686.55,55000.73,115239.61,108821.92,84252.29,124609.66,122605.4,79359.52,57668.72,54094.27,108169.27,inf,100049.17,112641.47,49728.07,72699.22,76766.53,65725.86,63139.3,114622.77,128509.85,145867.7,194333.0,34947.46,25865.59,82409.27,158007.87,129990.44,94413.37,111162.79,158183.04,72923.53,106097.4,242583.53,140331.94,33257.93,143613.46,151180.5,37470.37,73054.92,86488.97,30272.05,126476.69,130787.79,92768.47,136283.18,93669.02,107543.81,133209.35,179782.35,inf,127771.15,149608.21,124351.69,160628.13,82367.29,inf,97443.3,108767.95,100989.96,149800.94,169139.46,161410.09,167045.89,100788.99,81517.17,125503.99,125782.51,95094.69,111996.11,44375.51,121552.07,142966.11,39394.27,127883.38,97343.76,150432.35,38250.09,111598.44,100675.2,147291.0,104711.56,131256.13,63458.61,108402.91,102428.96
Z-103,53348.2,164807.32,102970.99,58599.43,66605.91,84068.94,110615.16,121239.05,inf,83601.31,125002.05,175410.21,159041.65,inf,61087.27,inf,10221.21,126693.54,94876.28,131735.31,112326.82,90489.56,159136.65,9623.21,91262.56,107162.92,53595.5,100509.59,52276.54,13125.72,118498.08,116925.24,142997.79,17722.64,119295.16,56331.89,43902.75,162706.3,121383.78,64109.15,117988.92,94127.39,120682.69,80896.27,173268.13,169208.52,142699.08,102293.06,129553.9,105844.21,130435.06,105889.51,68948.79,114176.8,147194.0,125188.57,83911.58,126879.07,81372.91,36017.77,147477.32,3420.98,119369.18,101606.97,149802.02,33285.64,147512.71,98945.57,167722.49,107944.34,15464.48,inf,99338.42,62086.39,120964.15,64205.93,127138.34,112058.89,123649.04,58479.77,44942.49,81876.54,134611.25,108598.36,71950.02,105283.83,93397.83,109061.98,inf,94965.24,80959.01,inf,181789.86,88749.27,51525.0,85048.95,59433.72,55638.21,93817.17,31462.7,84722.48,142887.29,inf,140556.07,97066.93,133395.88,70504.53,131593.54,111502.36,29731.11,63943.45,95289.72,95969.24,5846.81,152403.85,74574.11,130483.94,48031.1,113415.41,43971.31,64186.02,100573.48,67035.32,23814.95,96169.1,110510.73,inf,inf,62565.36,92231.21,196325.65,99289.52,36784.72,103169.84,204378.91,89006.98,145668.06
Z-104,73821.13,59289.46,106640.0,88514.28,142020.85,109685.56,103000.76,117804.03,168458.25,64175.17,93047.77,122576.55,111056.86,69788.81,184685.65,118332.05,121013.37,116960.03,35216.38,120839.14,61844.42,38724.61,73258.47,205617.95,46357.19,92548.21,188820.39,11912.44,120658.37,89678.08,16775.03,102980.8,100502.02,93651.6,inf,125711.36,35526.2,120779.27,74385.79,129894.69,157870.17,89928.3,76304.62,43358.28,139439.42,inf,43946.39,111908.18,63856.64,95436.98,63287.09,97706.94,32889.3,57715.5,96495.79,115515.94,112991.04,84371.78,97112.15,134169.19,100019.48,127140.05,140964.27,69915.0,117961.01,167395.41,126918.37,inf,164233.21,86064.48,81651.47,69218.9,50578.93,123280.67,125270.12,39078.78,123918.14,123907.54,181017.68,1817.97,127532.14,82242.39,15558.76,119887.69,28138.08,102572.04,132626.63,85365.33,91359.49,171145.11,79518.2,168653.57,41511.98,91829.82,78542.81,88152.23,inf,50453.52,128772.9,81757.91,133759.44,99821.28,93774.47,inf,93232.47,122041.13,147212.08,inf,55268.23,109815.04,47791.26,118667.39,139705.16,181222.57,inf,55592.87,123402.01,90906.42,112952.3,51928.99,57219.34,79452.27,74834.81,143814.83,74812.51,113881.24,136982.74,50365.01,118365.94,inf,123459.78,91446.72,35403.04,111460.98,43844.28,52976.21,88869.37
Z-105,71099.05,107529.77,89588.75,43833.88,127886.76,42618.67,107556.35,36950.15,72539.32,141253.31,119286.14,148877.52,92732.36,inf,147452.42,125972.8,13877.73,74373.13,35014.72,68938.23,29094.76,74521.84,30534.44,106615.55,122869.0,101897.74,86538.33,130294.75,85348.14,79562.49,64467.16,75615.93,66888.37,63611.55,76308.4,124001.62,197719.18,73724.05,74880.57,54534.48,58662.03,89146.38,161642.53,122930.38,124268.12,197910.83,77005.3,120465.33,59922.23,119182.25,72188.82,116358.18,103841.17,54510.19,183779.59,174625.85,88231.25,82911.76,inf,92709.92,128914.24,98894.74,4443.04,85312.56,131941.93,94673.29,125840.53,165963.45,89573.13,118493.24,129181.58,53765.86,54956.99,160181.15,20425.01,142965.71,143052.5,103677.95,126017.51,90251.13,57969.96,186025.72,102808.06,58100.61,165957.93,91105.31,123622.82,131934.78,89322.96,179181.8,88716.57,73515.59,95350.25,109467.08,120174.76,62929.8,inf,135737.93,150710.42,164656.1,inf,83148.38,69353.97,50271.54,inf,86612.78,101248.99,70313.32,90541.13,65214.85,144048.19,51947.1,86553.01,62831.45,43306.34,53988.63,114386.32,inf,102433.48,106109.19,105147.59,113324.69,112063.59,inf,inf,inf,82597.52,81694.8,129324.82,155353.14,74678.63,125885.5,79957.78,63341.22,60397.18,128227.84,166697.69
Z-106,100601.48,79641.09,109662.09,130532.61,140451.99,154169.44,130518.65,134754.63,83881.01,30082.57,113572.36,52551.22,85430.72,49880.58,107000.17,79845.76,80111.35,76340.93,45828.04,39205.8,36307.91,136173.18,103558.96,94874.52,58998.49,121546.89,54972.32,194504.12,56807.27,93638.58,177226.73,83712.91,138159.19,93860.28,116467.12,122879.6,69136.16,39350.39,129055.48,92135.58,115526.32,123514.46,139137.28,39803.5,108310.14,206147.92,102375.96,90302.21,149629.39,47061.03,85421.95,71452.82,9768.46,105186.97,117068.63,153071.96,60093.15,76711.47,108094.59,inf,50890.43,186106.25,122306.94,72704.0,142436.58,93324.91,140302.1,144704.56,67417.3,143369.94,97404.98,66566.87,129787.91,68889.28,166891.96,95139.26,109590.77,117649.52,84336.21,50153.22,126879.39,96900.49,66775.1,100939.08,95675.27,118154.15,145489.69,91076.87,106194.39,80502.0,inf,64593.37,60010.01,157258.53,77761.8,76710.72,111364.12,134062.69,119622.4,129328.46,91674.73,125685.2,128486.37,131441.9,27232.57,inf,59071.4,inf,28056.37,155673.01,35534.2,50771.92,114911.43,84530.59,106559.08,119328.67,200110.6,106264.21,24566.23,43295.43,118947.3,199865.34,120740.81,114113.81,80074.13,88513.12,131298.37,111184.67,65173.75,inf,95931.63,39315.44,10145.15,144100.09,76885.29,82443.35,56165.51
Z-107,117354.01,67188.45,inf,62673.36,94941.03,64007.13,57597.67,39822.16,155541.67,120690.13,92193.91,145055.16,110629.41,166119.04,37979.89,64086.81,82770.3,179661.41,121863.28,52461.96,89194.96,152952.77,111386.93,112426.15,34979.47,111039.07,127946.61,79487.96,166478.25,inf,77409.44,63459.85,109365.86,92875.13,112007.59,157997.2,159152.08,121050.79,116965.79,86219.22,42959.16,172586.14,76662.05,107317.5,64704.16,30822.27,120870.71,125350.2,79732.84,38573.58,89265.39,135082.37,96232.95,inf,67447.84,106451.57,108879.11,132198.1,141925.41,124941.93,70739.42,61065.5,109671.18,132517.42,39319.59,27064.32,99220.81,104841.61,186286.85,69579.19,57262.16,98165.13,76508.28,102713.34,60424.9,69114.29,192929.87,99210.24,97997.92,55670.38,118831.88,105046.18,inf,101300.68,120944.47,11436.68,85029.84,171950.5,55885.21,142888.7,132917.5,9536.54,176008.87,91766.27,144030.23,42003.86,123700.59,88359.58,inf,52893.17,52363.03,170553.58,71682.45,93163.49,120042.38,139147.18,inf,122813.41,81940.14,49414.35,189173.4,161841.89,104352.5,64629.44,137096.87,143582.68,125611.51,108280.56,99129.74,100108.38,111101.95,111599.79,74434.6,58156.07,109019.85,135489.92,130719.85,136909.45,44888.05,150095.06,175607.27,69460.01,168411.23,110992.56,70119.47,153072.93,71426.49
Z-108,21335.07,145482.0,152661.65,28772.64,181781.95,108664.75,142367.07,110901.8,164993.88,68789.93,80553.8,7487.48,125637.92,155158.08,112806.07,83210.01,76332.74,71808.58,inf,85373.2,131575.38,28546.32,81033.35,128230.2,36713.99,102196.34,139741.64,110128.6,64206.54,72451.59,100852.97,108703.66,100202.14,91934.44,134283.42,115200.0,130529.69,80581.0,120381.2,168064.58,83604.42,132088.4,125608.64,117749.87,91548.45,99942.11,9622.98,118433.64,102192.19,52983.43,83275.99,121007.73,126806.42,98989.62,142885.13,164696.09,111807.13,135339.32,109304.95,124477.81,166208.63,135016.91,60964.87,59437.0,157268.15,inf,149609.66,167127.93,88354.96,58130.46,122882.65,114524.25,100159.68,98334.25,108370.37,61332.58,138786.28,82237.22,153510.61,28334.95,116767.27,179374.65,96646.11,30971.5,88465.22,63252.06,inf,177082.87,131161.0,10105.87,40660.33,203802.66,90818.46,98935.74,inf,72123.47,182246.75,111014.1,68641.96,111159.29,93828.14,59821.07,135329.9,204064.39,82864.95,68065.99,64299.53,inf,87063.34,19584.42,34759.72,61653.13,71353.63,119042.02,150212.31,6567.1,115874.84,55982.83,155884.31,150547.5,141458.04,90903.16,117968.52,104228.88,79922.15,128563.88,173342.46,82545.86,149758.44,90218.34,inf,2369.52,71997.23,inf,104873.26,80334.96,114257.29
Z-109,58520.14,81575.7,144315.83,118380.86,59258.31,85389.8,127784.2,105943.61,77800.19,135779.12,101813.86,112525.1,105019.53,116533.15,114393.78,inf,90373.14,145551.25,119111.23,82723.52,150513.78,37722.45,22613.4,117110.54,27920.62,83949.87,61755.88,50528.5,125987.12,66012.06,138096.89,73023.25,56167.36,109976.32,79791.42,77213.85,95625.25,19543.62,74086.58,100347.8,166784.77,128286.81,153326.62,148768.22,127031.15,130682.75,168135.72,inf,98714.32,138659.88,135629.09,123869.27,57028.11,129446.81,99205.82,16026.4,50835.57,106395.29,69644.93,139493.32,102316.37,inf,46007.51,113553.69,85118.13,106609.78,119181.24,139641.12,99597.35,103750.71,60647.69,95826.55,85698.66,43938.74,113034.33,102092.22,52079.7,58433.06,102631.33,61993.02,80782.86,62215.54,55747.39,53602.87,45802.15,inf,134091.12,81790.39,192724.63,135603.1,107294.1,70974.58,120036.53,66990.14,88211.47,inf,42563.48,92818.21,110128.96,113947.81,146765.25,93498.03,96552.25,55913.1,100334.05,132948.24,124941.78,178693.08,inf,85520.22,62479.13,83865.38,69277.06,63579.38,135029.52,118558.7,103071.0,104416.39,90495.38,inf,112988.63,149699.27,88878.06,92869.79,84927.86,75625.47,34620.05,127893.92,26666.68,104004.14,94713.15,163322.87,138092.08,58268.03,140461.45,inf,77898.35
Z-110,118320.81,156411.13,inf,167259.09,155345.64,135548.5,91989.81,53079.87,113444.99,64057.18,145646.31,109294.02,44479.37,120013.25,126116.15,7738.99,40756.3,74818.11,70592.92,123735.52,inf,142037.32,48841.38,91069.17,164843.04,127490.82,56607.63,93503.7,160353.49,144700.52,93682.27,15720.92,36933.55,74803.19,109631.55,73135.05,inf,88883.28,108209.57,79970.36,32576.04,68303.67,130102.44,139156.21,129574.42,109551.22,173954.39,80475.99,125840.56,49331.82,85158.56,85162.36,inf,124712.65,117659.11,101585.18,119200.18,145896.83,82933.06,92861.57,105432.41,120090.74,135213.3,106639.18,146131.89,120071.69,145158.24,94544.45,38040.24,82395.8,138182.04,85711.05,126693.73,49137.25,109450.38,90085.12,121250.62,135199.16,129037.61,105724.2,inf,53731.79,62772.11,69323.46,149130.81,94746.15,74778.87,22533.81,110234.65,inf,131978.7,56915.29,37125.05,92309.71,132479.92,129111.52,56384.94,32106.55,69657.99,133907.82,89063.28,115887.03,155666.46,152332.96,80923.52,55015.81,78365.59,52099.66,113135.76,inf,189935.96,50983.37,55242.06,121924.11,116260.07,85995.86,113777.76,80543.63,79788.32,79860.36,87790.07,90706.53,32038.94,120151.94,109223.56,98665.13,62044.12,83187.15,inf,56658.18,93615.3,inf,91716.03,126302.77,134246.08,104962.87,16772.96
Z-111,65813.9,128634.55,77753.34,158816.84,147309.1,inf,89388.22,107116.7,138902.85,28361.21,82963.34,138238.05,95814.48,131913.42,145232.89,139720.46,118344.59,96973.55,144985.12,163916.6,76162.66,92245.62,102847.14,24542.16,144701.17,73743.12,92181.12,109592.02,132951.11,37098.34,97317.32,70244.06,106755.62,95104.81,119057.15,75668.88,120258.32,129802.87,123968.82,61755.29,76444.24,147196.23,91589.07,157097.45,136777.7,116178.84,124126.13,96358.23,132875.71,75891.74,133031.17,57275.67,68791.51,87495.35,111086.81,126665.59,125818.03,171514.7,40655.27,116545.93,75804.45,113481.49,104075.56,98351.9,105270.06,102471.97,88237.73,113500.68,80686.25,81694.82,100467.28,64398.71,161790.34,132887.49,146700.0,26496.22,64575.08,167879.5,102625.11,184305.28,120795.28,97151.62,14636.92,163459.06,142212.93,82119.3,21891.38,30699.35,120026.82,72830.21,91593.28,86617.68,110138.67,92926.18,161355.71,115109.18,110881.46,106197.36,74011.37,90756.47,95499.29,96812.36,115966.43,51249.76,104285.32,99681.49,115695.19,67337.79,131917.76,inf,inf,94298.26,68232.82,135056.33,116771.07,inf,136289.72,68299.41,88311.07,57070.08,59887.62,125028.1,82894.94,102835.63,41410.28,64815.26,106357.69,72451.72,113354.77,139579.42,108024.38,44302.58,63316.05,56957.04,76125.99,48364.87,55850.72
Z-112,99315.0,107394.87,148591.36,147865.18,73176.93,88567.81,134515.42,115164.02,100478.3,114261.98,inf,66021.19,66209.38,33179.2,95329.63,82079.56,70808.29,148406.66,13318.29,144840.6,225129.42,145779.79,37195.11,147976.42,76173.6,76904.67,79574.27,inf,125278.69,77354.63,53466.07,136809.87,122421.96,99462.15,inf,139235.98,141032.91,102310.03,161491.66,93014.02,86278.06,103305.64,119700.51,117228.01,47794.81,118610.57,106694.16,124045.17,134890.48,121638.59,67263.78,54599.9,90837.1,127349.01,82858.65,66387.59,89390.62,88166.23,65835.62,162695.52,85628.73,76702.77,108835.27,153855.21,43401.6,33044.7,129266.24,inf,42949.72,165675.17,inf,104824.68,124128.94,175118.24,81467.72,96814.2,106632.42,94479.51,55223.0,128444.32,96805.17,inf,50154.22,inf,69865.08,85647.5,58010.65,128569.59,71303.05,83604.16,148642.73,125824.02,170040.82,71964.88,114990.9,176333.11,107275.12,35095.17,13485.63,120965.8,85646.18,117503.93,47234.38,70623.02,38108.8,56183.93,70401.03,158130.49,120739.21,107035.89,176249.08,inf,100483.52,25690.9,43232.49,140724.49,115334.92,72677.01,30645.48,114270.43,119505.7,83360.45,54473.65,10117.82,149941.57,52838.33,95124.04,127686.8,74287.57,95755.4,75252.42,66073.91,115323.13,211743.47,119158.94,96233.47,57546.89
Z-113,24413.58,118582.9,30253.07,117584.97,104018.89,154903.72,102629.99,152768.41,120615.64,843.73,110775.59,inf,110725.77,165109.97,65380.01,112358.07,148564.95,32992.33,119510.53,141367.08,92382.79,114421.8,147468.44,103138.6,89680.41,77782.5,68520.67,64814.47,61244.27,95285.25,inf,168846.5,inf,34207.06,103892.09,15276.87,142310.89,60479.88,78858.74,88731.94,82718.97,177508.06,inf,43459.24,113287.6,inf,91635.36,134819.18,61296.9,86372.26,86385.94,91932.68,38263.53,101096.08,72396.28,132987.21,inf,73145.74,158834.63,103860.03,inf,42007.08,151838.12,104206.55,inf,100182.32,50094.05,115872.41,67980.8,133585.59,95876.02,153516.4,88777.55,78134.9,62110.66,63921.98,81410.57,134893.23,121423.75,109649.97,104997.43,119599.46,157480.89,107313.17,73130.44,91266.23,97175.92,111651.5,106321.07,104785.75,11974.67,8804.02,110460.1,3674.31,78741.02,53654.99,99091.93,120341.76,70688.37,50612.58,22534.22,76655.11,101845.48,128647.16,30341.9,61630.6,186811.19,21896.95,152557.23,72291.24,71331.56,84712.86,inf,90660.54,136831.73,93067.15,95104.97,58426.61,124529.53,114706.63,55673.45,75160.36,68981.2,141453.92,79204.57,136922.92,122038.72,128530.97,87553.62,40226.22,134928.68,89994.34,201026.22,91075.72,106660.85,121720.59,114574.57
Z-114,97407.82,154988.82,130290.7,152292.26,109606.57,89731.61,41588.35,185524.35,86864.46,52406.42,124116.58,159555.77,56446.74,125669.13,65152.96,inf,148244.02,29873.46,35403.03,15316.7,118906.67,130727.2,149753.92,120566.71,134996.08,119378.16,147270.38,156336.98,inf,55183.83,69032.19,37501.54,122213.31,136883.83,84078.13,119790.54,60145.41,inf,100638.77,111115.51,45546.81,43392.41,62967.8,62648.45,65744.9,74000.63,106809.75,88877.27,113302.0,70837.16,87071.21,93143.98,107971.66,122435.39,161147.55,59281.05,129778.02,91768.3,104481.07,114889.59,69165.51,95183.67,98765.61,81337.17,170339.29,95063.97,85140.57,97961.28,148577.32,131110.21000000002,82215.1,60794.67,145256.46,58157.49,138438.96,inf,87061.23,101103.44,111813.44,108280.73,131960.52,160662.34,124700.86,75978.8,124972.29,62657.05,170978.05,inf,83909.68,152579.93,148038.68,100755.03,84841.55,75445.92,120154.39,90527.95,124625.56,109080.83,83854.49,73337.17,162516.45,186522.83,162588.51,137654.05,84050.95,111305.29,150717.08,64852.05,79445.4,119839.62,99345.65,49677.26,37871.9,inf,54369.94,148672.74,94126.6,83308.09,96469.82,112189.21,87652.38,162644.38,136094.69,90054.9,71192.55,55639.54,140373.26,107118.78,88857.16,114503.54,73553.3,131712.96,142151.77,93868.74,103792.17,133867.97,84073.1
Z-115,86697.01,87446.56,121176.6,100390.51,61851.98,64553.58,68535.6,inf,176904.75,inf,134870.59,46624.12,140616.91,76431.93,133593.57,98364.38,124650.49,120489.85,117025.05,116008.28,127349.36,154868.8,82048.24,109194.21,85932.39,39405.31,122630.13,163444.31,57074.34,58902.12,97774.03,75897.28,138183.43,inf,14889.82,101764.6,204553.26,87979.18,146720.05,156853.86,158473.17,inf,106786.52,106583.68,inf,89975.03,115576.55,125287.01,62562.62,76008.46,inf,144080.29,126952.95,21891.33,106881.94,85954.85,115057.03,113794.89,84374.72,85279.7,10500.21,109773.8,145456.66,83769.67,137565.79,134360.77,124069.18,94878.62,133183.93,115327.36,118782.92,106589.38,140309.29,inf,90325.13,73227.51,7776.31,75095.23,11940.65,41234.2,112905.25,95116.78,54881.72,116519.15,143301.76,146572.08,46653.02,158317.71,81526.56,95774.8,87294.48,inf,107906.68,160242.64,105893.92,83120.3,87752.21,50161.96,97136.49,74766.52,157177.22,149376.72,inf,85457.06,67386.39,103050.89,93145.51,134233.58,136704.69,102040.08,110912.13,82586.98,81883.46,inf,inf,189569.49,12382.05,156206.79,102645.35,141652.86,110009.76,14517.01,126984.63,52854.66,158020.44,87768.4,198057.53,96162.69,38299.34,38331.88,99999.52,81104.43,139626.68,77970.87,99389.66,59597.57,82216.98
Z-116,139716.89,78616.53,19808.12,86470.84,130913.0,111725.34,164327.75,147254.69,inf,137228.52,177111.16,144531.37,inf,137267.76,93021.03,97098.94,93577.27,173073.34,134780.5,138718.22,134375.75,119394.92,95481.1,97095.48,111794.77,122604.3,8061.75,123740.8,89443.96,62908.03,134262.55,32598.39,65469.78,31885.8,56648.29,inf,99819.78,101911.94,139789.32,44484.51,163381.69,94155.51,150458.52,71612.07,91670.44,138564.26,135387.43,95126.23,76886.98,96422.55,151516.07,162888.32,114652.49,47226.2,124914.77,108352.43,inf,105635.48,101561.02,84485.44,47274.15,173165.74,22332.13,158499.59,142204.52,116833.77,189405.28,68916.5,151216.88,146030.47,88504.2,inf,inf,107888.0,189264.4,98818.29,172663.26,104419.49,123885.71,121237.37,40340.72,37724.32,130269.82,46250.41,115406.28,inf,87842.4,22494.31,122780.11,205094.05,49309.07,163851.35,148599.82,inf,63052.16,89923.93,62850.1,89208.72,85274.27,84426.97,136175.46,130416.11,106161.89,82682.64,76294.76,96348.23,88300.11,122742.0,67352.07,55620.7,130404.55,inf,143637.98,84288.16,125143.52,inf,102316.76,133061.47,61326.92,39360.68,149574.02,70993.86,155053.97,170245.81,131352.07,86618.67,141333.2,130927.84,58873.7,100960.71,54018.88,74608.65,124029.45,132008.18,123129.59,80934.66,71356.06
Z-117,78047.3,33270.26,113289.34,110941.51,136881.83,90099.47,37365.04,69306.07,90861.34,126257.63,40832.72,771.91,inf,123250.79,90725.45,140920.04,113656.42,119053.83,127231.15,149743.86,81054.99,171168.13,116659.97,27370.68,144191.28,62643.59,46279.9,142767.41,105434.32,87882.01,39294.0,90184.2,156320.75,123416.02,97958.51,93341.31,95544.21,93322.25,130317.54,136565.47,135345.92,62973.85,88235.24,138090.77,96594.75,83873.18,48411.97,34827.68,78657.24,121426.87,125087.33,90346.53,57010.96,94169.17,inf,138931.92,37497.11,78332.84,127356.14,64938.48,86654.89,78199.33,144105.23,114589.07,153451.37,98248.74,inf,137412.84,167107.86,183582.34,149556.69,58071.38,42253.91,127039.38,67318.7,155871.44,inf,68592.33,121619.91,89736.86,87957.88,71613.27,101191.06,76406.57,57189.3,120580.13,43513.72,116127.87,50555.03,99965.72,88063.58,62349.33,48884.16,116090.0,53783.9,93645.72,71585.9,inf,97016.54,142629.92,110402.15,104149.25,inf,89799.89,173072.04,135214.35,inf,89719.0,61058.99,67865.23,112930.41,123013.05,inf,143490.5,inf,60058.7,inf,114140.27,82782.94,121460.82,98518.67,inf,92773.37,102533.81,68668.81,80356.44,103955.27,118757.45,69802.15,120511.75,86634.66,110183.39,131701.45,107771.97,133883.24,79558.32,86526.0
Z-118,80811.71,inf,111811.37,129183.18,42253.98,141559.98,84251.8,84136.55,1469.4,inf,104191.02,114524.13,180759.69,122845.53,110542.72,8843.9,47261.93,97581.86,109764.23,148678.88,13019.2,18594.26,89741.28,167716.74,134627.55,92242.89,97662.4,181845.45,116806.37,110769.68,144859.86,127317.18,123687.92,24188.17,68865.85,15708.62,81517.69,80616.99,inf,115403.41,124835.51,154001.92,148337.37,60222.74,80415.6,116500.1,133666.57,63007.79,137594.23,57324.6,117215.33,102105.1,155377.67,114051.43,7872.19,107462.25,139699.97,101599.91,118713.56,128949.61,144151.56,48395.42,81573.88,93939.16,88731.92,84164.26,118477.34,119906.9,175404.89,inf,61798.23,109922.58,103665.23,74877.96,135299.99,96076.92,19986.71,115470.53,inf,111475.9,108968.65,166702.77,42900.05,164526.51,40020.05,69819.51,95273.88,111307.66,110494.81,40538.82,107474.55,138328.9,102992.21,75015.83,87348.66,35679.01,98393.82,64121.54,46268.42,inf,61066.27,149649.09,122177.54,125397.93,67344.25,85862.29,27854.33,74065.97,148294.03,73013.56,148729.87,86736.16,61808.05,95486.51,153060.75,141.07999999999998,142809.18,inf,88044.72,88773.12,85010.89,112495.06,205931.16,106400.79,86220.89,inf,42107.71,59426.17,107582.74,158940.1,114335.64,84210.54,124111.09,105863.1,125898.5,58041.68,97063.7
Z-119,137124.02,41894.65,178505.52,102323.88,186031.91,inf,98358.83,77001.83,55778.28,161260.17,118660.13,124212.2,96841.57,43051.2,72572.37,134706.8,67204.57,120651.72,50461.33,117230.99,90548.61,117927.0,93250.85,inf,93974.13,189661.02,65906.73,123747.72,72571.76,171478.44,195782.24,80600.21,116687.7,87360.38,140281.64,88829.19,120334.58,104161.35,126894.44,95756.83,53258.08,162874.22,63171.95,75897.39,25779.31,127053.87,117405.47,109477.02,112275.77,107426.19,133816.97,144081.97,91776.66,116124.0,53091.79,118133.04,134954.8,64213.49,36341.11,120551.43,163761.12,110288.33,106697.34,73296.7,183015.1,19300.04,110733.47,39788.36,61178.53,85266.09,64135.37,183255.63,84675.82,100594.85,93985.88,73032.49,72680.05,108287.32,9880.24,114685.73,78710.32,15891.26,93688.73,inf,125455.35,108237.59,175192.52,inf,94264.87,112372.06,87398.61,inf,44852.02,47844.43,68686.84,91666.41,109296.94,67242.05,114791.45,132071.28,103864.61,174468.0,inf,70669.27,126598.17,50201.35,137051.28,89671.11,128634.01,43166.1,117708.74,97655.99,inf,143302.68,inf,62486.93,92749.11,88004.83,inf,92542.86,84283.15,130869.88,113108.45,101055.74,103478.77,122515.91,122912.35,181166.81,143493.17,34846.2,106661.88,90570.32,86815.93,57366.6,77475.16,3952.06,56924.41
Z-120,49734.33,125643.25,134525.27,76956.8,36601.03,93762.35,36872.62,inf,115318.94,149397.94,105538.97,72892.82,99545.2,69605.43,81895.88,70081.17,73399.11,51892.26,35041.43,94967.39,102059.33,116402.57,120169.63,132685.51,106602.69,69127.62,88518.62,102163.54,128828.39,69052.11,22866.65,115634.04,74716.46,100697.95,141322.21,176391.53,77981.41,149635.4,56579.26,68388.32,137873.77,97722.62,105021.81,51944.99,inf,93583.31,61657.07,115321.29,118986.19,95283.82,126635.61,97071.88,94611.98,155025.93,22131.4,136538.49,inf,154286.78,139073.35,56469.2,130263.25,87801.93,91617.56,inf,61760.73,143203.31,62109.26,81915.87,203147.55,115376.4,88526.58,98298.16,78277.47,66297.91,75253.24,145175.73,125193.51,88694.73,98789.85,116085.97,74230.39,64222.72,117207.26,62960.05,93520.42,79926.76,88771.19,145334.34,27290.16,108747.62,48018.97,37637.09,108879.51,65795.49,61202.13,126404.48,89410.22,119536.17,173787.27,104279.94,137544.53,133154.88,93369.63,98731.89,63202.97,44503.48,72567.62,144309.59,113789.86,20440.71,105068.98,97415.81,74088.21,88623.6,65390.48,3877.85,44362.33,147882.44,98962.43,inf,100926.42,122542.93,123339.53,55091.74,123359.72,81370.33,106809.46,65209.24,141144.65,44927.27,58352.37,71771.69,75692.84,112665.11,36792.81,103479.97,147517.95
Z-121,106935.95,80997.69,112663.16,80964.81,107898.06,82730.02,139725.14,144502.23,35493.81,36476.74,104490.38,104814.26,103165.47,84243.03,44198.7,53021.51,79369.11,86376.63,149831.24,inf,114043.19,174353.76,151393.56,67596.79,108270.06,129452.62,54452.79,61924.17,41681.28,78482.24,52279.72,105688.85,142517.01,73026.94,122186.68,36160.84,145445.7,105989.76,69041.29,109174.23,82311.44,97123.05,168981.05,102508.22,89008.73,133904.64,105964.09,96303.09,150092.99,170035.52,108516.88,67539.5,138740.62,177391.33,85441.07,71294.21,53124.38,115006.51,115034.18,111324.79,114313.3,143512.01,inf,109909.46,68229.96,165533.43,63683.12,141613.23,60782.62,71600.41,140182.97,91442.55,105881.78,69187.49,81490.24,87878.71,124733.19,84976.79,142233.04,128247.48,136004.26,26025.61,151364.26,94530.88,127896.09,80906.65,39015.04,67308.61,156788.5,152325.97,112682.27,82447.88,80561.37,77629.74,123168.46,69928.34,62324.01,89576.89,94439.86,145255.7,74526.48,39737.26,115051.39,84598.29,99899.8,71041.89,114438.13,129741.22,35629.77,123636.76,41611.4,196869.84,99912.22,105766.83,82817.28,112022.56,142815.57,39797.91,93622.04,82382.82,inf,98069.33,107803.46,180611.01,108798.91,101962.66,109666.25,114836.67,119275.38,69086.19,98295.0,75944.83,118553.55,31176.3,104949.11,64684.9,47441.07
Z-122,64520.96,104521.59,117923.72,40322.0,inf,139252.61,88204.94,122023.82,130339.39,55680.94,50447.33,77134.37,135835.91,81317.03,154325.52,81680.98,116941.95,141180.01,inf,136624.45,109431.52,90496.98,105513.48,inf,51317.06,61031.47,119635.67,157071.74,174122.72,47389.25,131195.72,123061.34,196987.58,93844.28,inf,102910.81,72743.78,92631.92,95605.48,94130.44,134673.73,144885.51,111842.46,123214.47,79080.71,103550.38,105729.81,50500.33,101597.89,119974.94,120685.09,inf,113759.12,4643.31,87582.89,70723.27,130635.66,inf,75036.5,43691.22,126336.02,72625.36,101258.76,99029.36,89928.84,100882.78,96773.95,inf,66741.7,84996.78,87198.98,133512.36,111770.05,129355.02,107299.42,44137.83,86524.5,121206.71,32786.64,84639.06,120736.8,93501.08,inf,165324.02,102774.88,103442.72,88640.71,117818.29,inf,96982.64,121277.53,112256.82,159848.01,51323.09,90793.16,138991.98,130161.71,112533.51,89147.79,125880.61,16985.6,81808.7,66275.27,inf,84805.33,84174.27,145718.73,inf,136626.48,65421.58,77065.36,62230.8,68131.15,156937.58,98146.59,96870.66,177789.93,105805.93,inf,48431.34,73853.82,inf,86204.91,86245.86,122271.48,70343.21,122302.52,111019.91,95441.08,60726.06,37321.69,52874.94,144288.07,118869.57,98316.32,inf,99229.6
Z-123,184983.71,45790.32,54420.87,76306.51,106529.73,91363.53,106127.0,140761.01,63625.46,130882.99,23548.22,95544.38,23770.72,21881.91,57238.48,86581.51,100613.51,106416.6,116288.82,173713.73,42238.4,inf,109470.06,32631.75,131489.91,119521.39,46399.95,96356.25,52133.97,57302.41,139703.3,42387.92,7495.98,7632.1,46926.9,37751.87,72282.59,145135.87,159174.07,183597.29,168490.17,74126.36,151659.73,70427.02,119463.35,170259.72,67706.41,28597.72,63556.47,117978.82,83845.96,85689.38,223565.22,104787.09,93729.45,84766.82,125040.56,167697.01,139037.91,85856.43,77307.67,171807.82,138487.65,97295.69,71875.9,124816.87,78766.37,28763.01,inf,116081.43,113805.56,61709.69,77277.93,105751.68,103014.93,113091.68,99033.06,81362.72,64464.71,68109.99,73371.89,134536.25,89051.72,149894.53,84552.65,49777.59,146428.69,99670.87,136004.53,67607.81,100962.04,inf,182575.52,85966.08,98905.15,61666.9,126975.32,135096.57,99602.32,76419.35,149069.83,106536.47,89883.68,87151.32,79864.54,26077.25,91495.47,119641.93,185591.62,149547.87,159410.34,81820.95,158935.13,124951.37,167176.74,102175.15,93033.29,79393.21,93587.21,32184.61,140453.21,65719.62,inf,188410.83,118781.79,96092.31,53131.94,159888.37,inf,97548.39,126040.56,136778.03,113410.92,42939.57,11185.87,82989.95,105563.11
Z-124,66920.46,100393.84,105165.22,136160.0,92904.4,77112.81,109653.96,68224.72,51278.95,70895.0,90871.04,52471.36,111972.55,114178.03,122408.33,70825.59,64951.06,67407.43,59505.82,15759.5,36336.5,146354.32,39213.34,95811.4,159167.64,135027.08,92474.13,95642.31,89287.91,126244.57,31334.59,149340.13,78147.15,inf,66268.7,164063.28,113088.49,114989.79,106652.23,108615.89,69436.67,110694.15,153628.34,112067.9,73928.54,69577.51,71941.1,91656.22,38985.13,60697.62,inf,74548.0,139705.82,90751.82,126058.11,116398.77,36885.28,132413.89,107359.65,102781.19,124654.7,53941.17,1786.16,109929.71,62315.11,inf,64551.07,100983.06,84064.74,109536.41,107114.58,89293.1,122647.18,137723.06,100683.7,37667.39,inf,85575.52,101104.85,61375.27,112951.92,117798.55,83698.62,94878.3,71100.61,32978.91,154594.82,27957.41,119555.58,103078.12,161956.64,123498.3,144333.95,121827.33,67733.78,111656.77,83008.95,123510.36,102565.01,68502.41,167526.27,80086.87,75316.77,55759.85,91761.5,122830.85,83253.91,131672.98,95078.93,118607.9,147229.9,89093.79,102893.71,65203.38,50494.83,154441.56,58228.73,63759.17,74055.66,79365.97,90673.2,74951.95,40188.59,inf,103262.23,161501.18,85253.96,80177.87,94641.04,162738.27,50864.59,52322.68,123400.16,83967.3,168090.04,131086.22,141117.93
Z-125,113115.9,inf,118406.7,94863.8,149137.29,148354.48,44170.53,74261.76,143080.76,30846.14,127003.99,95120.14,49755.51,135191.94,176767.66,116092.83,59990.18,113879.41,56943.66,144602.81,46452.37,36122.94,98314.98,116084.47,124148.24,69112.91,120775.44,43860.12,82129.97,inf,81583.6,129893.66,106112.5,154204.65,138549.72,90716.73,104549.29,122857.86,inf,122828.13,91270.28,162011.89,101049.74,92302.21,163009.14,78405.38,103795.74,83203.91,inf,110224.19,102477.83,116581.58,143077.8,94264.26,77628.63,137492.28,69722.33,17135.28,82277.97,68423.49,61995.78,140113.97,114351.43,inf,128919.66,146012.4,155430.53,11316.51,114654.43,65306.24,109935.04,83493.36,127347.03,inf,121776.88,107243.78,55789.19,136119.59,42137.37,103175.26,15346.5,107311.85,131746.77,36971.23,104120.59,67182.59,165981.95,112724.52,163703.92,65607.68,106247.78,106657.31,95116.8,88308.88,91411.35,75543.66,58882.62,18066.34,82500.77,141406.97,8573.37,111360.63,99119.25,94150.66,82936.05,51552.03,137570.25,133395.31,91426.41,83480.15,49123.42,31332.67,139188.9,62534.46,38279.21,123418.45,116546.39,110110.71,96941.17,12401.74,75318.17,56223.4,99058.59,130391.37,inf,79190.46,133955.37,116595.06,145791.29,140079.81,88765.03,54656.55,81000.74,144486.87,121473.1,118448.62,121817.83
Z-126,48837.77,118785.15,117063.3,135286.61,69799.52,123011.49,141798.43,106719.15,150391.56,153138.4,34659.27,80953.93,128448.3,84575.84,57294.62,88759.25,81946.59,inf,76649.3,167586.48,135701.94,115635.5,101620.45,64803.73,70403.94,51524.85,95367.82,30392.39,111674.87,49025.46,106104.77,88359.61,107907.08,72256.5,78023.44,131892.08,60754.38,25896.31,122337.38,85240.28,80558.19,96553.65,126720.24,122724.97,117976.0,85443.32,97446.17,50693.79,74185.74,105626.55,62678.63,146607.99,158137.3,84306.68,51315.75,122699.23,116145.52,104549.6,inf,176020.16,173025.17,106753.73,106432.54,199499.62,57855.07,129802.98,114337.78,92179.25,94077.6,100361.15,36814.07,115803.48,inf,78022.04,255468.45,160170.63,64163.43,25721.42,54012.7,98670.52,78236.37,50109.35,74880.98,123775.28,135963.98,78284.16,74732.92,97002.0,100033.91,89109.96,67585.59,46816.82,63253.58,119150.02,129870.23,62670.34,138536.07,137727.14,145903.24,136692.36,79098.32,55313.52,57371.82,123048.47,113189.88,75516.59,72659.88,123841.98,130093.45,114723.46,83204.9,133797.32,110673.22,122700.3,23274.3,147615.78,49734.13,91937.67,70415.06,61346.02,156259.24,170997.78,140340.5,127669.81,77598.76,inf,80493.93,117693.93,166314.18,58187.3,100628.9,62807.27,89686.15,123664.38,30104.01,144283.83,123160.65
Z-127,168908.63,39266.57,138178.33,162447.54,159705.87,84452.06,49713.25,110597.67,37461.0,92495.28,136871.84,80315.56,92235.5,111264.11,41898.19,41229.31,113040.26,83983.01,106087.46,134144.55,99273.67,125058.62,78624.06,124717.42,inf,74039.32,44135.72,110937.73,62844.24,118696.0,102295.15,84862.93,50143.24,130306.25,88921.31,146486.71,75877.13,68859.08,145141.94,inf,inf,32623.37,86016.49,42408.84,86586.08,90538.75,116564.37,102230.75,151807.96,120011.16,12701.1,151235.77,135980.89,73590.47,112020.88,116692.51,134929.18,76671.08,66285.98,119394.23,114516.11,inf,70704.23,97774.79,118836.33,133023.17,36978.71,66588.6,85216.58,105295.93,10899.73,184327.91,164113.82,inf,104746.28,151962.81,96590.13,99221.27,102647.09,131660.18,98668.83,168673.78,99727.57,95212.3,180589.31,55162.41,86935.64,98149.96,116719.19,82842.23,88792.91,64591.87,91560.69,88072.3,145315.18,127769.56,132940.9,133535.78,67015.11,101217.82,152184.12,122073.94,150466.04,130191.86,169430.2,81676.1,86567.85,222248.17,73714.14,146306.07,90453.6,124481.02,47921.54,139923.7,149191.08,85501.58,114702.03,105969.6,85935.94,141848.59,107032.28,108027.51,108182.11,131265.69,114568.26,170568.27,inf,75652.55,63437.23,32757.43,137339.22,109501.29,173150.23,47221.66,91449.11,94016.02,190521.45
Z-128,72122.55,78404.68,91044.96,93517.93,inf,121425.32,144100.03,106401.91,44854.83,96284.13,88680.49,124725.92,145621.3,122222.61,133180.54,82101.64,97499.67,104579.92,40397.24,58073.3,45092.96,12933.76,111101.79,52944.97,86392.59,87903.73,137841.25,89720.46,125405.59,82686.31,128676.85,136838.38,71994.19,124018.37,109066.17,50606.05,133993.03,60048.8,117947.56,164630.88,150767.65,123600.73,93096.02,124301.91,94399.82,83712.52,84584.15,95247.92,78257.5,75014.77,38051.36,136773.23,111245.29,inf,47028.34,5734.89,129824.64,123074.27,9234.93,109008.63,54904.41,63386.13,112975.06,183883.39,107141.48,71775.3,86976.87,93123.47,54545.57,131195.19,155452.28,110958.97,104835.44,163669.17,inf,50043.01,90320.97,139880.53,83833.26,131757.59,217697.38,105577.43,125612.83,207998.89,115677.05,165901.59,70352.19,45677.98,111470.63,183127.7,86732.39,121574.18,122103.85,177276.61,95355.29,59293.08,31117.71,131179.4,98189.5,112369.76,101128.14,162117.9,85785.79,109251.76,144502.39,76183.37,37984.53,124063.57,115873.05,63175.38,44666.2,145718.64,inf,101361.26,72956.25,88640.13,70412.79,81326.41,75540.43,111073.28,54985.29,170508.33,93695.46,74833.1,109060.05,133705.04,114698.78,inf,72392.7,60461.51,inf,144151.76,145050.44,61593.12,86675.37,91358.08,100166.17
Z-129,66896.57,127466.61,62084.05,115521.67,183432.93,195166.63,57656.81,75234.14,87041.77,164575.21,153777.05,41220.67,103035.17,89340.92,109605.33,129927.36,109366.06,87239.01,160531.46,168665.15,90658.9,113942.52,56325.83,107467.56,103920.18,170992.02,94621.26,58032.79,inf,66773.35,81154.43,73748.11,56200.18,125572.85,115601.72,70242.55,89644.15,inf,126682.7,107160.59,65646.66,inf,146445.45,125183.97,92805.6,95435.52,101763.18,166450.57,83218.25,106265.1,145458.1,148922.0,127527.98,95649.42,116338.86,inf,36729.4,56871.34,101483.74,108596.88,144939.53,43923.52,99498.24,162098.17,92125.86,94853.77,69167.41,108140.12,inf,118529.55,96956.09,100649.82,35864.61,56625.63,inf,91499.51,121798.16,109565.09,113849.06,178198.16,135591.39,98086.09,164060.96,119112.1,111122.98,46884.2,139006.48,97635.25,129724.33,74857.14,115197.95,171276.45,104919.87,98870.5,130789.41,69654.77,114292.53,89037.36,74073.6,3692.63,50167.17,40541.85,114369.24,67067.74,65362.97,63775.95,100730.43,92785.41,107832.41,112733.32,39795.84,63699.63,69689.37,116132.19,62961.08,91537.56,39808.34,104602.08,139826.04,103376.8,22685.2,104594.81,104313.88,30104.47,72326.99,69000.0,142985.3,80768.45,inf,146036.22,86505.48,inf,117406.42,176209.05,37689.87,136192.1,80876.88
Z-130,129319.25,inf,217050.31,111897.44,96148.18,85379.22,154971.97,193818.36,137388.54,93732.7,10861.59,178974.53,118888.09,148679.93,inf,53945.33,84127.79,83529.6,138042.95,80362.92,inf,41255.08,135359.0,58152.59,85947.7,82951.02,133033.19,82709.61,113022.2,92731.5,81317.82,104505.47,149996.3,58476.71,102634.18,139038.87,157594.87,85938.95,92308.55,183899.25,32059.38,53640.42,inf,62866.59,59879.6,87972.49,inf,57045.9,131108.53,inf,66805.25,70295.62,129776.26,79552.24,109936.68,74915.32,68905.84,37358.01,117769.95,108125.36,79674.47,163843.86,21538.86,57520.08,97296.3,112248.49,194041.54,98549.78,91681.96,65528.99,inf,126214.41,127.13,50410.3,101137.6,39278.94,76077.08,78476.97,143169.31,135421.25,124240.36,117814.08,97166.48,81493.54,91862.29,75590.4,218628.86,147868.52,42420.39,119872.41,73226.2,52803.57,136212.42,123189.34,110290.17,91991.86,194410.75,128917.18,77040.72,118792.74,94948.07,162086.12,150859.93,119637.37,71538.65,133520.8,83109.26,116731.29,85932.92,106012.27,36932.94,inf,76764.8,142507.36,74883.21,93181.15,65834.15,104230.41,156081.68,130086.73,105997.78,86373.22,20419.3,22591.49,115126.95,inf,99478.03,38435.34,100917.9,inf,64919.37,153555.14,92374.87,101043.37,30878.62,51436.76,98833.08
Z-131,133854.95,31751.25,91215.45,119568.59,30480.34,95553.05,69491.67,110222.1,49457.56,145741.45,inf,184937.67,121990.47,112164.0,76073.52,118064.44,73609.24,68959.31,134464.71,103369.89,80517.53,93391.47,53118.25,137331.08,117004.55,inf,12764.72,128473.95,110137.33,inf,96550.28,102137.42,100501.69,50154.28,74767.49,47190.63,inf,86399.93,83590.97,76784.62,105439.77,inf,67209.25,81499.76,169617.86,68933.82,118700.87,116418.04,49763.86,97512.2,inf,86511.83,119243.84,150661.79,inf,93728.7,193508.91,80390.99,40613.94,45946.13,130789.56,106306.79,82902.18,90377.66,74458.88,40791.51,85375.0,47340.3,39902.22,177774.35,150918.99,94879.06,59805.01,128183.82,92383.27,110415.6,131734.44,50769.01,112277.9,76552.52,78786.44,85611.05,124330.78,165332.97,52400.94,103647.32,24002.99,111073.32,113793.89,109408.89,125568.06,46516.5,129669.8,121526.5,48406.25,75420.71,164505.17,129831.68,118475.9,153767.36,37101.27,inf,67314.95,inf,37573.12,103094.28,68788.42,91862.37,42055.6,175816.36,56400.89,101740.56,149297.21,169853.69,90048.79,97196.28,69204.69,inf,142340.46,132153.55,97013.97,116192.05,64208.72,103005.85,62747.92,82865.98,122215.3,100136.98,98669.67,114934.19,inf,138492.29,140285.25,110691.86,99705.81,150364.06,177507.99
Z-132,172459.93,93315.46,32196.22,127760.67,47744.75,31242.73,46963.54,146684.84,47221.68,145563.98,99394.48,167079.97,155143.19,77787.98,108928.32,147564.13,53612.07,85889.09,98703.16,133954.56,165961.93,161042.33,145013.39,75475.03,174964.87,17294.86,124052.11,99354.46,91266.86,42176.11,148451.96,108515.03,152779.74,122637.53,98802.68,141634.06,63124.02,65355.34,157943.88,140782.9,79431.73,111943.09,137575.6,120778.69,99227.82,103366.9,74424.15,117857.0,67548.3,74498.22,114923.87,107001.91,64692.26,146554.86,105289.44,101807.24,69870.87,145376.6,110384.39,17909.83,105861.15,inf,85423.94,102005.36,85482.89,75907.62,63299.13,95979.13,130075.48,160336.47,132684.97,44192.56,72895.22,105474.29,131190.83,123244.37,97876.97,78760.45,44324.51,120919.4,175701.53,65875.55,101665.37,140481.71,53961.76,54637.55,75064.96,152090.55,54100.83,100911.03,169100.54,66348.43,85760.71,161967.6,165707.93,115043.64,54377.52,158654.77,150164.28,86717.77,149672.67,137804.78,125874.93,109280.58,125430.47,151666.02,inf,143592.76,77791.74,66331.93,43603.07,92241.32,116772.02,18275.3,65364.39,76781.63,103988.89,176217.84,164228.47,100202.52,145871.6,116423.1,101402.21,42420.88,128579.13,85499.6,69940.44,80624.99,129804.41,61527.82,59962.77,inf,115095.3,123425.98,66033.78,38740.77,20721.36
Z-133,131024.39,111090.76,137009.8,37295.47,68277.06,86047.16,97934.2,inf,99925.55,132148.22,106850.88,100467.59,105075.97,100419.06,123799.93,14707.37,62187.73,177898.55,110250.88,134716.85,197199.97,138011.13,116022.89,97140.64,inf,114324.87,138086.62,142289.1,209424.87,32782.56,111881.01,116621.83,68509.9,112237.13,64165.3,35932.94,73498.65,186397.91,inf,inf,108633.01,138240.33,130620.91,133843.91,98222.93,113521.13,98465.61,93659.59,70854.61,88618.06,177856.4,185981.77,108943.1,inf,148754.69,49147.31,140053.47,76783.4,84656.57,86786.43,135022.45,114673.67,56022.83,71491.23,145091.19,60325.23,83800.59,149093.65,126394.5,119699.15,92084.97,90926.14,85656.41,119382.16,151907.06,79897.52,83938.8,105449.88,157587.62,109338.02,58903.3,115690.2,138982.7,95247.66,49817.46,117732.06,51985.88,100000.02,167882.85,85626.95,88550.28,142491.24,97557.27,133518.74,90104.9,67097.34,104455.74,50269.9,103697.83,130496.9,58451.37,142447.85,81165.33,33365.28,44042.35,95268.89,150843.63,inf,81016.93,65306.94,inf,83437.92,110097.4,47659.65,95852.73,96124.58,129325.05,50853.02,95934.39,95377.41,114328.88,91499.23,13718.25,145091.13,inf,80174.77,85708.59,88205.71,129913.13,139733.19,86951.77,113955.04,inf,77015.01,inf,104113.38,122535.55
Z-134,92180.58,47182.67,79121.96,92197.01,inf,133284.92,94964.57,104753.35,inf,43244.45,146779.2,65942.26,47641.22,91532.06,55656.18,90179.49,inf,137691.58,97489.55,82806.34,inf,82739.68,114612.35,114482.29,108301.55,117802.97,164619.18,159204.61,inf,187851.14,129977.25,95247.72,158885.73,88909.64,65931.55,111102.69,118790.65,184156.07,168898.69,121420.64,132598.57,31784.92,94404.68,62627.62,103815.88,60550.44,inf,76176.17,53834.96,97262.02,145290.91,56741.33,81275.06,51925.41,124792.67,84097.73,105933.07,113228.12,100277.76,119726.4,67058.79,131098.74,105451.37,765.92,74640.95,207263.1,41521.87,147890.46,53559.52,125185.49,inf,63921.82,154949.78,120956.09,53075.78,93200.78,115245.31,93537.84,inf,122901.92,71100.97,inf,168720.37,inf,154321.21,111739.01,124112.28,111262.61,83251.48,116146.73,120572.04,91260.35,68450.9,97130.54,117380.75,210828.91,116222.85,132020.59,142225.89,65895.36,24974.8,118497.23,49331.09,122338.77,71445.38,31683.78,69137.59,89629.93,123331.66,222413.2,80024.63,88401.84,63116.89,44724.97,96051.59,114914.89,155333.24,129229.42,144230.88,89178.08,inf,27514.38,128121.83,108735.93,115688.85,134131.09,52343.53,67452.04,119109.31,141973.62,61791.34,124943.41,93563.75,inf,130545.94,127307.99,120054.37
Z-135,115313.73,107287.39,59774.0,107771.28,156504.66,80433.62,123361.23,33912.88,100689.31,inf,106222.92,122103.53,51010.69,80424.19,71040.95,123020.86,75762.83,122316.32,78898.03,60309.81,145852.92,64652.16,58154.08,185824.12,101332.47,129799.37,118363.47,80780.24,62217.79,102263.99,125613.94,58728.14,104733.02,122398.16,109746.49,97336.24,93042.28,84297.36,126459.75,56320.46,76959.52,39692.14,56621.8,55603.3,65072.11,107956.29,185993.41,158481.77,89101.77,107754.73,88366.54,137257.62,132021.93,124442.77,60480.71,107754.33,101118.46,93565.79,155533.45,59938.94,122982.46,85424.82,105592.26,97298.06,71427.36,147834.78,270.94,118775.46,136858.29,167856.09,35818.23,82205.27,143954.05,111303.97,152779.73,90543.12,38788.34,93251.54,40484.9,inf,93159.57,127996.88,41037.07,76183.25,70033.98,89112.81,136782.13,109085.65,123982.22,111980.58,56223.83,inf,130186.84,90364.72,203069.63,127447.18,inf,121964.5,45862.97,80900.8,41507.75,64833.43,115262.38,151974.64,115885.73,133232.33,121790.22,31012.97,140669.57,150240.6,115245.23,92654.35,63370.14,65792.04,44478.71,17529.39,132787.34,127621.12,105741.36,140470.67,54809.78,180921.38,inf,102917.14,87025.69,inf,111008.92,124244.61,58096.65,inf,71000.81,124979.46,64453.96,153087.61,inf,63447.54,159378.08
Z-136,37796.38,23689.08,100910.32,126563.15,9031.65,141129.41,50507.3,inf,89583.65,59949.22,129686.27,77926.28,94130.03,146037.3,113611.29,154077.79,70050.97,136663.65,95933.0,23616.15,77829.06,9115.69,83817.08,135374.06,177634.15,84178.24,99912.41,95516.59,77482.83,inf,inf,88034.16,81397.26,83068.73,71983.77,223869.14,99821.16,42512.55,87409.8,145897.72,113398.96,106158.22,64977.49,127264.44,61619.91,84725.36,38634.9,54313.38,67344.43,106425.3,113262.65,77484.72,133911.88,114261.67,48433.03,37051.28,95323.95,121112.22,162366.91,169.74,90041.46,114078.7,74311.36,68643.05,129892.82,74750.19,82411.76,inf,130213.33,92693.21,47621.71,inf,47589.17,97159.69,67566.04,138807.43,110602.66,inf,71831.22,58464.66,23552.55,172230.66,94741.28,102100.83,98736.98,61714.54,91535.11,60070.99,107128.5,inf,inf,156173.51,140746.23,42545.14,inf,148742.48,inf,125583.25,67860.12,138364.65,55118.66,92748.81,122570.23,161939.91,119925.94,111398.25,70590.25,74313.24,inf,inf,140576.2,120895.92,200499.88,120518.71,151728.73,134474.37,57242.29,101306.38,89628.89,110157.18,135695.03,51340.13,205876.94,41592.64,88988.55,193216.34,164743.34,93095.36,132537.03,168730.14,inf,171811.39,85702.2,97162.76,167189.79,inf,90000.34
Z-137,21117.79,92948.04,99191.15,138420.26,106798.29,118044.36,138969.3,153931.01,45709.11,89375.95,25196.55,inf,62554.34,18729.82,120944.57,138326.99,43982.45,145437.39,99868.34,92156.47,57843.49,123415.13,86782.21,51578.06,95268.21,162248.09,88870.96,63223.73,136004.35,140125.72,inf,82774.08,177345.04,104788.01,106046.45,inf,134086.14,95676.06,108782.19,58963.63,63373.8,121016.78,62771.28,73111.53,158153.3,inf,68243.52,117544.9,116364.4,101902.95,155009.51,120811.41,113850.18,104496.7,160347.26,84599.38,106599.58,44295.19,113872.31,95047.43,37483.61,120291.83,53911.18,97453.14,65426.11,159119.46,40724.68,62279.26,198299.02,69973.39,84239.83,129298.43,120280.27,85252.03,106761.93,133956.57,101567.18,63686.94,155892.77,97079.95,128720.66,87410.24,80409.22,84172.71,99554.33,128250.98,106330.87,69452.66,136310.35,31355.01,60787.28,112930.25,139612.82,109964.07,76906.81,54574.15,59603.83,inf,78595.6,49405.91,92839.28,56434.49,113230.8,126939.46,147850.18,20667.94,123597.55,139264.19,169739.68,83635.11,46842.51,175389.6,91406.48,154406.52,17072.77,58493.65,75703.88,110276.83,95208.79,96548.59,138127.22,88834.42,65858.59,122758.26,130676.68,72622.97,97315.09,inf,67759.49,165627.87,inf,94667.4,124758.83,118662.1,83005.79,111606.5,inf
